study,model,seed,n,events,ipcw_evaluable_weight,ipcw_brier,harrell_c,uno_c,auc_horizon,calibration_in_the_large,calibration_slope,mean_predicted_risk
RADCURE,B0,17,1215.0,526.0,1214.9945264553016,0.1647339279835152,0.4861021759061045,0.47067265706042977,0.46815953050784886,8.931225163188224e-06,-3.9679103483970146,0.20764133009395125
RADCURE,B0,29,1215.0,526.0,1214.9945264553016,0.16458049002073438,0.4929558206104731,0.4858427701137753,0.48296094580454185,-2.0790472572539934e-05,-4.00486800250022,0.20764379184634485
RADCURE,B0,43,1215.0,526.0,1214.9945264553016,0.16488625421713662,0.4812894939174604,0.4644284623062714,0.45946898830240257,-0.0001240306341011859,-3.8743961152924467,0.20764755338513885
RADCURE,B0,71,1215.0,526.0,1214.9945264553016,0.1646864247924812,0.49306902062930247,0.47596243357561646,0.47213434600470927,3.0194757406249415e-06,-3.991511193997943,0.20764408439582394
RADCURE,B0,101,1215.0,526.0,1214.9945264553016,0.1645606690964285,0.4950965338378393,0.48805581708490287,0.48714610390400326,-4.2249830027737136e-05,-4.191495130543976,0.2076429769715805
RADCURE,B1,17,1215.0,526.0,1214.9945264553016,0.1400284358833598,0.6914145070867695,0.7167994274915365,0.7375928439663917,0.008777983525845946,0.7653358377762746,0.20646274291891586
RADCURE,B1,29,1215.0,526.0,1214.9945264553016,0.13608080518312082,0.7126221383371477,0.7414570780048156,0.765991379221897,-0.018335638794848893,0.8361513306886064,0.20987264727836774
RADCURE,B1,43,1215.0,526.0,1214.9945264553016,0.14029733215182397,0.7306646522293679,0.7612425635639277,0.7859867187902891,-0.0010009483383560122,0.6288457017815051,0.20764108349998533
RADCURE,B1,71,1215.0,526.0,1214.9945264553016,0.1356599508821463,0.7114654807190106,0.7442756905136518,0.7680020789906693,0.01276968374993629,0.8212759276394679,0.20596577121761295
RADCURE,B1,101,1215.0,526.0,1214.9945264553016,0.14002133170608952,0.7159374418589012,0.7490641239333409,0.7729399384626527,0.004101282633071467,0.6027108075495717,0.20697127820265712
RADCURE,B2,17,1215.0,526.0,1214.9945264553016,0.14849581557562264,0.7039864339304167,0.7151053650668666,0.742787731519069,-0.014032127660366038,1.5086005892644547,0.20993982708335318
RADCURE,B2,29,1215.0,526.0,1214.9945264553016,0.14889839868756585,0.7039696220464322,0.7131346482629264,0.7404718727695407,-0.012880414377522404,1.5181626614134514,0.20978400497071797
RADCURE,B2,43,1215.0,526.0,1214.9945264553016,0.14837584781680918,0.7044896696576877,0.7154954599784262,0.7431182980415155,-0.021511976064498756,1.516522039648869,0.21105088861760027
RADCURE,B2,71,1215.0,526.0,1214.9945264553016,0.14852654974091709,0.7044325092521402,0.7130706016277997,0.74028241908567,-0.013522866546517662,1.5257223426665387,0.20983708495166734
RADCURE,B2,101,1215.0,526.0,1214.9945264553016,0.14793982080822182,0.7054995034890263,0.7162038339866568,0.7451359629582147,-0.019385957502596876,1.5533278888160293,0.2107390293639184
RADCURE,B3,17,1215.0,526.0,1214.9945264553016,0.13693532544748552,0.7401891449027489,0.7756015101014931,0.8027257400980967,0.007471196149734129,1.9153990223208388,0.20641104806521166
RADCURE,B3,29,1215.0,526.0,1214.9945264553016,0.13668559918116127,0.7426616126407435,0.7800986717964786,0.8072843721092351,0.00945178971895483,1.910329712576339,0.2061378849291118
RADCURE,B3,43,1215.0,526.0,1214.9945264553016,0.13668272469708664,0.7428969790165272,0.7791413833516446,0.8070776954371732,-0.007595860420003972,1.9051961286873749,0.20865169625196744
RADCURE,B3,71,1215.0,526.0,1214.9945264553016,0.13688694258021997,0.7435806622985656,0.7786674738985453,0.8057386325717657,0.015641216654006296,1.944324658219539,0.20515107898975582
RADCURE,B3,101,1215.0,526.0,1214.9945264553016,0.1364288001790964,0.742740068099338,0.7799379338404884,0.8085982843627129,0.002036491015792347,1.9483047772247561,0.20720666950238165
RADCURE,M0,17,1215.0,526.0,1214.9945264553016,0.16481702732478803,0.49762728277364704,0.4888666743578729,0.4861408361351059,0.0015761887883204782,-3.611970669306119,0.2073833875076741
RADCURE,M0,29,1215.0,526.0,1214.9945264553016,0.16467937145692702,0.500987417986026,0.48314846585465127,0.4836735169076907,-0.00011660652832127792,-2.9712109946065213,0.20766423549382468
RADCURE,M0,43,1215.0,526.0,1214.9945264553016,0.1650296655188238,0.5028737113690925,0.4855823532675665,0.4838072542261042,-0.0010036187273438542,-3.450880245946151,0.20779175479158615
RADCURE,M0,71,1215.0,526.0,1214.9945264553016,0.1647557778558278,0.5068088130137431,0.4881452475600562,0.4849119357037959,0.0010625000669526043,-3.597633556234656,0.20747218543228818
RADCURE,M0,101,1215.0,526.0,1214.9945264553016,0.1645770047053253,0.5075137913488287,0.4967533003811047,0.4980833893999511,0.0009079920691365123,-1.4252173568698803,0.2074877422534927
HANCOCK,B0,17,489.0,135.0,488.8486702563916,0.11608377139964593,0.47336827429515643,0.41683016734322326,0.4236439212370955,0.00039706548915451013,-3.780698515637384,0.13337207506541257
HANCOCK,B0,29,489.0,135.0,488.8486702563916,0.11570746088306975,0.4918671899204792,0.44681921047185325,0.4438053947379839,-0.0028365439081842747,-4.130067153405172,0.13335184077705353
HANCOCK,B0,43,489.0,135.0,488.8486702563916,0.11597375791015295,0.4759243003201487,0.42548861945076605,0.4220403796637344,-0.00153844399842103,-4.221147687163998,0.1333590315933057
HANCOCK,B0,71,489.0,135.0,488.8486702563916,0.11573239922463703,0.5018976556852215,0.4428947860262318,0.443571880558267,-0.0006896655719200977,-3.9731463342591717,0.1333403191137307
HANCOCK,B0,101,489.0,135.0,488.8486702563916,0.11540784275070458,0.5129479500154911,0.4887309804041628,0.48386328579815346,-0.0021083953833439793,-3.9029033957544845,0.13337769575183397
HANCOCK,B1,17,489.0,135.0,488.8486702563916,0.11231531194313621,0.6177579262625219,0.6775358444044007,0.684210432022736,-0.009847087813149337,0.30444052422146184,0.13631332711097457
HANCOCK,B1,29,489.0,135.0,488.8486702563916,0.10844540175329963,0.6067592688216462,0.6545904456012412,0.671794196368973,-0.01076352691694788,0.3563773263380389,0.13668828369760988
HANCOCK,B1,43,489.0,135.0,488.8486702563916,0.10932730820671252,0.6209594134049364,0.6454715892369567,0.6601218963643197,-0.025030362941669007,0.3090230801527102,0.13826538695428314
HANCOCK,B1,71,489.0,135.0,488.8486702563916,0.10516830700091626,0.6165702778064649,0.6704459933483875,0.6777207553459226,-0.02622598374893221,0.3310107789393101,0.13796407920439172
HANCOCK,B1,101,489.0,135.0,488.8486702563916,0.10947594898432779,0.6256841887844676,0.6561806939776016,0.6681914953679933,0.03673119827702024,0.3672737475490553,0.134471709656967
HANCOCK,B2,17,489.0,135.0,488.8486702563916,0.11080140934597,0.6591061654445937,0.7079161081481299,0.7262695984120152,-0.0066938374187132405,1.4084005125393595,0.1357280133679661
HANCOCK,B2,29,489.0,135.0,488.8486702563916,0.11057354679016557,0.6676520706392647,0.7080323269680058,0.727551940446864,-0.02220112166599486,1.29299188157093,0.13685595474808165
HANCOCK,B2,43,489.0,135.0,488.8486702563916,0.11292847619454685,0.6539424765052153,0.7030120146179656,0.7215265750233203,-0.01744269741499832,0.8541158098915054,0.13614449772616713
HANCOCK,B2,71,489.0,135.0,488.8486702563916,0.10963220571763181,0.6806258390994526,0.71767952350543,0.7348779132381548,-0.018632488869790752,1.4818894283279505,0.13674570171950626
HANCOCK,B2,101,489.0,135.0,488.8486702563916,0.11081136142796215,0.6606939997934524,0.7044138400922381,0.7221336405268475,-0.011408200751150743,1.446894574711874,0.13566006147395646
HANCOCK,B3,17,489.0,135.0,488.8486702563916,0.10366305604591268,0.6834916864608076,0.7486974155679337,0.7765114976723373,0.025367223094727102,1.7200881122190164,0.13259759697656517
HANCOCK,B3,29,489.0,135.0,488.8486702563916,0.10414583066998488,0.6900495714138181,0.7378870115632918,0.7648853812218763,0.01525428223500429,1.6239883362511978,0.13311220425298778
HANCOCK,B3,43,489.0,135.0,488.8486702563916,0.10380973563749887,0.6915212227615408,0.7469495196150482,0.7749273598461037,0.02755158104963251,1.6526712891251094,0.13158054404749994
HANCOCK,B3,71,489.0,135.0,488.8486702563916,0.10291068190101786,0.7074382939171744,0.7576992959431857,0.787122401759292,0.013999719735513505,1.7902135982116794,0.13335457213584617
HANCOCK,B3,101,489.0,135.0,488.8486702563916,0.10391893583768777,0.6744035939275018,0.7321986795474169,0.7577151611925573,0.011659839765460494,1.655108199242693,0.13360717762360116
HANCOCK,B4,17,489.0,135.0,488.8486702563916,0.1088910216127084,0.6447252917484251,0.6725546249049124,0.689967548592469,0.0023785093231854177,1.2889213134893278,0.1369196584616121
HANCOCK,B4,29,489.0,135.0,488.8486702563916,0.10739925400936841,0.6454482081999381,0.6857757249425125,0.704747237544624,0.0064107851363960034,1.563629317457481,0.13500766244339346
HANCOCK,B4,43,489.0,135.0,488.8486702563916,0.10663796102322165,0.6374057626768563,0.6811355861305819,0.698937688474266,-0.011075277870649115,1.4627241035872145,0.13668971714653555
HANCOCK,B4,71,489.0,135.0,488.8486702563916,0.1083750933854653,0.6412527109366932,0.680182253073456,0.6990115659406009,-0.003842795368016593,1.4276756045613705,0.13657947798935502
HANCOCK,B4,101,489.0,135.0,488.8486702563916,0.1082503631706555,0.6416787152741918,0.6750831559102122,0.6913112306048702,0.0014895852088555347,1.407778884766476,0.1349110275120709
HANCOCK,B5,17,489.0,135.0,488.8486702563916,0.10602172136906839,0.6759268821646184,0.7193705349827106,0.7405752337886146,-0.004378335977921811,1.2753123045565296,0.13851308910614918
HANCOCK,B5,29,489.0,135.0,488.8486702563916,0.1038633491736886,0.6945419807910771,0.7447815632661505,0.7662933767155237,-0.015134505644874932,1.409019276401617,0.13771895599310496
HANCOCK,B5,43,489.0,135.0,488.8486702563916,0.10511057434513596,0.6692140865434266,0.7249940833156022,0.744692620440432,-0.02811685118873533,1.1913196723495372,0.13864986256416617
HANCOCK,B5,71,489.0,135.0,488.8486702563916,0.10470670290421252,0.681968398223691,0.7285853221352165,0.7510441809605071,-0.02026357150840613,1.318482288300358,0.13874338302233752
HANCOCK,B5,101,489.0,135.0,488.8486702563916,0.10619089151713423,0.6729835794691728,0.7153195039873231,0.7337842655699506,-0.0022404239093370914,1.2285195967059581,0.13574001405597538
HANCOCK,M0,17,489.0,135.0,488.8486702563916,0.11545684054774848,0.5736858411649283,0.6110739469086284,0.6206866871762466,0.0002987537007831117,0.15942040773495908,0.13344563993246625
HANCOCK,M0,29,489.0,135.0,488.8486702563916,0.11524574338893752,0.5582076835691417,0.5938647384486172,0.5976790358267631,-0.006122189917799779,1.1698076256994085,0.13363716193891584
HANCOCK,M0,43,489.0,135.0,488.8486702563916,0.115381835315216,0.5731823814933389,0.6073200904403959,0.6137310190487353,0.001035797427337663,0.6004309110679171,0.1331133509844969
HANCOCK,M0,71,489.0,135.0,488.8486702563916,0.1151072752218495,0.5745120313952288,0.6036043347852416,0.6069399544735588,-0.0018493183289860634,1.8380228739848745,0.13345882996682013
HANCOCK,M0,101,489.0,135.0,488.8486702563916,0.11474612495819039,0.5735438397190953,0.5925156327547453,0.5968852320826525,-0.002250434010336536,8.191565804608713,0.13338970975213474
HANCOCK,N0,17,489.0,135.0,488.8486702563916,0.11702118922765939,0.4590003098213364,0.454495875863506,0.44096347879184655,0.007162461630453882,-2.2095860421954385,0.1322341952989596
HANCOCK,N0,29,489.0,135.0,488.8486702563916,0.11696578120921913,0.47578229887431583,0.4425363337680656,0.4321205571352921,-0.008719429282683561,-1.5074255734971038,0.1337936690584498
HANCOCK,N0,43,489.0,135.0,488.8486702563916,0.11646959910487645,0.49287410926365793,0.5084823038807289,0.5078009754316102,0.0011498011193532304,-1.3974480465251355,0.13299296480519518
HANCOCK,N0,71,489.0,135.0,488.8486702563916,0.11571029538387624,0.5209387586491789,0.5048332308093404,0.5037194721386591,-0.007496023552372312,0.06825933801815197,0.13364261147311318
HANCOCK,N0,101,489.0,135.0,488.8486702563916,0.11511944653878801,0.5032531240318083,0.5352777127374296,0.543907044713015,0.0060330883555572475,0.9080415583484761,0.13260642091843722
TCGA-HNSC,B0,17,415.0,177.0,414.646498814596,0.22478790506261467,0.4772783403309459,0.4565670459053515,0.43499320117852236,-0.002417002811543039,-3.8969562260372363,0.3373519272096515
TCGA-HNSC,B0,29,415.0,177.0,414.646498814596,0.22377763498652295,0.4736859830710164,0.4681796868166503,0.4614009674651075,-0.0016507769343286276,-3.8662002208793975,0.3374059336333764
TCGA-HNSC,B0,43,415.0,177.0,414.646498814596,0.2232733231273517,0.4913334381104201,0.4929847098596274,0.4890383428674451,-0.002432708867649263,-6.705319705045256,0.3373976085940579
TCGA-HNSC,B0,71,415.0,177.0,414.646498814596,0.224630598940955,0.4519297694155684,0.4483276115346575,0.4312703342486066,-0.0034535496115005396,-5.117771849773655,0.337314866280083
TCGA-HNSC,B0,101,415.0,177.0,414.646498814596,0.2232831916990007,0.5149531870944566,0.5064011195261572,0.4854813772952121,-0.0026306775684572753,-5.050403826444424,0.3374594498379695
TCGA-HNSC,B1,17,415.0,177.0,414.646498814596,0.23659231273609663,0.5385504838456184,0.5280914438712211,0.5174771956885895,0.01507710443386727,-0.012824060704026958,0.3281163646320261
TCGA-HNSC,B1,29,415.0,177.0,414.646498814596,0.23643679526115768,0.5719145018972137,0.5563729721345055,0.5358594452960215,0.021720806662413696,0.0495402253446905,0.324647854821719
TCGA-HNSC,B1,43,415.0,177.0,414.646498814596,0.23972795654502774,0.5565459484945778,0.5390054376013151,0.5182451630189796,0.009731893054280396,-0.009967167674543753,0.3273573859911209
TCGA-HNSC,B1,71,415.0,177.0,414.646498814596,0.24077819713446869,0.5577246907204921,0.5484594144502475,0.5263540846023199,0.021557107393120944,0.017983432821275323,0.3229406478488983
TCGA-HNSC,B1,101,415.0,177.0,414.646498814596,0.2393064171088425,0.5527515211387772,0.5384412600195848,0.5223728159130454,-0.006748824955254829,-0.003582393197253934,0.3291493975042041
TCGA-HNSC,B2,17,415.0,177.0,414.646498814596,0.22105145700322007,0.5766856013830576,0.5732930751117962,0.5690382287880034,-0.019379489576513278,0.7172658248114199,0.33884749565705446
TCGA-HNSC,B2,29,415.0,177.0,414.646498814596,0.21936098191514325,0.5741821774175442,0.5736786515186368,0.5729753520647576,-0.013756503020929761,0.9624189434333168,0.3381409092379037
TCGA-HNSC,B2,43,415.0,177.0,414.646498814596,0.22106159830183578,0.565785042322459,0.5602606827628837,0.5517413178538157,-0.01974273748980812,0.738724123794591,0.33894303182217367
TCGA-HNSC,B2,71,415.0,177.0,414.646498814596,0.22308919477366668,0.566065695233391,0.5636196847863992,0.5513782556118669,-0.0059743434417774,0.44134702798712183,0.3348107506771694
TCGA-HNSC,B2,101,415.0,177.0,414.646498814596,0.218964431655873,0.5814117964031523,0.5778637549751694,0.5738902437728532,-0.01703330391174782,1.014209722658491,0.3382623226950991
TCGA-HNSC,B3,17,415.0,177.0,414.646498814596,0.22090716576863992,0.5932553492444823,0.5861237619851448,0.5775700128484503,-0.014174558759283341,0.8659749869337692,0.3376129351885174
TCGA-HNSC,B3,29,415.0,177.0,414.646498814596,0.2204692873893501,0.599261321538427,0.5906786692884257,0.5778173017295682,-0.01520819469599029,1.0062941840306998,0.337674444709999
TCGA-HNSC,B3,43,415.0,177.0,414.646498814596,0.22326484698545795,0.5729922090751925,0.5586342507582638,0.5427509987902597,-0.007849178916234233,0.4710027650253026,0.336797084399075
TCGA-HNSC,B3,71,415.0,177.0,414.646498814596,0.22143818648997848,0.6020678506477469,0.5932981920467904,0.5844059159370074,-0.01484557176231341,0.7660134632687843,0.3362891707937565
TCGA-HNSC,B3,101,415.0,177.0,414.646498814596,0.22076935436552786,0.5942320213745257,0.5795387607850098,0.5679526905963909,-0.00834166115217274,0.9769986433917452,0.3361350366034974
TCGA-HNSC,B4,17,415.0,177.0,414.646498814596,0.2310950307823645,0.5752262062462112,0.578377730352454,0.6035766924727799,-0.11509085235238511,0.333370359318109,0.35777017854708015
TCGA-HNSC,B4,29,415.0,177.0,414.646498814596,0.22380143261672872,0.5832641056153034,0.5860456433061945,0.6183055426634334,-0.0874314578879479,0.4451742834357364,0.3547243010102128
TCGA-HNSC,B4,43,415.0,177.0,414.646498814596,0.238768741691162,0.5622039111789667,0.5655835518126399,0.5854703257047443,-0.1378289438941123,0.2838796870568098,0.3605457783998771
TCGA-HNSC,B4,71,415.0,177.0,414.646498814596,0.22853567545482295,0.5816250926154606,0.5846957136940454,0.6055908710760292,-0.14248302118458595,0.3893431934137494,0.3609084590979515
TCGA-HNSC,B4,101,415.0,177.0,414.646498814596,0.22044363188815425,0.606524618873347,0.6052787574337406,0.630522958894823,-0.10547473418225155,0.4962135485830221,0.35823336602652284
TCGA-HNSC,B5,17,415.0,177.0,414.646498814596,0.22296683404026618,0.6018994589011877,0.606473047897449,0.6334902130460303,-0.11415726183306939,0.42072332900941806,0.3567648152381592
TCGA-HNSC,B5,29,415.0,177.0,414.646498814596,0.21817392535695557,0.6088596510923011,0.6150396720415445,0.6465571695903206,-0.08711262908416859,0.48671038224021923,0.3520796880337992
TCGA-HNSC,B5,43,415.0,177.0,414.646498814596,0.23572817230888407,0.5800309840813669,0.5827601557433527,0.5948847079767906,-0.1592189761452217,0.34063604556591776,0.3608226573135574
TCGA-HNSC,B5,71,415.0,177.0,414.646498814596,0.22511859924988792,0.5991378342576169,0.6028308573454499,0.6207593839879206,-0.15128444771788474,0.43336188579227525,0.3595781173177626
TCGA-HNSC,B5,101,415.0,177.0,414.646498814596,0.21755468335786776,0.6227575832416534,0.6225087305798491,0.6442343490094005,-0.1336414800436301,0.5154110442480512,0.35998091999290566
TCGA-HNSC,M0,17,415.0,177.0,414.646498814596,0.22478790506261467,0.4772783403309459,0.4565670459053515,0.43499320117852236,-0.002417002811543039,-3.8969562260372363,0.3373519272096515
TCGA-HNSC,M0,29,415.0,177.0,414.646498814596,0.22377763498652295,0.4736859830710164,0.4681796868166503,0.4614009674651075,-0.0016507769343286276,-3.8662002208793975,0.3374059336333764
TCGA-HNSC,M0,43,415.0,177.0,414.646498814596,0.2232733231273517,0.4913334381104201,0.4929847098596274,0.4890383428674451,-0.002432708867649263,-6.705319705045256,0.3373976085940579
TCGA-HNSC,M0,71,415.0,177.0,414.646498814596,0.224630598940955,0.4519297694155684,0.4483276115346575,0.4312703342486066,-0.0034535496115005396,-5.117771849773655,0.337314866280083
TCGA-HNSC,M0,101,415.0,177.0,414.646498814596,0.2232831916990007,0.5149531870944566,0.5064011195261572,0.4854813772952121,-0.0026306775684572753,-5.050403826444424,0.3374594498379695
TCGA-HNSC,N0,17,415.0,177.0,414.646498814596,0.26535193224672504,0.4757852668447877,0.4793161958427119,0.46343575250158775,-0.09528230788292068,-0.25961968066796276,0.3520561006294683
TCGA-HNSC,N0,29,415.0,177.0,414.646498814596,0.2267733822649651,0.5274927591548979,0.5346615570103915,0.5682146778274904,-0.023538910021787166,0.38029927792862345,0.34868779287486945
TCGA-HNSC,N0,43,415.0,177.0,414.646498814596,0.2581614835520457,0.48344147825501244,0.4751315883245685,0.4660242827587254,-0.0954726604302103,-0.16770010838937482,0.35332775305082226
TCGA-HNSC,N0,71,415.0,177.0,414.646498814596,0.23590685887869534,0.5144031073890298,0.5127168802018294,0.5234798778130804,-0.07697422759222175,0.1478898055254241,0.36172217702232534
TCGA-HNSC,N0,101,415.0,177.0,414.646498814596,0.2266710930149634,0.5556703114124699,0.5717739333104491,0.5762698509549757,-0.07999220669660458,0.37949165390982975,0.35009768200690167
