study,partition,seed,indicator,mean,sd,median,q90,max
HANCOCK,oof,17,clinical_ood_mahalanobis,6.5207167276924745,2.584175718568498,5.714457669534539,9.158289143535653,20.983949288568294
HANCOCK,oof,17,clinical_ood_knn,7.047408047781075,2.607837152245727,6.466306791544149,9.891796964232407,21.367924714705588
HANCOCK,oof,17,clinical_ood_isolation_forest,0.4126087194143706,0.04484516961367974,0.4007891897447849,0.47199458600108557,0.6291287811343599
HANCOCK,oof,17,clinical_uncertainty_sd,0.028986582488670726,0.023059420146534147,0.02321895956529158,0.04392183108170798,0.2539053866639444
HANCOCK,oof,17,clinical_uncertainty_width95,0.09502659520632711,0.07234612469599899,0.07642867857181494,0.1439328216714664,0.79349451150394
HANCOCK,oof,17,clinical_model_disagreement,0.048414226895581634,0.04742300536883422,0.04040616551994569,0.09146087868863698,0.6884928227127772
HANCOCK,oof,17,modality_ood_mahalanobis,4.543739140686528,1.9172771589068867,4.113298772710387,6.404807760729345,27.783464289455036
HANCOCK,oof,17,modality_ood_knn,3.7579983039308127,1.360155324178996,3.671276414004866,5.244413019635038,10.516159682803229
HANCOCK,oof,17,modality_ood_isolation_forest,0.42747064888053127,0.06350882230491034,0.40958117659940274,0.5183482528524059,0.6792316096743005
HANCOCK,oof,17,fusion_uncertainty_sd,0.039412410769469323,0.030354487830761962,0.03000024375356166,0.07251421912861739,0.21944064596779497
HANCOCK,oof,17,fusion_uncertainty_width95,0.13126134090782432,0.09905627768089155,0.10103137358741174,0.24219602832027826,0.6984150304029123
HANCOCK,oof,17,perturbation_sensitivity,0.061696864994075964,0.06577296576709314,0.041771590716398466,0.14229230569200324,0.4313174052946498
HANCOCK,oof,17,modality_missingness,0.10408997955010225,0.2570195662996501,0.0,0.8,1.0
HANCOCK,oof,17,fusion_disagreement,0.008375963873272205,0.01758430086394003,0.0044606223791705535,0.013512082382860346,0.21606492277501743
HANCOCK,oof,17,clinical_ood_rank,0.4714707164169097,0.2809879231551466,0.42622950819672134,0.8748633879781421,1.0
HANCOCK,oof,17,modality_ood_rank,0.48855140970196786,0.25714785158531855,0.4453551912568306,0.8551912568306012,0.983606557377049
HANCOCK,oof,17,clinical_unreliability,0.4988322326147932,0.21648560682533505,0.4799635701275045,0.8218579234972678,0.9936247723132969
HANCOCK,oof,17,modality_unreliability,0.5663414797680109,0.14329719623352374,0.560655737704918,0.763497267759563,0.9300546448087431
HANCOCK,calibration,17,clinical_ood_mahalanobis,6.742647563317895,2.5284202421747337,6.070819778536446,9.432602924703671,15.373980926563425
HANCOCK,calibration,17,clinical_ood_knn,7.166679745481748,2.436412040287494,6.831999648219512,9.945106654308278,15.1106325755189
HANCOCK,calibration,17,clinical_ood_isolation_forest,0.4176410040615445,0.04746459563301735,0.40521235213010454,0.4797811480206906,0.588976474584155
HANCOCK,calibration,17,clinical_uncertainty_sd,0.02426232202667556,0.009081549792211967,0.021758927243575935,0.03639293657255775,0.07097718797891152
HANCOCK,calibration,17,clinical_uncertainty_width95,0.08211449040157333,0.02954641175097195,0.07299015235335218,0.11577865052655242,0.24461149113461883
HANCOCK,calibration,17,clinical_model_disagreement,0.04918249935816308,0.035449049474293656,0.04378334357904745,0.08910107544614579,0.21208234307683838
HANCOCK,calibration,17,modality_ood_mahalanobis,4.562916267561947,1.555081839510035,4.418693814393212,6.157167705961204,10.623923468936084
HANCOCK,calibration,17,modality_ood_knn,3.6948562479376688,1.5104703539572761,3.7347969814974613,5.016852345408853,9.805607003696286
HANCOCK,calibration,17,modality_ood_isolation_forest,0.4357560082662887,0.068966522934008,0.41474716494234476,0.5245555558510883,0.670657724667722
HANCOCK,calibration,17,fusion_uncertainty_sd,0.03342373195213462,0.03267281068686396,0.02390589961844545,0.05356539245121521,0.24068806922179126
HANCOCK,calibration,17,fusion_uncertainty_width95,0.11273429276920924,0.10749966878242692,0.08154539802543762,0.19525824422029434,0.7447425951167016
HANCOCK,calibration,17,perturbation_sensitivity,0.07301825991256591,0.09169688690634532,0.039214571707161416,0.19452201459467086,0.40257186918226584
HANCOCK,calibration,17,modality_missingness,0.13524590163934427,0.28637723810339016,0.0,0.8,0.95
HANCOCK,calibration,17,fusion_disagreement,0.007881517870531698,0.010733191953060767,0.004875914821625027,0.014860075158349952,0.06013181297796899
HANCOCK,calibration,17,clinical_ood_rank,0.5040983606557379,0.2856330048463123,0.5013661202185793,0.8986338797814208,1.0
HANCOCK,calibration,17,modality_ood_rank,0.5040983606557377,0.25073190029440945,0.4713114754098361,0.8385245901639343,0.9890710382513661
HANCOCK,calibration,17,clinical_unreliability,0.5040983606557377,0.2029395879238464,0.47996357012750457,0.8057377049180328,0.9371584699453552
HANCOCK,calibration,17,modality_unreliability,0.5557780166621876,0.1443349991082372,0.5385245901639344,0.7351912568306012,0.96448087431694
HANCOCK,oof,29,clinical_ood_mahalanobis,6.492664555212402,2.4993923733846355,5.767545441566335,9.160691373929811,21.57587669585754
HANCOCK,oof,29,clinical_ood_knn,7.0107980808842525,2.5149244182446493,6.408448312277498,9.86203828305408,21.9606373097075
HANCOCK,oof,29,clinical_ood_isolation_forest,0.41562389154499146,0.045878066469474565,0.40180322034194693,0.4738011327652781,0.6286072537808137
HANCOCK,oof,29,clinical_uncertainty_sd,0.02960406234111848,0.023692163326407858,0.023401178408561544,0.04561189327542264,0.2716757784665694
HANCOCK,oof,29,clinical_uncertainty_width95,0.09805412095541344,0.07726669765700857,0.07669797709693063,0.14988323323480687,0.8449553530802791
HANCOCK,oof,29,clinical_model_disagreement,0.051218444772605176,0.051713851294079995,0.04132229094487416,0.0979330374622921,0.7547097512900035
HANCOCK,oof,29,modality_ood_mahalanobis,4.533184187707697,1.9046372617689142,4.1042507130045305,6.345801136142046,27.592882248406873
HANCOCK,oof,29,modality_ood_knn,3.74427637986772,1.3452671995622936,3.6839753064263534,5.250016682929146,10.230287909309222
HANCOCK,oof,29,modality_ood_isolation_forest,0.42716261400540273,0.06407661312680556,0.4082977723404384,0.5190120193163452,0.6714149384015796
HANCOCK,oof,29,fusion_uncertainty_sd,0.03741909995946051,0.02876554062533303,0.028618705921237792,0.070598127121924,0.26241699088108916
HANCOCK,oof,29,fusion_uncertainty_width95,0.12398726560609123,0.09374426529094841,0.09345706138258486,0.2352845574752824,0.7918754085020875
HANCOCK,oof,29,perturbation_sensitivity,0.05580076993214786,0.055751444967230744,0.038863132906124864,0.12798775262613415,0.2929759789952122
HANCOCK,oof,29,modality_missingness,0.10408997955010225,0.2570195662996501,0.0,0.8,1.0
HANCOCK,oof,29,fusion_disagreement,0.009039925414734494,0.023393012126522308,0.004538996506928017,0.014612039469294612,0.3204134574055906
HANCOCK,oof,29,clinical_ood_rank,0.47605797490138235,0.27701974896666665,0.4316939890710383,0.8743169398907105,1.0
HANCOCK,oof,29,modality_ood_rank,0.4879479700962151,0.2529828352848882,0.45081967213114754,0.8551912568306012,0.9754098360655737
HANCOCK,oof,29,clinical_unreliability,0.4995958444615792,0.20677385950933783,0.47449908925318757,0.813479052823315,0.9981785063752278
HANCOCK,oof,29,modality_unreliability,0.5500687250662106,0.1471312806560531,0.53551912568306,0.7522404371584699,0.9136612021857922
HANCOCK,calibration,29,clinical_ood_mahalanobis,6.742647563317895,2.5284202421747337,6.070819778536446,9.432602924703671,15.373980926563425
HANCOCK,calibration,29,clinical_ood_knn,7.166679745481748,2.436412040287494,6.831999648219512,9.945106654308278,15.1106325755189
HANCOCK,calibration,29,clinical_ood_isolation_forest,0.417887146596631,0.047427445455556286,0.40717985661419626,0.4859373931229388,0.5687139973969209
HANCOCK,calibration,29,clinical_uncertainty_sd,0.025162605212486058,0.011955106943363396,0.02238509224012135,0.04094031194724305,0.08325616893100045
HANCOCK,calibration,29,clinical_uncertainty_width95,0.08386451795423676,0.039966165657786525,0.07534367343770518,0.12969099693604186,0.28037053597912076
HANCOCK,calibration,29,clinical_model_disagreement,0.05327009313230813,0.03843709774614026,0.04507780103296616,0.1025050382413044,0.20327978165073946
HANCOCK,calibration,29,modality_ood_mahalanobis,4.562916267561947,1.555081839510035,4.418693814393212,6.157167705961204,10.623923468936084
HANCOCK,calibration,29,modality_ood_knn,3.6948562479376688,1.5104703539572761,3.7347969814974613,5.016852345408853,9.805607003696286
HANCOCK,calibration,29,modality_ood_isolation_forest,0.43520374999667094,0.06963213987906798,0.4160798839492541,0.5277308570243704,0.6699681333286343
HANCOCK,calibration,29,fusion_uncertainty_sd,0.03557749971358148,0.03211808817274525,0.025920899464920905,0.051857214744587946,0.22722796589550454
HANCOCK,calibration,29,fusion_uncertainty_width95,0.11564765613842594,0.09989115076399312,0.08459142999727187,0.17440762815902922,0.619409652771896
HANCOCK,calibration,29,perturbation_sensitivity,0.06627732764938035,0.08756627987450369,0.03767405661116591,0.16749954294622676,0.4687550932829021
HANCOCK,calibration,29,modality_missingness,0.13524590163934427,0.28637723810339016,0.0,0.8,0.95
HANCOCK,calibration,29,fusion_disagreement,0.00879613039068762,0.012084950031698287,0.004946398926107043,0.018088260360110176,0.07652679556157338
HANCOCK,calibration,29,clinical_ood_rank,0.5040983606557377,0.2845960737378155,0.5013661202185793,0.8972677595628418,1.0
HANCOCK,calibration,29,modality_ood_rank,0.5040983606557378,0.2506876053934212,0.4685792349726776,0.8510928961748634,0.9863387978142076
HANCOCK,calibration,29,clinical_unreliability,0.5040983606557377,0.2059290435697647,0.47768670309653916,0.8033697632058288,0.918943533697632
HANCOCK,calibration,29,modality_unreliability,0.555764579414136,0.1369452261722898,0.5303278688524591,0.7489071038251367,0.9579234972677597
HANCOCK,oof,43,clinical_ood_mahalanobis,6.459554059576612,2.4791920921113277,5.718961850286513,8.957499665530408,21.572007089211116
HANCOCK,oof,43,clinical_ood_knn,6.995255687037743,2.5335116572111365,6.485173377743356,9.668275129252203,21.380661046079627
HANCOCK,oof,43,clinical_ood_isolation_forest,0.4158243441061522,0.044981304558557936,0.4044437091028395,0.47347376718973305,0.6418660161430835
HANCOCK,oof,43,clinical_uncertainty_sd,0.028791238824103702,0.023933484507434738,0.022504315917864753,0.047789400158820904,0.2587183921870086
HANCOCK,oof,43,clinical_uncertainty_width95,0.09537284300093778,0.07648810265977983,0.0753238903743737,0.16190464137656563,0.7176756334609455
HANCOCK,oof,43,clinical_model_disagreement,0.04992183466434071,0.05101424107559344,0.041433580663002845,0.09166608265919429,0.8092482622827424
HANCOCK,oof,43,modality_ood_mahalanobis,4.509768325952908,1.8477786096224473,4.098021711996476,6.417681695598628,26.502710796524454
HANCOCK,oof,43,modality_ood_knn,3.7378178033895444,1.3303115575050914,3.663982091427941,5.2752532555961125,9.897599276956095
HANCOCK,oof,43,modality_ood_isolation_forest,0.42655429874753964,0.0645612971480755,0.4067624327580123,0.5241196002160746,0.6946704515154554
HANCOCK,oof,43,fusion_uncertainty_sd,0.03604344314372445,0.02835144808236615,0.02799961689326712,0.07024409843581793,0.27843817693194617
HANCOCK,oof,43,fusion_uncertainty_width95,0.12033163454684154,0.09294580688957385,0.09273516173425343,0.23834448858750176,0.8620254221236783
HANCOCK,oof,43,perturbation_sensitivity,0.05747153254458854,0.06369897005189319,0.03578646395707474,0.13726204563355027,0.4384794573887618
HANCOCK,oof,43,modality_missingness,0.10408997955010225,0.2570195662996501,0.0,0.8,1.0
HANCOCK,oof,43,fusion_disagreement,0.009226389051620367,0.017517293267970965,0.00492884453607767,0.019278112958201518,0.2071644711377576
HANCOCK,oof,43,clinical_ood_rank,0.47913663437147297,0.27677309567380953,0.43989071038251365,0.8693989071038251,1.0
HANCOCK,oof,43,modality_ood_rank,0.48239967816554363,0.2539148141887877,0.43715846994535523,0.8469945355191256,0.9726775956284154
HANCOCK,oof,43,clinical_unreliability,0.48211658304185706,0.2194570800794103,0.4553734061930783,0.8025500910746811,0.9817850637522768
HANCOCK,oof,43,modality_unreliability,0.5702403701096249,0.14425682649424756,0.5683060109289617,0.777704918032787,0.9120218579234972
HANCOCK,calibration,43,clinical_ood_mahalanobis,6.742647563317895,2.5284202421747337,6.070819778536446,9.432602924703671,15.373980926563425
HANCOCK,calibration,43,clinical_ood_knn,7.166679745481748,2.436412040287494,6.831999648219512,9.945106654308278,15.1106325755189
HANCOCK,calibration,43,clinical_ood_isolation_forest,0.4180343241892737,0.04801966609276902,0.40578166538163196,0.47992783488295354,0.589575618459839
HANCOCK,calibration,43,clinical_uncertainty_sd,0.025512078235860856,0.010456898785404312,0.0223205578334187,0.043598380846152814,0.06388575949007194
HANCOCK,calibration,43,clinical_uncertainty_width95,0.08339759897020033,0.035389484484224215,0.07308400856047909,0.13800105659798734,0.21897038619675588
HANCOCK,calibration,43,clinical_model_disagreement,0.05168576800885279,0.03816910396227715,0.043424518903473264,0.09944361505124635,0.23223346468781558
HANCOCK,calibration,43,modality_ood_mahalanobis,4.562916267561947,1.555081839510035,4.418693814393212,6.157167705961204,10.623923468936084
HANCOCK,calibration,43,modality_ood_knn,3.6948562479376688,1.5104703539572761,3.7347969814974613,5.016852345408853,9.805607003696286
HANCOCK,calibration,43,modality_ood_isolation_forest,0.43628863232486137,0.06936788859508358,0.4150076982007076,0.5254149807840315,0.6811874166845658
HANCOCK,calibration,43,fusion_uncertainty_sd,0.03391905988386954,0.036218596693070995,0.021787938534730013,0.06744489285165675,0.21763340109781765
HANCOCK,calibration,43,fusion_uncertainty_width95,0.11186595840961414,0.11748566852346254,0.07200504602204176,0.20361634324425812,0.6994464382826591
HANCOCK,calibration,43,perturbation_sensitivity,0.07190917448440713,0.0971534729567261,0.03605114400366338,0.19055199301559694,0.47172777322942205
HANCOCK,calibration,43,modality_missingness,0.13524590163934427,0.28637723810339016,0.0,0.8,0.95
HANCOCK,calibration,43,fusion_disagreement,0.006885031752255427,0.008420073554763425,0.0042564708614617475,0.01423048866027345,0.04156158003711774
HANCOCK,calibration,43,clinical_ood_rank,0.5040983606557378,0.28654004043670017,0.5081967213114754,0.8926229508196721,1.0
HANCOCK,calibration,43,modality_ood_rank,0.5040983606557378,0.24969828189080323,0.46994535519125685,0.8453551912568307,0.9863387978142076
HANCOCK,calibration,43,clinical_unreliability,0.5040983606557377,0.2065736954948406,0.4963570127504554,0.8075591985428052,0.9426229508196721
HANCOCK,calibration,43,modality_unreliability,0.5557645794141359,0.14942894213622776,0.5382513661202186,0.7616393442622951,0.9497267759562842
HANCOCK,oof,71,clinical_ood_mahalanobis,6.546169135430053,2.6463176740335705,5.754431091761749,9.217915039648325,21.072695936367065
HANCOCK,oof,71,clinical_ood_knn,7.072907062094803,2.635771014669198,6.49765152345081,9.957163617224346,21.0508884690628
HANCOCK,oof,71,clinical_ood_isolation_forest,0.4137005357253453,0.04579361613517288,0.4013346553623629,0.4717488001244063,0.6147671216921263
HANCOCK,oof,71,clinical_uncertainty_sd,0.031905318937981444,0.026735729304389683,0.024980716599301497,0.04956564495263117,0.2548685918212161
HANCOCK,oof,71,clinical_uncertainty_width95,0.10598229729165047,0.08313028312886575,0.08261205173307216,0.1638171982115931,0.7191611049898732
HANCOCK,oof,71,clinical_model_disagreement,0.051035868510631875,0.05215707745857787,0.04203209293454946,0.09651132813850949,0.7150310403233162
HANCOCK,oof,71,modality_ood_mahalanobis,4.5315115911860495,1.8950344237159762,4.0936838239367015,6.475133991598135,27.662413029295536
HANCOCK,oof,71,modality_ood_knn,3.7670271638612363,1.3563812093551673,3.6818823455173315,5.39523559766257,10.130762944559432
HANCOCK,oof,71,modality_ood_isolation_forest,0.4275702640442533,0.06568735816377619,0.4080590865718498,0.5155546927998086,0.7155638351560681
HANCOCK,oof,71,fusion_uncertainty_sd,0.038117620838975734,0.0296451755705767,0.028379045349806214,0.06956698097771899,0.22683396988179474
HANCOCK,oof,71,fusion_uncertainty_width95,0.12569487033130755,0.09587909122603962,0.09554718171778134,0.2341456954882072,0.7386287427269582
HANCOCK,oof,71,perturbation_sensitivity,0.06022008379003767,0.06159405131715182,0.04110826887015462,0.132183842461139,0.44124567972682405
HANCOCK,oof,71,modality_missingness,0.10408997955010225,0.2570195662996501,0.0,0.8,1.0
HANCOCK,oof,71,fusion_disagreement,0.007891573264972227,0.011650130950159591,0.004700606906713367,0.01485960964357522,0.11811512723338113
HANCOCK,oof,71,clinical_ood_rank,0.4807569814609943,0.27738919914735666,0.45081967213114754,0.8830601092896174,1.0
HANCOCK,oof,71,modality_ood_rank,0.4866237554058132,0.2580595775901106,0.43989071038251365,0.8579234972677595,0.9754098360655737
HANCOCK,oof,71,clinical_unreliability,0.517488573759317,0.21369008101408687,0.5036429872495446,0.8408014571948998,0.9963570127504554
HANCOCK,oof,71,modality_unreliability,0.5563981360421068,0.14876350407260894,0.5426229508196722,0.7700546448087431,0.9300546448087431
HANCOCK,calibration,71,clinical_ood_mahalanobis,6.742647563317895,2.5284202421747337,6.070819778536446,9.432602924703671,15.373980926563425
HANCOCK,calibration,71,clinical_ood_knn,7.166679745481748,2.436412040287494,6.831999648219512,9.945106654308278,15.1106325755189
HANCOCK,calibration,71,clinical_ood_isolation_forest,0.415505175425787,0.047811815682761376,0.4026534090456193,0.4797875972274747,0.5824019366655827
HANCOCK,calibration,71,clinical_uncertainty_sd,0.023993649694361824,0.00960471319528872,0.021648710729638615,0.03528699572529868,0.06917202387836528
HANCOCK,calibration,71,clinical_uncertainty_width95,0.07976026857159015,0.031234983389924375,0.07279356518640392,0.11778951530136064,0.21653127166972805
HANCOCK,calibration,71,clinical_model_disagreement,0.05189499764349236,0.03627852916577435,0.04528519447326346,0.09945987674372021,0.19668305864446323
HANCOCK,calibration,71,modality_ood_mahalanobis,4.562916267561947,1.555081839510035,4.418693814393212,6.157167705961204,10.623923468936084
HANCOCK,calibration,71,modality_ood_knn,3.6948562479376688,1.5104703539572761,3.7347969814974613,5.016852345408853,9.805607003696286
HANCOCK,calibration,71,modality_ood_isolation_forest,0.4372465430610563,0.07104799285202862,0.4155426621415893,0.5345745783894931,0.6764490156413355
HANCOCK,calibration,71,fusion_uncertainty_sd,0.04081285394627892,0.04263081570339472,0.02775566245274176,0.06277284034081834,0.26317625807001965
HANCOCK,calibration,71,fusion_uncertainty_width95,0.130366083447981,0.1302200736366045,0.0952769978645297,0.2102377671044764,0.7297375091476853
HANCOCK,calibration,71,perturbation_sensitivity,0.0781436610111649,0.10779880290609507,0.03355691092336316,0.24157698642476963,0.46350375064741567
HANCOCK,calibration,71,modality_missingness,0.13524590163934427,0.28637723810339016,0.0,0.8,0.95
HANCOCK,calibration,71,fusion_disagreement,0.007121234398660652,0.008603647840271615,0.00414207123992949,0.013771165073503002,0.04089698013072163
HANCOCK,calibration,71,clinical_ood_rank,0.5040983606557377,0.2863183992261106,0.5068306010928962,0.8986338797814208,1.0
HANCOCK,calibration,71,modality_ood_rank,0.5040983606557377,0.2500335908634368,0.48224043715847,0.843169398907104,0.9890710382513661
HANCOCK,calibration,71,clinical_unreliability,0.5040983606557377,0.2008833968883382,0.4831511839708561,0.7938979963570127,0.9134790528233152
HANCOCK,calibration,71,modality_unreliability,0.5557645794141359,0.15560527701177063,0.5472677595628415,0.7557377049180328,0.9584699453551913
HANCOCK,oof,101,clinical_ood_mahalanobis,6.499981950437787,2.573288152861827,5.74834428667168,9.271601023303507,21.8056872393406
HANCOCK,oof,101,clinical_ood_knn,7.031734078233415,2.6140937314784756,6.47131291799351,9.72343305850383,21.785706428532762
HANCOCK,oof,101,clinical_ood_isolation_forest,0.41557045963051553,0.04591374660118637,0.4022632541584332,0.4707891740896011,0.6348827952486705
HANCOCK,oof,101,clinical_uncertainty_sd,0.029674893984687825,0.021777300474278706,0.02448431803777853,0.04829278924854758,0.22552100744296483
HANCOCK,oof,101,clinical_uncertainty_width95,0.09744901137662344,0.06953084507531024,0.0801317726402697,0.16228867881029904,0.7071518851982576
HANCOCK,oof,101,clinical_model_disagreement,0.049965952951564266,0.05178003764099819,0.04082389196806058,0.09540421661018858,0.7459390744315726
HANCOCK,oof,101,modality_ood_mahalanobis,4.526975675298953,1.9056495426365752,4.049313768856711,6.504873067674131,28.01439887607663
HANCOCK,oof,101,modality_ood_knn,3.7505809269185626,1.3468384301072256,3.671561984103806,5.280963273714573,10.396014819080527
HANCOCK,oof,101,modality_ood_isolation_forest,0.42661083293583163,0.06492538419473508,0.4093755384286308,0.5178616417706802,0.6655983736465181
HANCOCK,oof,101,fusion_uncertainty_sd,0.03926055864607551,0.03128455427936766,0.029733402590669783,0.07149365727224558,0.2687458981533944
HANCOCK,oof,101,fusion_uncertainty_width95,0.12920645402779954,0.09928697845902949,0.09878895957764862,0.23348905075897997,0.8469847814441742
HANCOCK,oof,101,perturbation_sensitivity,0.0535103877853751,0.05551409679894143,0.03600413043211903,0.12672608162606924,0.3702456717568223
HANCOCK,oof,101,modality_missingness,0.10408997955010225,0.2570195662996501,0.0,0.8,1.0
HANCOCK,oof,101,fusion_disagreement,0.009095946501118946,0.013212116292511606,0.005727367783529558,0.018998632434183583,0.1604267592165498
HANCOCK,oof,101,clinical_ood_rank,0.48029881435292276,0.2794742015880991,0.44808743169398907,0.8825136612021858,1.0
HANCOCK,oof,101,modality_ood_rank,0.49079195860851293,0.2575070525127576,0.4453551912568306,0.8551912568306012,0.9754098360655737
HANCOCK,oof,101,clinical_unreliability,0.5174252498500713,0.20228298542687975,0.49271402550091076,0.8100182149362478,0.9918032786885246
HANCOCK,oof,101,modality_unreliability,0.5663772391520556,0.14770036493289182,0.566120218579235,0.7674316939890711,0.9245901639344263
HANCOCK,calibration,101,clinical_ood_mahalanobis,6.742647563317895,2.5284202421747337,6.070819778536446,9.432602924703671,15.373980926563425
HANCOCK,calibration,101,clinical_ood_knn,7.166679745481748,2.436412040287494,6.831999648219512,9.945106654308278,15.1106325755189
HANCOCK,calibration,101,clinical_ood_isolation_forest,0.4167800436208276,0.04803077914836159,0.4045035609628867,0.48361463753906697,0.5836856917177482
HANCOCK,calibration,101,clinical_uncertainty_sd,0.02394675609208765,0.011542542895555674,0.021718996565849927,0.037424533400211506,0.06853969276367078
HANCOCK,calibration,101,clinical_uncertainty_width95,0.08010438775588967,0.037266863849654816,0.07111489060602105,0.12832666810551863,0.22463877998114465
HANCOCK,calibration,101,clinical_model_disagreement,0.05108039229526167,0.040051457927287946,0.043953604048849904,0.10439789216130083,0.22514054056790045
HANCOCK,calibration,101,modality_ood_mahalanobis,4.562916267561947,1.555081839510035,4.418693814393212,6.157167705961204,10.623923468936084
HANCOCK,calibration,101,modality_ood_knn,3.6948562479376688,1.5104703539572761,3.7347969814974613,5.016852345408853,9.805607003696286
HANCOCK,calibration,101,modality_ood_isolation_forest,0.4336478654129402,0.07118667637489343,0.41352243160928853,0.532841147208,0.6802165492461703
HANCOCK,calibration,101,fusion_uncertainty_sd,0.033944987954309294,0.02757600770849959,0.02509272650941151,0.055063634657378714,0.19342506823539815
HANCOCK,calibration,101,fusion_uncertainty_width95,0.11097776602505184,0.08969582939049948,0.08414335632580572,0.18865211545151128,0.6156030772493956
HANCOCK,calibration,101,perturbation_sensitivity,0.06879953012192011,0.08246977346447204,0.04260648034233172,0.15017296008656406,0.4608974928193007
HANCOCK,calibration,101,modality_missingness,0.13524590163934427,0.28637723810339016,0.0,0.8,0.95
HANCOCK,calibration,101,fusion_disagreement,0.007653028628019407,0.010186330186951935,0.004439758315668674,0.020427736416081848,0.058936607148082576
HANCOCK,calibration,101,clinical_ood_rank,0.5040983606557377,0.28611771875694536,0.4931693989071038,0.8986338797814208,1.0
HANCOCK,calibration,101,modality_ood_rank,0.5040983606557378,0.24981561713652467,0.48497267759562845,0.8407103825136611,0.9890710382513661
HANCOCK,calibration,101,clinical_unreliability,0.5040983606557377,0.19403782147626333,0.4990892531876139,0.7763205828779599,0.9162112932604737
HANCOCK,calibration,101,modality_unreliability,0.555764579414136,0.15847760466953784,0.5393442622950819,0.7570491803278688,0.9584699453551913
TCGA-HNSC,oof,17,clinical_ood_mahalanobis,4.622485032106619,2.6144442120070392,3.826153064417267,7.781478710115815,20.628064284455608
TCGA-HNSC,oof,17,clinical_ood_knn,2.2073337071430172,2.516064210920296,1.604211170157863,4.821725076974345,17.38546453027838
TCGA-HNSC,oof,17,clinical_ood_isolation_forest,0.40500836165800785,0.04532211531059004,0.40097008557843017,0.4661841627207907,0.5716948707845821
TCGA-HNSC,oof,17,clinical_uncertainty_sd,0.039164318854910764,0.012798777828621885,0.03600979023975802,0.057443362732873024,0.08820592682499569
TCGA-HNSC,oof,17,clinical_uncertainty_width95,0.1339602522060209,0.04561186097020387,0.12243240806382208,0.19571683017583655,0.3115265684299233
TCGA-HNSC,oof,17,clinical_model_disagreement,0.037906002809613815,0.0293228823791998,0.03203057890914518,0.07611247863220738,0.17923102393553525
TCGA-HNSC,oof,17,modality_ood_mahalanobis,5.834295123656013,0.7632852777130017,5.784996201866726,6.7616512205192265,8.289716966800283
TCGA-HNSC,oof,17,modality_ood_knn,16.290243098893054,1.915283671445282,16.04999075828294,18.532177089810293,24.981083105058097
TCGA-HNSC,oof,17,modality_ood_isolation_forest,0.41197549508852743,0.01685271494046375,0.4099079448257339,0.4349665580145099,0.4685403906174789
TCGA-HNSC,oof,17,fusion_uncertainty_sd,0.17107049867538698,0.06147237839570152,0.18035487476502932,0.2420807205080219,0.30857254564562503
TCGA-HNSC,oof,17,fusion_uncertainty_width95,0.5442007495541943,0.18920554417732244,0.5835093579458774,0.7652545250985147,0.9057903723227481
TCGA-HNSC,oof,17,perturbation_sensitivity,0.20794110129431398,0.16717344211669016,0.16218911808547742,0.45205674957714465,0.8245942976795014
TCGA-HNSC,oof,17,modality_missingness,0.0,0.0,0.0,0.0,0.0
TCGA-HNSC,oof,17,fusion_disagreement,0.01965681842754612,0.01990773551337574,0.013973779770857897,0.045818264778931174,0.14428801986865014
TCGA-HNSC,oof,17,clinical_ood_rank,0.48202038924930496,0.266570499641848,0.44551282051282054,0.8525641025641025,0.9871794871794872
TCGA-HNSC,oof,17,modality_ood_rank,0.49849397590361444,0.26663791293934125,0.5,0.8641025641025641,0.983974358974359
TCGA-HNSC,oof,17,clinical_unreliability,0.5614380599320358,0.19446188222722183,0.5844017094017094,0.7972222222222224,0.9850427350427351
TCGA-HNSC,oof,17,modality_unreliability,0.44234939759036146,0.14188394894469483,0.43910256410256415,0.6307692307692307,0.7673076923076924
TCGA-HNSC,calibration,17,clinical_ood_mahalanobis,5.02594587372953,3.0488449957810957,4.086400248737446,8.347474078413292,21.972961426103765
TCGA-HNSC,calibration,17,clinical_ood_knn,2.3110457181355337,2.862344890663195,1.652028945995137,5.0195313685372325,18.88699262880332
TCGA-HNSC,calibration,17,clinical_ood_isolation_forest,0.40580113550103847,0.04111665168150059,0.40474237205310126,0.4608235821557935,0.5329348686885192
TCGA-HNSC,calibration,17,clinical_uncertainty_sd,0.03027623606643905,0.005674567579993236,0.029685039451507973,0.038629774761776085,0.05205340495037163
TCGA-HNSC,calibration,17,clinical_uncertainty_width95,0.10028256257092025,0.020372497011382395,0.09735890030101729,0.13004155486068997,0.16168113530454442
TCGA-HNSC,calibration,17,clinical_model_disagreement,0.039593228258468456,0.026979384917030787,0.035931307323209705,0.07448575250746797,0.11267204240950379
TCGA-HNSC,calibration,17,modality_ood_mahalanobis,5.887656747389327,0.7705416115542342,5.914079956301473,6.829940197731856,7.95501745110568
TCGA-HNSC,calibration,17,modality_ood_knn,15.891256353552794,2.053929841872693,15.510530591954797,18.49322512828275,24.08952261149856
TCGA-HNSC,calibration,17,modality_ood_isolation_forest,0.416262079871206,0.01738225582290109,0.414333068186983,0.4357685469417261,0.4725611040246603
TCGA-HNSC,calibration,17,fusion_uncertainty_sd,0.14770584601857403,0.047318716156223704,0.15719902872181182,0.20243706794974395,0.25058616350392915
TCGA-HNSC,calibration,17,fusion_uncertainty_width95,0.48006870164684623,0.15353305701788464,0.4997999522260754,0.6638771138215032,0.807184456209353
TCGA-HNSC,calibration,17,perturbation_sensitivity,0.19342299335124513,0.15013538470735666,0.14688919541096812,0.40118170387599966,0.642516671074641
TCGA-HNSC,calibration,17,modality_missingness,0.0,0.0,0.0,0.0,0.0
TCGA-HNSC,calibration,17,fusion_disagreement,0.01309718693823253,0.009892010795603872,0.011298279245326781,0.027427682297075876,0.047789651762453866
TCGA-HNSC,calibration,17,clinical_ood_rank,0.5051158777120316,0.2769897268787118,0.5272435897435898,0.8926282051282052,0.9711538461538461
TCGA-HNSC,calibration,17,modality_ood_rank,0.5048076923076923,0.26767445850451893,0.5064102564102564,0.8612179487179488,0.9839743589743589
TCGA-HNSC,calibration,17,clinical_unreliability,0.5052802432610125,0.19507573841261275,0.5336538461538461,0.7451923076923077,0.9209401709401709
TCGA-HNSC,calibration,17,modality_unreliability,0.40384615384615385,0.1386865846927426,0.38461538461538464,0.6087179487179487,0.742948717948718
TCGA-HNSC,oof,29,clinical_ood_mahalanobis,4.673127669234487,2.6791276513405187,3.8509111324266967,7.980262797259278,20.0400954820399
TCGA-HNSC,oof,29,clinical_ood_knn,2.259407670313728,2.574455991834665,1.6345254096625563,5.058201177338257,17.330534922856437
TCGA-HNSC,oof,29,clinical_ood_isolation_forest,0.40413537341953515,0.04452341825098642,0.3965341261141487,0.4595313286241863,0.5697139519277017
TCGA-HNSC,oof,29,clinical_uncertainty_sd,0.04255740834387176,0.013979631551646172,0.037734772089442654,0.062373857204979295,0.105300684228626
TCGA-HNSC,oof,29,clinical_uncertainty_width95,0.13818629004657904,0.04791613027505936,0.12239968124073364,0.2028912323654575,0.35776387287537725
TCGA-HNSC,oof,29,clinical_model_disagreement,0.0394709976591787,0.031241640464112354,0.0326821768802974,0.07872587539480574,0.1921703574839655
TCGA-HNSC,oof,29,modality_ood_mahalanobis,5.8342281166363765,0.7479550759791269,5.772662828835266,6.791807528850413,8.581664764270824
TCGA-HNSC,oof,29,modality_ood_knn,16.272651032331755,1.9259620392769323,15.997917929580115,18.58233046202335,24.761973092793404
TCGA-HNSC,oof,29,modality_ood_isolation_forest,0.412144477776429,0.016267920576772017,0.4105538340102837,0.43366733804203234,0.4860777013754902
TCGA-HNSC,oof,29,fusion_uncertainty_sd,0.171102107353823,0.059874870642503394,0.17660020564593903,0.24334293514879132,0.34071101873702214
TCGA-HNSC,oof,29,fusion_uncertainty_width95,0.5452708813175573,0.1818151139400747,0.5699368397703811,0.7647029901630994,0.9149072274876228
TCGA-HNSC,oof,29,perturbation_sensitivity,0.21255311985267672,0.1678455190809073,0.17728817945153197,0.44734560936197654,0.8076759372395259
TCGA-HNSC,oof,29,modality_missingness,0.0,0.0,0.0,0.0,0.0
TCGA-HNSC,oof,29,fusion_disagreement,0.028677019718535653,0.026944373035039947,0.020367182227432834,0.06335734275342343,0.15475462690200203
TCGA-HNSC,oof,29,clinical_ood_rank,0.4866543095458758,0.26479092788754566,0.4583333333333333,0.8557692307692308,0.9871794871794872
TCGA-HNSC,oof,29,modality_ood_rank,0.4980228606734631,0.26664297115909197,0.48717948717948717,0.8705128205128205,0.9967948717948718
TCGA-HNSC,oof,29,clinical_unreliability,0.6080089589125733,0.15093290315836408,0.5982905982905983,0.8141025641025641,0.9850427350427351
TCGA-HNSC,oof,29,modality_unreliability,0.46578622181031826,0.13865084475977424,0.4673076923076923,0.65,0.757051282051282
TCGA-HNSC,calibration,29,clinical_ood_mahalanobis,5.02594587372953,3.0488449957810957,4.086400248737446,8.347474078413292,21.972961426103765
TCGA-HNSC,calibration,29,clinical_ood_knn,2.3110457181355337,2.862344890663195,1.652028945995137,5.0195313685372325,18.88699262880332
TCGA-HNSC,calibration,29,clinical_ood_isolation_forest,0.4057889202612356,0.04282493651451273,0.4024017186551767,0.4676360723761026,0.5300470474384377
TCGA-HNSC,calibration,29,clinical_uncertainty_sd,0.028210828350912973,0.008279109513589074,0.0262917685347394,0.04005916866425274,0.059255654574052526
TCGA-HNSC,calibration,29,clinical_uncertainty_width95,0.09212565046520381,0.027376264427960248,0.08506573174197195,0.12609229568087596,0.20717529239727883
TCGA-HNSC,calibration,29,clinical_model_disagreement,0.040575361993848806,0.02676504099187229,0.03796511903171634,0.07373889723001403,0.11392737838468714
TCGA-HNSC,calibration,29,modality_ood_mahalanobis,5.887656747389327,0.7705416115542342,5.914079956301473,6.829940197731856,7.95501745110568
TCGA-HNSC,calibration,29,modality_ood_knn,15.891256353552794,2.053929841872693,15.510530591954797,18.49322512828275,24.08952261149856
TCGA-HNSC,calibration,29,modality_ood_isolation_forest,0.41571774842696796,0.015688158171341955,0.4135129656002095,0.43455359831765134,0.46672021639996797
TCGA-HNSC,calibration,29,fusion_uncertainty_sd,0.14867171818657002,0.04681501888894586,0.15977075868829727,0.20124933289875582,0.24296853941320667
TCGA-HNSC,calibration,29,fusion_uncertainty_width95,0.47986927621269737,0.1450617346531808,0.5026328473663937,0.648109745177815,0.7479458954285908
TCGA-HNSC,calibration,29,perturbation_sensitivity,0.18425827292710098,0.1454196318274816,0.1489009775583019,0.3914131533261857,0.7044745095416594
TCGA-HNSC,calibration,29,modality_missingness,0.0,0.0,0.0,0.0,0.0
TCGA-HNSC,calibration,29,fusion_disagreement,0.01443440255083477,0.01238190936899681,0.010564331833729734,0.03413703949191067,0.055622825950810584
TCGA-HNSC,calibration,29,clinical_ood_rank,0.5050850591715976,0.2772323423652992,0.5208333333333333,0.8884615384615386,0.9711538461538461
TCGA-HNSC,calibration,29,modality_ood_rank,0.5048076923076923,0.2622358354447763,0.4823717948717949,0.8810897435897437,0.9935897435897436
TCGA-HNSC,calibration,29,clinical_unreliability,0.5052699704142012,0.19161090588754914,0.5144230769230769,0.7389957264957265,0.8643162393162394
TCGA-HNSC,calibration,29,modality_unreliability,0.4038646449704142,0.143923966465821,0.3980769230769231,0.5792307692307692,0.6987179487179487
TCGA-HNSC,oof,43,clinical_ood_mahalanobis,4.714772340528956,2.799253486932908,3.900672590114793,7.907193952752885,20.10872886778882
TCGA-HNSC,oof,43,clinical_ood_knn,2.253072382931212,2.693837395521439,1.6656613381577716,5.260810912355636,17.30859097676009
TCGA-HNSC,oof,43,clinical_ood_isolation_forest,0.4047987993720555,0.04423456799016704,0.4010786963824997,0.4595817281014119,0.5802171703307563
TCGA-HNSC,oof,43,clinical_uncertainty_sd,0.040870779976760634,0.011726294586935075,0.03841199866243539,0.056167161687949406,0.09025800058775904
TCGA-HNSC,oof,43,clinical_uncertainty_width95,0.13800994813032977,0.03982609984099216,0.13142777895691737,0.18886972807123764,0.30482232901694434
TCGA-HNSC,oof,43,clinical_model_disagreement,0.03881706627382409,0.02915171489243442,0.03381238516735052,0.07883391699664066,0.16196887333060628
TCGA-HNSC,oof,43,modality_ood_mahalanobis,5.824996646920903,0.7579121129025599,5.764136465898258,6.790242161586736,8.124097000270963
TCGA-HNSC,oof,43,modality_ood_knn,16.307669277840407,1.9054555209503865,16.026859503364104,18.669858891122225,25.06767763925236
TCGA-HNSC,oof,43,modality_ood_isolation_forest,0.4106808954479283,0.016570173076610073,0.4080532943265721,0.4319399395261794,0.46787071653643
TCGA-HNSC,oof,43,fusion_uncertainty_sd,0.1733209941856287,0.05792110330380608,0.1769377896160828,0.2471589909425084,0.3059921480900163
TCGA-HNSC,oof,43,fusion_uncertainty_width95,0.5516988535221746,0.1756353720711349,0.5786280204062856,0.7545009163743782,0.919040566973013
TCGA-HNSC,oof,43,perturbation_sensitivity,0.2119519101899161,0.16651965321239068,0.16821840582516978,0.454344415538742,0.7771506255979752
TCGA-HNSC,oof,43,modality_missingness,0.0,0.0,0.0,0.0,0.0
TCGA-HNSC,oof,43,fusion_disagreement,0.024599830861401113,0.026112372218482702,0.015387691374015522,0.05630047420008142,0.1411191247830903
TCGA-HNSC,oof,43,clinical_ood_rank,0.47994284831634226,0.26155400038742593,0.4519230769230769,0.8429487179487181,0.9807692307692308
TCGA-HNSC,oof,43,modality_ood_rank,0.5232391102873031,0.2653499326604602,0.5416666666666666,0.8782051282051282,0.9967948717948718
TCGA-HNSC,oof,43,clinical_unreliability,0.46157192874060343,0.20012228581354616,0.4551282051282051,0.7222222222222223,0.9754273504273504
TCGA-HNSC,oof,43,modality_unreliability,0.44990268767377206,0.1408953256312434,0.45833333333333337,0.6271794871794872,0.7743589743589745
TCGA-HNSC,calibration,43,clinical_ood_mahalanobis,5.02594587372953,3.0488449957810957,4.086400248737446,8.347474078413292,21.972961426103765
TCGA-HNSC,calibration,43,clinical_ood_knn,2.3110457181355337,2.862344890663195,1.652028945995137,5.0195313685372325,18.88699262880332
TCGA-HNSC,calibration,43,clinical_ood_isolation_forest,0.4093679399371618,0.04332527160765951,0.4088186286509935,0.467290594760514,0.5311767423166416
TCGA-HNSC,calibration,43,clinical_uncertainty_sd,0.04235055563052541,0.008110598651189377,0.039790153187163696,0.05175587991455858,0.07779737471137003
TCGA-HNSC,calibration,43,clinical_uncertainty_width95,0.14808528021101777,0.03152860516630179,0.13922663185127881,0.18420266578176123,0.2751412606275318
TCGA-HNSC,calibration,43,clinical_model_disagreement,0.03880641377697174,0.02726257370190826,0.036397755545042876,0.0725769728899539,0.11902767366620004
TCGA-HNSC,calibration,43,modality_ood_mahalanobis,5.887656747389327,0.7705416115542342,5.914079956301473,6.829940197731856,7.95501745110568
TCGA-HNSC,calibration,43,modality_ood_knn,15.891256353552794,2.053929841872693,15.510530591954797,18.49322512828275,24.08952261149856
TCGA-HNSC,calibration,43,modality_ood_isolation_forest,0.4108626053998158,0.01709058116260199,0.4072057846099365,0.4321695048304756,0.462356042167266
TCGA-HNSC,calibration,43,fusion_uncertainty_sd,0.14925332813107153,0.048875127361592934,0.14578083574831552,0.2095432441028245,0.2472269004435776
TCGA-HNSC,calibration,43,fusion_uncertainty_width95,0.48646072606217494,0.1559001894792167,0.495102404571138,0.6809710968244425,0.7689557369928672
TCGA-HNSC,calibration,43,perturbation_sensitivity,0.16486486279275958,0.12562530672717764,0.1311071803469543,0.3588628083246585,0.4887063795595724
TCGA-HNSC,calibration,43,modality_missingness,0.0,0.0,0.0,0.0,0.0
TCGA-HNSC,calibration,43,fusion_disagreement,0.019570811830703937,0.01611575319253227,0.01578706815485098,0.0423217492366421,0.0796906869624624
TCGA-HNSC,calibration,43,clinical_ood_rank,0.5050850591715977,0.27417772287661,0.5336538461538461,0.8772435897435897,0.9743589743589745
TCGA-HNSC,calibration,43,modality_ood_rank,0.5048076923076923,0.2644732848886496,0.4935897435897436,0.8516025641025641,0.9807692307692308
TCGA-HNSC,calibration,43,clinical_unreliability,0.5052699704142012,0.18249705104768194,0.5149572649572649,0.7258547008547009,0.8728632478632479
TCGA-HNSC,calibration,43,modality_unreliability,0.4038646449704142,0.13552243272239273,0.3948717948717949,0.5923076923076922,0.6762820512820513
TCGA-HNSC,oof,71,clinical_ood_mahalanobis,4.668639821937801,2.7177471415354373,3.8742707661978337,7.871803130463608,20.283325792134356
TCGA-HNSC,oof,71,clinical_ood_knn,2.2367555843765667,2.619863891091934,1.616833601046293,5.039521589389345,17.330329958273033
TCGA-HNSC,oof,71,clinical_ood_isolation_forest,0.40489807186648424,0.0442866637259711,0.398638301572686,0.4599314583960536,0.5918810755081385
TCGA-HNSC,oof,71,clinical_uncertainty_sd,0.039269906964662725,0.011140567509142508,0.03714957555914623,0.05384727063985538,0.08935543505323547
TCGA-HNSC,oof,71,clinical_uncertainty_width95,0.1299225030465246,0.035959160510616955,0.1221949998370003,0.17692491859732765,0.29728257747443554
TCGA-HNSC,oof,71,clinical_model_disagreement,0.03985486640393377,0.030761741031577597,0.03476268703251384,0.07982772194924562,0.19194745401694668
TCGA-HNSC,oof,71,modality_ood_mahalanobis,5.8174359607741115,0.7691827708154172,5.766697040831106,6.7713444861120875,8.400813553632531
TCGA-HNSC,oof,71,modality_ood_knn,16.27636926948947,1.9260049417458598,16.00687206335108,18.62580798529289,24.835969436234347
TCGA-HNSC,oof,71,modality_ood_isolation_forest,0.4122829614986486,0.01741527588604087,0.41026193837819575,0.4345732626995484,0.4873677480863995
TCGA-HNSC,oof,71,fusion_uncertainty_sd,0.17463282533888427,0.061023453003954994,0.1805281001198776,0.24960686121433348,0.31710333344117886
TCGA-HNSC,oof,71,fusion_uncertainty_width95,0.5542573000713652,0.18475712935903998,0.578709385001281,0.7681894239672301,0.9261649514744872
TCGA-HNSC,oof,71,perturbation_sensitivity,0.22499871643407243,0.17557631024681603,0.1917967615440448,0.46946453325837906,0.8701843189699309
TCGA-HNSC,oof,71,modality_missingness,0.0,0.0,0.0,0.0,0.0
TCGA-HNSC,oof,71,fusion_disagreement,0.01527476458069349,0.015452105728478775,0.01023521837600283,0.03558777151237063,0.09756427840586168
TCGA-HNSC,oof,71,clinical_ood_rank,0.4783518690145196,0.2615244712764533,0.44871794871794873,0.8301282051282052,0.9871794871794872
TCGA-HNSC,oof,71,modality_ood_rank,0.53795953042941,0.25955625396504256,0.5416666666666666,0.8801282051282052,0.9935897435897436
TCGA-HNSC,oof,71,clinical_unreliability,0.553380187416332,0.15845998980648587,0.5544871794871795,0.7677350427350428,0.9401709401709403
TCGA-HNSC,oof,71,modality_unreliability,0.4425084955205437,0.14527505455407483,0.43717948717948724,0.6414102564102564,0.7628205128205128
TCGA-HNSC,calibration,71,clinical_ood_mahalanobis,5.02594587372953,3.0488449957810957,4.086400248737446,8.347474078413292,21.972961426103765
TCGA-HNSC,calibration,71,clinical_ood_knn,2.3110457181355337,2.862344890663195,1.652028945995137,5.0195313685372325,18.88699262880332
TCGA-HNSC,calibration,71,clinical_ood_isolation_forest,0.41072034768565874,0.043659171653250645,0.4065223714232974,0.4703006406670109,0.5393467311655504
TCGA-HNSC,calibration,71,clinical_uncertainty_sd,0.03442254350745875,0.013885128084083024,0.02904899289338545,0.0542769279330324,0.08651501966853328
TCGA-HNSC,calibration,71,clinical_uncertainty_width95,0.11397118964301711,0.04183595183312321,0.09912564874342819,0.17085194708171506,0.27004787814994413
TCGA-HNSC,calibration,71,clinical_model_disagreement,0.0398663068922427,0.028622355682781445,0.03488262116599816,0.07866182340544348,0.12589984049411862
TCGA-HNSC,calibration,71,modality_ood_mahalanobis,5.887656747389327,0.7705416115542342,5.914079956301473,6.829940197731856,7.95501745110568
TCGA-HNSC,calibration,71,modality_ood_knn,15.891256353552794,2.053929841872693,15.510530591954797,18.49322512828275,24.08952261149856
TCGA-HNSC,calibration,71,modality_ood_isolation_forest,0.40966752817405766,0.017553780224939683,0.4060426508120213,0.4293852142160861,0.46588015988430653
TCGA-HNSC,calibration,71,fusion_uncertainty_sd,0.1534279703313935,0.05025505612406198,0.1574634071007589,0.21713462453392748,0.2540945199715061
TCGA-HNSC,calibration,71,fusion_uncertainty_width95,0.4930335125437162,0.154811284081195,0.5205962019658268,0.6938659590697739,0.7879948627153683
TCGA-HNSC,calibration,71,perturbation_sensitivity,0.17617429340159863,0.14145786298920865,0.15045467078291336,0.33195681643212394,0.7216068388171698
TCGA-HNSC,calibration,71,modality_missingness,0.0,0.0,0.0,0.0,0.0
TCGA-HNSC,calibration,71,fusion_disagreement,0.014893891461581972,0.013353543922808487,0.010381427257539433,0.03178394391844511,0.0614307875202571
TCGA-HNSC,calibration,71,clinical_ood_rank,0.5050850591715977,0.27492714673621504,0.5368589743589743,0.882051282051282,0.9711538461538461
TCGA-HNSC,calibration,71,modality_ood_rank,0.5048076923076923,0.2655199656289588,0.4935897435897436,0.8592948717948719,1.0
TCGA-HNSC,calibration,71,clinical_unreliability,0.5052699704142012,0.18590490307877935,0.5202991452991453,0.7526709401709402,0.8771367521367521
TCGA-HNSC,calibration,71,modality_unreliability,0.40384615384615385,0.1335656463635477,0.3980769230769231,0.5867948717948718,0.7442307692307691
TCGA-HNSC,oof,101,clinical_ood_mahalanobis,4.777657163981654,2.979911384994098,3.8865351567368824,7.991484856187384,20.404716085183793
TCGA-HNSC,oof,101,clinical_ood_knn,2.3415498567678994,2.8538814420877987,1.7445781294819382,5.155418628646831,17.371367279485256
TCGA-HNSC,oof,101,clinical_ood_isolation_forest,0.40311352666838046,0.04514246484085142,0.3983635572244559,0.4624884345063431,0.5701847379213223
TCGA-HNSC,oof,101,clinical_uncertainty_sd,0.040102674158925426,0.010451120391245988,0.03825281150273394,0.053133924003582376,0.09381378118623589
TCGA-HNSC,oof,101,clinical_uncertainty_width95,0.13489771882343862,0.03583271658772336,0.12863638384207332,0.176544807494935,0.32304187160683184
TCGA-HNSC,oof,101,clinical_model_disagreement,0.03851340112465385,0.030656795429229874,0.03198931006829964,0.08185510893124688,0.1627388394006074
TCGA-HNSC,oof,101,modality_ood_mahalanobis,5.818732918186869,0.7674880584132302,5.763563644038222,6.820034301464897,8.576422883544183
TCGA-HNSC,oof,101,modality_ood_knn,16.29103341371392,1.9343127138049698,16.0633450804433,18.54679154338919,25.340842292824913
TCGA-HNSC,oof,101,modality_ood_isolation_forest,0.41254582744421714,0.01657591289944401,0.41111351101433613,0.43469490978104836,0.47218979625713553
TCGA-HNSC,oof,101,fusion_uncertainty_sd,0.17370624911270857,0.05960628766882034,0.17509907844775913,0.24997314373775376,0.30291794222352786
TCGA-HNSC,oof,101,fusion_uncertainty_width95,0.5513692842826948,0.1835697613345799,0.5631699119128535,0.7798422647296818,0.9261679378155613
TCGA-HNSC,oof,101,perturbation_sensitivity,0.19860723624185703,0.1599584004555174,0.1576730640369578,0.4305013804843395,0.8841703877862749
TCGA-HNSC,oof,101,modality_missingness,0.0,0.0,0.0,0.0,0.0
TCGA-HNSC,oof,101,fusion_disagreement,0.018039504798060293,0.017896854557557535,0.013122033570013292,0.04208147043938675,0.11547734833379986
TCGA-HNSC,oof,101,clinical_ood_rank,0.48317886932344767,0.262806890396191,0.4647435897435897,0.846794871794872,0.9871794871794872
TCGA-HNSC,oof,101,modality_ood_rank,0.5012357120790856,0.2654083893549687,0.4903846153846154,0.8711538461538464,0.9935897435897436
TCGA-HNSC,oof,101,clinical_unreliability,0.4680954587581094,0.20818083026316322,0.4647435897435897,0.7420940170940171,0.9594017094017094
TCGA-HNSC,oof,101,modality_unreliability,0.4359097930182267,0.1380437290469023,0.4365384615384615,0.6141025641025641,0.766025641025641
TCGA-HNSC,calibration,101,clinical_ood_mahalanobis,5.02594587372953,3.0488449957810957,4.086400248737446,8.347474078413292,21.972961426103765
TCGA-HNSC,calibration,101,clinical_ood_knn,2.3110457181355337,2.862344890663195,1.652028945995137,5.0195313685372325,18.88699262880332
TCGA-HNSC,calibration,101,clinical_ood_isolation_forest,0.40750816078941543,0.045008768694454186,0.40266933311082437,0.47001505896563767,0.5268276063911916
TCGA-HNSC,calibration,101,clinical_uncertainty_sd,0.04160496230247406,0.00864200759844424,0.03803058124474845,0.05390059688257655,0.0756619800555612
TCGA-HNSC,calibration,101,clinical_uncertainty_width95,0.14329758807367426,0.03390162473548879,0.13329663817544912,0.19488031856334587,0.2680791271442728
TCGA-HNSC,calibration,101,clinical_model_disagreement,0.03842135666041497,0.026128437487597696,0.0349080744875514,0.07132871060862256,0.12345123211119102
TCGA-HNSC,calibration,101,modality_ood_mahalanobis,5.887656747389327,0.7705416115542342,5.914079956301473,6.829940197731856,7.95501745110568
TCGA-HNSC,calibration,101,modality_ood_knn,15.891256353552794,2.053929841872693,15.510530591954797,18.49322512828275,24.08952261149856
TCGA-HNSC,calibration,101,modality_ood_isolation_forest,0.41584609408858264,0.017369169389953414,0.41283202220404913,0.43633045620828864,0.4781632989965486
TCGA-HNSC,calibration,101,fusion_uncertainty_sd,0.14863989706031083,0.05068678757392437,0.15065257945574734,0.20625744177903677,0.2650260634467746
TCGA-HNSC,calibration,101,fusion_uncertainty_width95,0.4835763906605077,0.15998872906248665,0.49610689165995214,0.6700677735605752,0.8109482179208598
TCGA-HNSC,calibration,101,perturbation_sensitivity,0.19090750004425766,0.1445345569909506,0.16654339758669157,0.37461318940242955,0.6752389931959824
TCGA-HNSC,calibration,101,modality_missingness,0.0,0.0,0.0,0.0,0.0
TCGA-HNSC,calibration,101,fusion_disagreement,0.013206634551602554,0.00962824492621433,0.01167830197643055,0.027275232241260564,0.046476812816348634
TCGA-HNSC,calibration,101,clinical_ood_rank,0.5050850591715976,0.2761220664347711,0.5208333333333334,0.8871794871794871,0.983974358974359
TCGA-HNSC,calibration,101,modality_ood_rank,0.5048076923076923,0.26616450991504964,0.4567307692307692,0.8557692307692308,0.9839743589743589
TCGA-HNSC,calibration,101,clinical_unreliability,0.5052699704142012,0.18356961216698586,0.48450854700854695,0.7572649572649572,0.8653846153846154
TCGA-HNSC,calibration,101,modality_unreliability,0.40384615384615385,0.13881614366798015,0.39070512820512815,0.5964102564102565,0.7294871794871796
