study,partition,seed,target_coverage,observed_coverage,augmentation_rate,fallback_rate,abstention_rate,ipcw_brier,harrell_c,auc_horizon
HANCOCK,oof,17,0.5,0.5030674846625767,0.24335378323108384,0.25971370143149286,0.49693251533742333,0.05764026430338082,0.633558052434457,0.6511046829283536
HANCOCK,calibration,17,0.5,0.5081967213114754,0.26229508196721313,0.2459016393442623,0.4918032786885246,0.09075418005075338,0.7142857142857143,0.7914825387074971
HANCOCK,oof,17,0.55,0.5685071574642127,0.294478527607362,0.2740286298568507,0.43149284253578735,0.06440214526365717,0.621202040363717,0.6425350185637873
HANCOCK,calibration,17,0.55,0.5573770491803278,0.3114754098360656,0.2459016393442623,0.4426229508196721,0.09670964009161673,0.723823975720789,0.7751038470999826
HANCOCK,oof,17,0.6,0.6134969325153374,0.3537832310838446,0.25971370143149286,0.38650306748466257,0.068837227525688,0.6181716833890747,0.6430221924851635
HANCOCK,calibration,17,0.6,0.6065573770491803,0.36885245901639346,0.23770491803278687,0.39344262295081966,0.10309491791461377,0.6427703523693803,0.7535713360824343
HANCOCK,oof,17,0.65,0.6605316973415133,0.43149284253578735,0.22903885480572597,0.3394683026584867,0.07275314492448202,0.6293365794278758,0.6898784644326353
HANCOCK,calibration,17,0.65,0.6557377049180327,0.4344262295081967,0.22131147540983606,0.3442622950819672,0.09586151813186636,0.654054054054054,0.7617393641388255
HANCOCK,oof,17,0.7,0.7034764826175869,0.48466257668711654,0.21881390593047034,0.2965235173824131,0.07436219646591452,0.6202116260380391,0.6714753648278529
HANCOCK,calibration,17,0.7,0.7049180327868853,0.5,0.20491803278688525,0.29508196721311475,0.10978989299270797,0.6510369702434626,0.7345070291607044
HANCOCK,oof,17,0.75,0.7361963190184049,0.5603271983640081,0.17586912065439672,0.26380368098159507,0.07658587266584284,0.6190852214055761,0.6599313060013229
HANCOCK,calibration,17,0.75,0.7540983606557377,0.5737704918032787,0.18032786885245902,0.2459016393442623,0.11353653160869771,0.6208206686930091,0.686291479572543
HANCOCK,oof,17,0.8,0.8016359918200409,0.6400817995910021,0.16155419222903886,0.1983640081799591,0.08433331867028222,0.6380092614247627,0.7081287287388343
HANCOCK,calibration,17,0.8,0.8032786885245902,0.6475409836065574,0.1557377049180328,0.19672131147540983,0.11490674209728637,0.619781631342325,0.6897013880613992
HANCOCK,oof,17,0.85,0.8650306748466258,0.7137014314928425,0.15132924335378323,0.13496932515337423,0.09022781832923571,0.6268914151313211,0.6778977944011682
HANCOCK,calibration,17,0.85,0.8524590163934426,0.7295081967213115,0.12295081967213115,0.14754098360655737,0.10900475269732242,0.6218692730604765,0.6895581933134742
HANCOCK,oof,17,0.9,0.8936605316973415,0.7791411042944786,0.11451942740286299,0.10633946830265849,0.09292046963046442,0.6123881574161635,0.6409706104827733
HANCOCK,calibration,17,0.9,0.9016393442622951,0.819672131147541,0.08196721311475409,0.09836065573770492,0.1197379163910048,0.6327833954230974,0.7054403690654726
HANCOCK,oof,17,0.95,0.9120654396728016,0.852760736196319,0.05930470347648262,0.08793456032719836,0.0945028401737516,0.644144601129485,0.6769134914782629
HANCOCK,calibration,17,0.95,0.9508196721311475,0.9098360655737705,0.040983606557377046,0.04918032786885246,0.12298391060130565,0.6727688787185355,0.7428095919900821
HANCOCK,oof,17,1.0,0.9795501022494888,0.9713701431492843,0.0081799591002045,0.02044989775051125,0.09785316385933085,0.6575101948346171,0.7029633573597014
HANCOCK,calibration,17,1.0,1.0,1.0,0.0,0.0,0.12873685777283778,0.6765035487485992,0.7699463564548733
HANCOCK,oof,29,0.5,0.5071574642126789,0.25357873210633947,0.25357873210633947,0.49284253578732107,0.07489249079909788,0.5953667509772361,0.6407007386231649
HANCOCK,calibration,29,0.5,0.5081967213114754,0.26229508196721313,0.2459016393442623,0.4918032786885246,0.0811134281715513,0.6599597585513078,0.7200566817218237
HANCOCK,oof,29,0.55,0.5787321063394683,0.3456032719836401,0.2331288343558282,0.4212678936605317,0.07846054574147762,0.6241868449584388,0.6672243112291367
HANCOCK,calibration,29,0.55,0.5573770491803278,0.3114754098360656,0.2459016393442623,0.4426229508196721,0.0864630676708827,0.6682926829268293,0.735133179680523
HANCOCK,oof,29,0.6,0.6666666666666666,0.3987730061349693,0.26789366053169733,0.3333333333333333,0.08447842161661298,0.629463985473132,0.6639722429390913
HANCOCK,calibration,29,0.6,0.6065573770491803,0.36885245901639346,0.23770491803278687,0.39344262295081966,0.11420044208567774,0.6992665036674817,0.7481835955343954
HANCOCK,oof,29,0.65,0.7014314928425358,0.4948875255623722,0.2065439672801636,0.2985685071574642,0.08054316544167071,0.6220989543483805,0.6624327135246582
HANCOCK,calibration,29,0.65,0.6557377049180327,0.4344262295081967,0.22131147540983606,0.3442622950819672,0.117858844687962,0.6483091787439613,0.707309382689483
HANCOCK,oof,29,0.7,0.7239263803680982,0.5214723926380368,0.20245398773006135,0.27607361963190186,0.08297536268258805,0.6285154859380563,0.6768207091135654
HANCOCK,calibration,29,0.7,0.7131147540983607,0.5081967213114754,0.20491803278688525,0.28688524590163933,0.10962549877351817,0.6178184845961698,0.6980137969445077
HANCOCK,oof,29,0.75,0.7443762781186094,0.5746421267893661,0.16973415132924335,0.2556237218813906,0.0834130607286815,0.6365407089988313,0.6800071647032965
HANCOCK,calibration,29,0.75,0.7540983606557377,0.5737704918032787,0.18032786885245902,0.2459016393442623,0.1059020193832436,0.5754414125200642,0.6237711900579882
HANCOCK,oof,29,0.8,0.8220858895705522,0.6298568507157464,0.19222903885480572,0.17791411042944785,0.08748958163854435,0.6262603729811724,0.6626612093003752
HANCOCK,calibration,29,0.8,0.8032786885245902,0.6475409836065574,0.1557377049180328,0.19672131147540983,0.10091958720362773,0.5776772247360482,0.6249395353349435
HANCOCK,oof,29,0.85,0.8425357873210634,0.7198364008179959,0.12269938650306748,0.1574642126789366,0.08525140911843164,0.6346778735756683,0.6885821665039307
HANCOCK,calibration,29,0.85,0.8524590163934426,0.7295081967213115,0.12295081967213115,0.14754098360655737,0.12028477155438487,0.5852372583479789,0.6228634068626228
HANCOCK,oof,29,0.9,0.8895705521472392,0.7955010224948875,0.09406952965235174,0.11042944785276074,0.08339370551316677,0.6563195413570702,0.722730399848815
HANCOCK,calibration,29,0.9,0.9016393442622951,0.819672131147541,0.08196721311475409,0.09836065573770492,0.11954910079735831,0.6328653146125846,0.6860456569390693
HANCOCK,oof,29,0.95,0.9284253578732107,0.8507157464212679,0.07770961145194274,0.07157464212678936,0.08890053167598391,0.655817683619595,0.7141817467548155
HANCOCK,calibration,29,0.95,0.9508196721311475,0.9098360655737705,0.040983606557377046,0.04918032786885246,0.12312671292596956,0.6636528028933092,0.7379195408135645
HANCOCK,oof,29,1.0,0.967280163599182,0.9591002044989775,0.0081799591002045,0.032719836400818,0.0939548991249535,0.6667561521252796,0.7250642978513746
HANCOCK,calibration,29,1.0,1.0,1.0,0.0,0.0,0.12900710836145893,0.6675382891296228,0.7554239939878147
HANCOCK,oof,43,0.5,0.5869120654396728,0.2740286298568507,0.3128834355828221,0.4130879345603272,0.06600835720343626,0.6174745895230649,0.6461943102637188
HANCOCK,calibration,43,0.5,0.5081967213114754,0.26229508196721313,0.2459016393442623,0.4918032786885246,0.06755834263955002,0.6171171171171171,0.7085966665380541
HANCOCK,oof,43,0.55,0.6175869120654397,0.3231083844580777,0.294478527607362,0.3824130879345603,0.06915952080108934,0.6085288410654437,0.6185752377642846
HANCOCK,calibration,43,0.55,0.5573770491803278,0.3114754098360656,0.2459016393442623,0.4426229508196721,0.0875820693003777,0.5793780687397708,0.6837775042125227
HANCOCK,oof,43,0.6,0.6728016359918201,0.4110429447852761,0.261758691206544,0.32719836400818,0.07490432667424057,0.6147377000592769,0.6394126745417967
HANCOCK,calibration,43,0.6,0.6147540983606558,0.3770491803278688,0.23770491803278687,0.38524590163934425,0.10436141917733448,0.5880281690140845,0.6558171612704884
HANCOCK,oof,43,0.65,0.7075664621676891,0.4498977505112474,0.25766871165644173,0.29243353783231085,0.07655100282020495,0.6205282190365491,0.6461671384101464
HANCOCK,calibration,43,0.65,0.6557377049180327,0.4344262295081967,0.22131147540983606,0.3442622950819672,0.10988078681293234,0.596875,0.6581248969331528
HANCOCK,oof,43,0.7,0.7341513292433538,0.47648261758691207,0.25766871165644173,0.2658486707566462,0.07874793640526635,0.6304039269028328,0.6596358721350436
HANCOCK,calibration,43,0.7,0.7049180327868853,0.5,0.20491803278688525,0.29508196721311475,0.11338580928799737,0.5855614973262032,0.6408939512788646
HANCOCK,oof,43,0.75,0.754601226993865,0.5173824130879345,0.23721881390593047,0.24539877300613497,0.08192094781357669,0.6099084096586178,0.637996220442869
HANCOCK,calibration,43,0.75,0.7540983606557377,0.5737704918032787,0.18032786885245902,0.2459016393442623,0.11442917403716293,0.6212003117692907,0.6756111239815753
HANCOCK,oof,43,0.8,0.8098159509202454,0.6482617586912065,0.16155419222903886,0.1901840490797546,0.07786966053267065,0.603476581361661,0.6267848252753454
HANCOCK,calibration,43,0.8,0.8032786885245902,0.6557377049180327,0.14754098360655737,0.19672131147540983,0.11656293642548177,0.6376907763769077,0.6697213950826544
HANCOCK,oof,43,0.85,0.8548057259713702,0.6993865030674846,0.1554192229038855,0.14519427402862986,0.08005958097696451,0.6000084341922153,0.6436524080013877
HANCOCK,calibration,43,0.85,0.8524590163934426,0.7295081967213115,0.12295081967213115,0.14754098360655737,0.11005435038369457,0.6261453879047038,0.687464947284486
HANCOCK,oof,43,0.9,0.901840490797546,0.7791411042944786,0.12269938650306748,0.09815950920245399,0.09148789359149612,0.6093992932862191,0.6580275618744984
HANCOCK,calibration,43,0.9,0.9016393442622951,0.819672131147541,0.08196721311475409,0.09836065573770492,0.11194290249416143,0.6179401993355482,0.6722784885755311
HANCOCK,oof,43,0.95,0.9366053169734151,0.8670756646216768,0.06952965235173825,0.06339468302658487,0.09540550067756573,0.6167053214791908,0.6526396981350219
HANCOCK,calibration,43,0.95,0.9508196721311475,0.9098360655737705,0.040983606557377046,0.04918032786885246,0.11909451046499647,0.6463644948064211,0.7274449633287501
HANCOCK,oof,43,1.0,0.9815950920245399,0.9754601226993865,0.006134969325153374,0.018404907975460124,0.10047764994793244,0.6574611470224179,0.7169451561374451
HANCOCK,calibration,43,1.0,1.0,1.0,0.0,0.0,0.12837713824923727,0.6798655211057153,0.7750366596768749
HANCOCK,oof,71,0.5,0.47443762781186094,0.24539877300613497,0.22903885480572597,0.5255623721881391,0.06168543936231006,0.6613984674329502,0.6209943243490208
HANCOCK,calibration,71,0.5,0.5081967213114754,0.26229508196721313,0.2459016393442623,0.4918032786885246,0.10679776148542267,0.7197802197802198,0.7823816006098198
HANCOCK,oof,71,0.55,0.5112474437627812,0.3169734151329243,0.19427402862985685,0.4887525562372188,0.06028685810263737,0.6490906527562386,0.6531059631434339
HANCOCK,calibration,71,0.55,0.5573770491803278,0.319672131147541,0.23770491803278687,0.4426229508196721,0.12383875608823676,0.7244318181818182,0.7818104278632819
HANCOCK,oof,71,0.6,0.5746421267893661,0.3783231083844581,0.19631901840490798,0.42535787321063395,0.060933234506459745,0.6674329501915709,0.6576028734563325
HANCOCK,calibration,71,0.6,0.6065573770491803,0.36885245901639346,0.23770491803278687,0.39344262295081966,0.11582950977623453,0.681930693069307,0.7334190251746965
HANCOCK,oof,71,0.65,0.6155419222903885,0.45807770961145194,0.1574642126789366,0.38445807770961143,0.0610551710134201,0.6701541335824381,0.674580411292644
HANCOCK,calibration,71,0.65,0.6557377049180327,0.4344262295081967,0.22131147540983606,0.3442622950819672,0.11787010741505735,0.637223974763407,0.7219628969284106
HANCOCK,oof,71,0.7,0.6359918200408998,0.5030674846625767,0.1329243353783231,0.36400817995910023,0.06402400955716064,0.6645819618169848,0.6993290737575935
HANCOCK,calibration,71,0.7,0.7049180327868853,0.5,0.20491803278688525,0.29508196721311475,0.12006971237023935,0.6383928571428571,0.6969006303401563
HANCOCK,oof,71,0.75,0.689161554192229,0.5725971370143149,0.1165644171779141,0.310838445807771,0.06061743772337548,0.6643903179300402,0.6956775771141692
HANCOCK,calibration,71,0.75,0.7540983606557377,0.5737704918032787,0.18032786885245902,0.2459016393442623,0.11400252922310831,0.5871632329635499,0.663807081531655
HANCOCK,oof,71,0.8,0.8179959100204499,0.6625766871165644,0.1554192229038855,0.18200408997955012,0.07791992140616094,0.6581956797966964,0.6865507734232458
HANCOCK,calibration,71,0.8,0.8032786885245902,0.6475409836065574,0.1557377049180328,0.19672131147540983,0.10826331480099238,0.5998598458304134,0.6500302145780199
HANCOCK,oof,71,0.85,0.8404907975460123,0.7464212678936605,0.09406952965235174,0.15950920245398773,0.07842799798119167,0.6477183147937287,0.6837753765284376
HANCOCK,calibration,71,0.85,0.8524590163934426,0.7295081967213115,0.12295081967213115,0.14754098360655737,0.11721048773453695,0.6502923976608187,0.7250497445728441
HANCOCK,oof,71,0.9,0.8650306748466258,0.7893660531697342,0.07566462167689161,0.13496932515337423,0.08367957285915906,0.6599626376247069,0.7121279619202564
HANCOCK,calibration,71,0.9,0.9016393442622951,0.8278688524590164,0.07377049180327869,0.09836065573770492,0.1184467308921316,0.6314666666666666,0.7035256769255542
HANCOCK,oof,71,0.95,0.9120654396728016,0.8588957055214724,0.053169734151329244,0.08793456032719836,0.08689132850721093,0.6669006176305446,0.7109670354102504
HANCOCK,calibration,71,0.95,0.9508196721311475,0.9098360655737705,0.040983606557377046,0.04918032786885246,0.126387291998918,0.6513844757149342,0.7291676001783105
HANCOCK,oof,71,1.0,0.967280163599182,0.9611451942740287,0.006134969325153374,0.032719836400818,0.09638066985553745,0.6748322535863026,0.7261705317091034
HANCOCK,calibration,71,1.0,1.0,1.0,0.0,0.0,0.12847966301810138,0.6791184161374673,0.7755396570187055
HANCOCK,oof,101,0.5,0.5173824130879345,0.278118609406953,0.2392638036809816,0.48261758691206547,0.05858306162314899,0.628131808278867,0.6982554096397642
HANCOCK,calibration,101,0.5,0.5081967213114754,0.26229508196721313,0.2459016393442623,0.4918032786885246,0.1090792478215228,0.673992673992674,0.70113542347648
HANCOCK,oof,101,0.55,0.5480572597137015,0.3149284253578732,0.2331288343558282,0.45194274028629855,0.06177666478117008,0.6482629547315476,0.7114819570324172
HANCOCK,calibration,101,0.55,0.5573770491803278,0.319672131147541,0.23770491803278687,0.4426229508196721,0.10035557022847601,0.5917721518987342,0.7014695535466705
HANCOCK,oof,101,0.6,0.591002044989775,0.3374233128834356,0.25357873210633947,0.40899795501022496,0.06721865068719998,0.6412739616613419,0.6955519530378547
HANCOCK,calibration,101,0.6,0.6065573770491803,0.36885245901639346,0.23770491803278687,0.39344262295081966,0.1138999103202751,0.6192170818505338,0.7584571744067778
HANCOCK,oof,101,0.65,0.6155419222903885,0.39059304703476483,0.2249488752556237,0.38445807770961143,0.06763852190145969,0.6316828130606387,0.6921568640855089
HANCOCK,calibration,101,0.65,0.6557377049180327,0.4344262295081967,0.22131147540983606,0.3442622950819672,0.10675796319173454,0.6122672508214677,0.73511491176805
HANCOCK,oof,101,0.7,0.6809815950920245,0.4437627811860941,0.23721881390593047,0.31901840490797545,0.07502631613722882,0.6295182781004441,0.682145835045627
HANCOCK,calibration,101,0.7,0.7049180327868853,0.5,0.20491803278688525,0.29508196721311475,0.10128973088751714,0.6125356125356125,0.6973680880533747
HANCOCK,oof,101,0.75,0.7075664621676891,0.5746421267893661,0.1329243353783231,0.29243353783231085,0.07610414069268613,0.6110937792475198,0.6540666034963508
HANCOCK,calibration,101,0.75,0.7540983606557377,0.5737704918032787,0.18032786885245902,0.2459016393442623,0.09746652048641984,0.5977382875605816,0.6559888816774451
HANCOCK,oof,101,0.8,0.7750511247443763,0.6523517382413088,0.12269938650306748,0.2249488752556237,0.08223326787825555,0.6266277939747328,0.6736969153167947
HANCOCK,calibration,101,0.8,0.8032786885245902,0.6475409836065574,0.1557377049180328,0.19672131147540983,0.10859217966269856,0.602013422818792,0.6553756957574335
HANCOCK,oof,101,0.85,0.8139059304703476,0.7239263803680982,0.08997955010224949,0.18609406952965235,0.08303469818043217,0.6313278558176517,0.6857423952279885
HANCOCK,calibration,101,0.85,0.8524590163934426,0.7295081967213115,0.12295081967213115,0.14754098360655737,0.11989159412852884,0.6004659289458357,0.6559686912248859
HANCOCK,oof,101,0.9,0.8670756646216768,0.7791411042944786,0.08793456032719836,0.1329243353783231,0.09048389129037,0.6366011586958992,0.683595240190048
HANCOCK,calibration,101,0.9,0.9016393442622951,0.819672131147541,0.08196721311475409,0.09836065573770492,0.10855472094651107,0.6517857142857143,0.7401118149815578
HANCOCK,oof,101,0.95,0.9161554192229039,0.8445807770961146,0.07157464212678936,0.08384458077709611,0.09242691771783655,0.636223635754938,0.6744798180724128
HANCOCK,calibration,101,0.95,0.9508196721311475,0.9098360655737705,0.040983606557377046,0.04918032786885246,0.1305474579660048,0.6436681222707423,0.7385276816418573
HANCOCK,oof,101,1.0,0.967280163599182,0.9611451942740287,0.006134969325153374,0.032719836400818,0.09731316873311652,0.6663298885745627,0.7090439940390593
HANCOCK,calibration,101,1.0,1.0,1.0,0.0,0.0,0.12931646576789493,0.6750093388121031,0.7700896096623732
TCGA-HNSC,oof,17,0.5,0.43132530120481927,0.18795180722891566,0.2433734939759036,0.5686746987951807,0.20678485273839117,0.6379942927028129,0.6173316704177461
TCGA-HNSC,calibration,17,0.5,0.5096153846153846,0.25961538461538464,0.25,0.49038461538461536,0.25108523569993524,0.6294871794871795,0.5678744070575475
TCGA-HNSC,oof,17,0.55,0.4963855421686747,0.2385542168674699,0.25783132530120484,0.5036144578313253,0.20716568190485976,0.6319176971416988,0.6113426699522475
TCGA-HNSC,calibration,17,0.55,0.5576923076923077,0.3173076923076923,0.2403846153846154,0.4423076923076923,0.24754268068897878,0.6437224669603524,0.5920462433947832
TCGA-HNSC,oof,17,0.6,0.5204819277108433,0.29397590361445786,0.22650602409638554,0.4795180722891566,0.20960107879271264,0.6280366207396664,0.6121286499234707
TCGA-HNSC,calibration,17,0.6,0.6057692307692307,0.375,0.23076923076923078,0.3942307692307692,0.2366211980629535,0.6351758793969849,0.5856553401310807
TCGA-HNSC,oof,17,0.65,0.5373493975903615,0.3253012048192771,0.21204819277108433,0.46265060240963857,0.21075012611256508,0.6239585963140621,0.6196414656019908
TCGA-HNSC,calibration,17,0.65,0.6538461538461539,0.4326923076923077,0.22115384615384615,0.34615384615384615,0.23630602785150892,0.5980902777777778,0.5305936297204558
TCGA-HNSC,oof,17,0.7,0.5614457831325301,0.4072289156626506,0.15421686746987953,0.43855421686746987,0.21177022582740918,0.6309685705651255,0.6293709354941943
TCGA-HNSC,calibration,17,0.7,0.7115384615384616,0.5096153846153846,0.20192307692307693,0.28846153846153844,0.2421548381092531,0.5872781065088757,0.5195960645083443
TCGA-HNSC,oof,17,0.75,0.6313253012048192,0.46265060240963857,0.1686746987951807,0.3686746987951807,0.2151390241188661,0.6409274079119133,0.6373168742451084
TCGA-HNSC,calibration,17,0.75,0.7596153846153846,0.5769230769230769,0.18269230769230768,0.2403846153846154,0.23929673079442712,0.5654838709677419,0.5154076665609684
TCGA-HNSC,oof,17,0.8,0.7493975903614458,0.5951807228915663,0.15421686746987953,0.25060240963855424,0.20912047111255305,0.6365793316028553,0.6576724233626403
TCGA-HNSC,calibration,17,0.8,0.8173076923076923,0.6634615384615384,0.15384615384615385,0.18269230769230768,0.2379814771874866,0.5906849315068493,0.537174866805939
TCGA-HNSC,oof,17,0.85,0.763855421686747,0.636144578313253,0.12771084337349398,0.236144578313253,0.2151203465070359,0.6265167384688353,0.6404237587011896
TCGA-HNSC,calibration,17,0.85,0.8557692307692307,0.7307692307692307,0.125,0.14423076923076922,0.24483840744213983,0.5747357825868143,0.526577330908789
TCGA-HNSC,oof,17,0.9,0.8072289156626506,0.7036144578313253,0.10361445783132531,0.1927710843373494,0.21695469958957106,0.6340104166666667,0.6471486362117436
TCGA-HNSC,calibration,17,0.9,0.9038461538461539,0.8173076923076923,0.08653846153846154,0.09615384615384616,0.23433249598187159,0.5988023952095808,0.5715714933894758
TCGA-HNSC,oof,17,0.95,0.8987951807228916,0.8506024096385543,0.04819277108433735,0.10120481927710843,0.22418775233704163,0.6098680915010853,0.6269429502503268
TCGA-HNSC,calibration,17,0.95,0.9519230769230769,0.9134615384615384,0.038461538461538464,0.04807692307692308,0.23231369270970567,0.6205645161290323,0.6197358645732522
TCGA-HNSC,oof,17,1.0,0.9855421686746988,0.980722891566265,0.004819277108433735,0.014457831325301205,0.2286729994883986,0.5872397957994359,0.6035034422501082
TCGA-HNSC,calibration,17,1.0,1.0,1.0,0.0,0.0,0.2457914183544378,0.6153032440056417,0.6052877902034774
TCGA-HNSC,oof,29,0.5,0.29156626506024097,0.09156626506024096,0.2,0.708433734939759,0.21029933841704238,0.5765230312035661,0.561939279631381
TCGA-HNSC,calibration,29,0.5,0.5096153846153846,0.25961538461538464,0.25,0.49038461538461536,0.2632074691471842,0.6571246819338422,0.5789896749876042
TCGA-HNSC,oof,29,0.55,0.40963855421686746,0.14216867469879518,0.2674698795180723,0.5903614457831325,0.2272752966760384,0.5494908350305499,0.5293889133755112
TCGA-HNSC,calibration,29,0.55,0.5576923076923077,0.3173076923076923,0.2403846153846154,0.4423076923076923,0.2701296124857107,0.6536113936927772,0.5442418593812947
TCGA-HNSC,oof,29,0.6,0.4457831325301205,0.17590361445783131,0.26987951807228916,0.5542168674698795,0.22393070119434672,0.5412849289967934,0.5407413716911194
TCGA-HNSC,calibration,29,0.6,0.6057692307692307,0.375,0.23076923076923078,0.3942307692307692,0.26816342934470744,0.6101398601398601,0.5093393940031083
TCGA-HNSC,oof,29,0.65,0.4963855421686747,0.2216867469879518,0.2746987951807229,0.5036144578313253,0.21951188716559963,0.5665927773159694,0.563160826917971
TCGA-HNSC,calibration,29,0.65,0.6538461538461539,0.4326923076923077,0.22115384615384615,0.34615384615384615,0.2579281806285472,0.632183908045977,0.5627317883681116
TCGA-HNSC,oof,29,0.7,0.6024096385542169,0.3204819277108434,0.2819277108433735,0.39759036144578314,0.21666766399035,0.568064182194617,0.5590787890480867
TCGA-HNSC,calibration,29,0.7,0.7115384615384616,0.5096153846153846,0.20192307692307693,0.28846153846153844,0.23796141733751536,0.6229784366576819,0.6089820362603935
TCGA-HNSC,oof,29,0.75,0.6795180722891566,0.39036144578313253,0.2891566265060241,0.3204819277108434,0.21409782129800622,0.5753172329103561,0.5755138770339308
TCGA-HNSC,calibration,29,0.75,0.7596153846153846,0.5769230769230769,0.18269230769230768,0.2403846153846154,0.227551485149436,0.59375,0.6072454419686218
TCGA-HNSC,oof,29,0.8,0.7180722891566265,0.4457831325301205,0.27228915662650605,0.2819277108433735,0.21691595949270112,0.5574373410824555,0.5641695260463427
TCGA-HNSC,calibration,29,0.8,0.8076923076923077,0.6538461538461539,0.15384615384615385,0.19230769230769232,0.22246795038287348,0.607360265633647,0.6263380731931854
TCGA-HNSC,oof,29,0.85,0.7662650602409639,0.5469879518072289,0.21927710843373494,0.23373493975903614,0.21340688105739164,0.5840314447929488,0.5915170266960239
TCGA-HNSC,calibration,29,0.85,0.8557692307692307,0.7307692307692307,0.125,0.14423076923076922,0.22846198769976803,0.5986547085201793,0.6157544955942245
TCGA-HNSC,oof,29,0.9,0.7903614457831325,0.6481927710843374,0.14216867469879518,0.20963855421686747,0.21767802988254012,0.5814026646928201,0.5978802578820857
TCGA-HNSC,calibration,29,0.9,0.9038461538461539,0.8173076923076923,0.08653846153846154,0.09615384615384616,0.23985193111152628,0.6106644096487516,0.6243528030312813
TCGA-HNSC,oof,29,0.95,0.8554216867469879,0.7734939759036145,0.0819277108433735,0.14457831325301204,0.20969751999558095,0.5976038237528488,0.6257458396135464
TCGA-HNSC,calibration,29,0.95,0.9519230769230769,0.9134615384615384,0.038461538461538464,0.04807692307692308,0.24011084375493616,0.613849765258216,0.6075130716398633
TCGA-HNSC,oof,29,1.0,0.946987951807229,0.927710843373494,0.01927710843373494,0.05301204819277108,0.2140987104263445,0.6010647648225811,0.6313102199576296
TCGA-HNSC,calibration,29,1.0,1.0,1.0,0.0,0.0,0.24514199887621302,0.6184767277856136,0.6091366301317727
TCGA-HNSC,oof,43,0.5,0.6,0.18795180722891566,0.41204819277108434,0.4,0.20246251568520846,0.565685083267815,0.5593892739182861
TCGA-HNSC,calibration,43,0.5,0.5096153846153846,0.25961538461538464,0.25,0.49038461538461536,0.26178668252479653,0.584573748308525,0.5548419937488304
TCGA-HNSC,oof,43,0.55,0.6457831325301204,0.236144578313253,0.40963855421686746,0.3542168674698795,0.21062227095345779,0.5587867230796735,0.5472622875395567
TCGA-HNSC,calibration,43,0.55,0.5673076923076923,0.3173076923076923,0.25,0.4326923076923077,0.26205491512858203,0.6169438669438669,0.5692855969575686
TCGA-HNSC,oof,43,0.6,0.6867469879518072,0.3036144578313253,0.38313253012048193,0.3132530120481928,0.21437560274391626,0.553933709226959,0.5375950554928742
TCGA-HNSC,calibration,43,0.6,0.6153846153846154,0.375,0.2403846153846154,0.38461538461538464,0.2459095682010093,0.6260623229461756,0.5681287245442908
TCGA-HNSC,oof,43,0.65,0.708433734939759,0.3349397590361446,0.37349397590361444,0.29156626506024097,0.20980283507997077,0.5653693367526524,0.554909649388122
TCGA-HNSC,calibration,43,0.65,0.6538461538461539,0.4326923076923077,0.22115384615384615,0.34615384615384615,0.24153529111832786,0.625,0.5771400248644349
TCGA-HNSC,oof,43,0.7,0.7397590361445783,0.38313253012048193,0.3566265060240964,0.26024096385542167,0.2105441935736868,0.5767775254886247,0.5737562791788526
TCGA-HNSC,calibration,43,0.7,0.7115384615384616,0.5096153846153846,0.20192307692307693,0.28846153846153844,0.24657911104605815,0.5975699558173785,0.5264707703212361
TCGA-HNSC,oof,43,0.75,0.7927710843373494,0.5445783132530121,0.24819277108433735,0.20722891566265061,0.20842350988995062,0.594731681562771,0.6051328655556936
TCGA-HNSC,calibration,43,0.75,0.7596153846153846,0.5769230769230769,0.18269230769230768,0.2403846153846154,0.24321028872724404,0.6134663341645885,0.5689192519771898
TCGA-HNSC,oof,43,0.8,0.8096385542168675,0.5614457831325301,0.24819277108433735,0.19036144578313252,0.20989466757419084,0.5934579439252337,0.6013148455491735
TCGA-HNSC,calibration,43,0.8,0.8076923076923077,0.6538461538461539,0.15384615384615385,0.19230769230769232,0.23743789732339013,0.5979202772963604,0.5713784183417373
TCGA-HNSC,oof,43,0.85,0.8746987951807229,0.7156626506024096,0.15903614457831325,0.12530120481927712,0.21964849620720744,0.5801821777431534,0.6015192903533396
TCGA-HNSC,calibration,43,0.85,0.8557692307692307,0.7307692307692307,0.125,0.14423076923076922,0.23074897319028917,0.5869004641567819,0.5840428636035048
TCGA-HNSC,oof,43,0.9,0.908433734939759,0.7662650602409639,0.14216867469879518,0.09156626506024096,0.22219367510555968,0.5786246289970319,0.600753429889568
TCGA-HNSC,calibration,43,0.9,0.9038461538461539,0.8173076923076923,0.08653846153846154,0.09615384615384616,0.2363460286536785,0.5793269230769231,0.56710101517045
TCGA-HNSC,oof,43,0.95,0.963855421686747,0.891566265060241,0.07228915662650602,0.03614457831325301,0.2372212755534914,0.5661691782975738,0.5739312432900341
TCGA-HNSC,calibration,43,0.95,0.9519230769230769,0.9134615384615384,0.038461538461538464,0.04807692307692308,0.22294337599957223,0.6414141414141414,0.6308682829630398
TCGA-HNSC,oof,43,1.0,0.9903614457831326,0.9493975903614458,0.04096385542168675,0.00963855421686747,0.23644512353136354,0.5695804035111908,0.579060696409871
TCGA-HNSC,calibration,43,1.0,1.0,1.0,0.0,0.0,0.24213332858886683,0.6244710860366713,0.6148669832596729
TCGA-HNSC,oof,71,0.5,0.39759036144578314,0.18072289156626506,0.21686746987951808,0.6024096385542169,0.20876294881937446,0.5050169930409452,0.4807092443665456
TCGA-HNSC,calibration,71,0.5,0.5096153846153846,0.25961538461538464,0.25,0.49038461538461536,0.24008360103074494,0.6725490196078432,0.6419051351542343
TCGA-HNSC,oof,71,0.55,0.44819277108433736,0.21204819277108433,0.236144578313253,0.5518072289156627,0.21278324148706498,0.518239392020266,0.4860858955881733
TCGA-HNSC,calibration,71,0.55,0.5576923076923077,0.3173076923076923,0.2403846153846154,0.4423076923076923,0.23938658953250158,0.642467248908297,0.6292643654824653
TCGA-HNSC,oof,71,0.6,0.5253012048192771,0.2674698795180723,0.25783132530120484,0.4746987951807229,0.2189254580468815,0.546349288935137,0.5164960838674129
TCGA-HNSC,calibration,71,0.6,0.6057692307692307,0.375,0.23076923076923078,0.3942307692307692,0.2265608584008739,0.6326129666011788,0.6340303761205431
TCGA-HNSC,oof,71,0.65,0.6120481927710844,0.35903614457831323,0.25301204819277107,0.38795180722891565,0.21221865962422515,0.5666219753559344,0.557886293349765
TCGA-HNSC,calibration,71,0.65,0.6538461538461539,0.4326923076923077,0.22115384615384615,0.34615384615384615,0.22381590824781394,0.6338273757628596,0.6308762822120836
TCGA-HNSC,oof,71,0.7,0.6481927710843374,0.4,0.24819277108433735,0.35180722891566263,0.20956957274722002,0.5798482293423272,0.5851377516838332
TCGA-HNSC,calibration,71,0.7,0.7115384615384616,0.5096153846153846,0.20192307692307693,0.28846153846153844,0.2216563781755091,0.6393805309734514,0.6577099599108164
TCGA-HNSC,oof,71,0.75,0.7469879518072289,0.4530120481927711,0.29397590361445786,0.25301204819277107,0.2181837496064405,0.58199402358262,0.596367722968426
TCGA-HNSC,calibration,71,0.75,0.7596153846153846,0.5769230769230769,0.18269230769230768,0.2403846153846154,0.2248260565593287,0.6303780964797914,0.6227154484573845
TCGA-HNSC,oof,71,0.8,0.7975903614457831,0.5879518072289157,0.20963855421686747,0.20240963855421687,0.22417280936147246,0.579444134856506,0.5855219786964458
TCGA-HNSC,calibration,71,0.8,0.8076923076923077,0.6634615384615384,0.14423076923076922,0.19230769230769232,0.23679675944097822,0.6127612761276128,0.5861867587429667
TCGA-HNSC,oof,71,0.85,0.8361445783132531,0.653012048192771,0.18313253012048192,0.163855421686747,0.22368928402428043,0.5861200327476541,0.6010212119516317
TCGA-HNSC,calibration,71,0.85,0.8557692307692307,0.7307692307692307,0.125,0.14423076923076922,0.24416407623625966,0.6081147946561108,0.580480185346946
TCGA-HNSC,oof,71,0.9,0.8891566265060241,0.727710843373494,0.1614457831325301,0.1108433734939759,0.21913490459637716,0.5885529469519767,0.5955502389529084
TCGA-HNSC,calibration,71,0.9,0.9038461538461539,0.8173076923076923,0.08653846153846154,0.09615384615384616,0.2288960352470107,0.6248854262144822,0.6083068903534025
TCGA-HNSC,oof,71,0.95,0.9204819277108434,0.8216867469879519,0.09879518072289156,0.07951807228915662,0.2239629855679557,0.593292017980158,0.60030707939474
TCGA-HNSC,calibration,71,0.95,0.9519230769230769,0.9134615384615384,0.038461538461538464,0.04807692307692308,0.23327125512174338,0.6190666134822497,0.6167098329633126
TCGA-HNSC,oof,71,1.0,0.9855421686746988,0.980722891566265,0.004819277108433735,0.014457831325301205,0.22914033044280235,0.591610359061873,0.6052039958978188
TCGA-HNSC,calibration,71,1.0,1.0,1.0,0.0,0.0,0.24504212097092268,0.614950634696756,0.6079715601614054
TCGA-HNSC,oof,101,0.5,0.5277108433734939,0.2289156626506024,0.2987951807228916,0.472289156626506,0.20185201183589346,0.590353871025687,0.5680268386116548
TCGA-HNSC,calibration,101,0.5,0.5096153846153846,0.25961538461538464,0.25,0.49038461538461536,0.23207945713713563,0.5791666666666667,0.5987415484855173
TCGA-HNSC,oof,101,0.55,0.5445783132530121,0.25301204819277107,0.29156626506024097,0.45542168674698796,0.20403846675132042,0.5827775925308436,0.5617913303738598
TCGA-HNSC,calibration,101,0.55,0.5576923076923077,0.3173076923076923,0.2403846153846154,0.4423076923076923,0.22480271277780053,0.5945945945945946,0.6126515671549875
TCGA-HNSC,oof,101,0.6,0.6168674698795181,0.3228915662650602,0.29397590361445786,0.38313253012048193,0.197589866183646,0.6096809752301906,0.6085100323511479
TCGA-HNSC,calibration,101,0.6,0.6057692307692307,0.375,0.23076923076923078,0.3942307692307692,0.21104068855335423,0.6305970149253731,0.6684517371871425
TCGA-HNSC,oof,101,0.65,0.6506024096385542,0.3759036144578313,0.2746987951807229,0.3493975903614458,0.20111714980419096,0.626251519185138,0.6163808007054477
TCGA-HNSC,calibration,101,0.65,0.6538461538461539,0.4326923076923077,0.22115384615384615,0.34615384615384615,0.22139802149407317,0.6408390410958904,0.6586783340212703
TCGA-HNSC,oof,101,0.7,0.7060240963855422,0.4843373493975904,0.2216867469879518,0.29397590361445786,0.20232984005280083,0.620837159843395,0.6261608835817754
TCGA-HNSC,calibration,101,0.7,0.7115384615384616,0.5096153846153846,0.20192307692307693,0.28846153846153844,0.23028576766649786,0.6214750542299349,0.6079281939069052
TCGA-HNSC,oof,101,0.75,0.7879518072289157,0.5759036144578313,0.21204819277108433,0.21204819277108433,0.20268879557308875,0.6230422535211267,0.6400468340462135
TCGA-HNSC,calibration,101,0.75,0.7596153846153846,0.5769230769230769,0.18269230769230768,0.2403846153846154,0.22848483539875789,0.6173885750156937,0.6127539274253082
TCGA-HNSC,oof,101,0.8,0.8867469879518072,0.689156626506024,0.19759036144578312,0.11325301204819277,0.20316327651839128,0.6262969385144547,0.6657178376369228
TCGA-HNSC,calibration,101,0.8,0.8076923076923077,0.6538461538461539,0.15384615384615385,0.19230769230769232,0.23126038708670796,0.6157309322033898,0.6289758898004166
TCGA-HNSC,oof,101,0.85,0.9012048192771084,0.763855421686747,0.13734939759036144,0.09879518072289156,0.20724918671626652,0.622037103006056,0.6555374749943136
TCGA-HNSC,calibration,101,0.85,0.8557692307692307,0.7307692307692307,0.125,0.14423076923076922,0.22584645615946386,0.6204225352112676,0.6448905467334233
TCGA-HNSC,oof,101,0.9,0.9108433734939759,0.8024096385542169,0.10843373493975904,0.0891566265060241,0.2132321171061799,0.6198689017837954,0.6467193854691811
TCGA-HNSC,calibration,101,0.9,0.9038461538461539,0.8173076923076923,0.08653846153846154,0.09615384615384616,0.22495900553263343,0.6352173913043478,0.6423262006728102
TCGA-HNSC,oof,101,0.95,0.9518072289156626,0.9036144578313253,0.04819277108433735,0.04819277108433735,0.21898393897285337,0.6100886502684479,0.629611258245364
TCGA-HNSC,calibration,101,0.95,0.9519230769230769,0.9134615384615384,0.038461538461538464,0.04807692307692308,0.2276501832912647,0.6269968051118211,0.6337787821355195
TCGA-HNSC,oof,101,1.0,0.9855421686746988,0.9734939759036144,0.012048192771084338,0.014457831325301205,0.2209582542759373,0.6111734401831711,0.6307101834147798
TCGA-HNSC,calibration,101,1.0,1.0,1.0,0.0,0.0,0.24610302163139122,0.6177715091678421,0.6090421954659513
