cohort,model,threshold,net_benefit_model,net_benefit_all,net_benefit_none
RADCURE,B2,0.05,0.11196205156897404,0.10054616290868884,0.0
RADCURE,B2,0.1,0.0755716818437532,0.05057650529250489,0.0
RADCURE,B2,0.15,0.0560172524780181,-0.005271935572641884,0.0
RADCURE,B2,0.2,0.04705398685512365,-0.06810143154593198,0.0
RADCURE,B2,0.25,0.02655187363563187,-0.13930819364899408,0.0
RADCURE,B2,0.3,0.0124971135230273,-0.220687350338208,0.0
RADCURE,B2,0.35,0.009802332358799126,-0.3145863772873009,0.0
RADCURE,B2,0.4,0.005306031288546098,-0.42413524206124265,0.0
RADCURE,B2,0.45,0.0011483843985262594,-0.5536020822486283,0.0
RADCURE,B2,0.5,-0.0048058738243064855,-0.7089622904734911,0.0
RADCURE,B6,0.05,0.11061469786286102,0.10054616290868884,0.0
RADCURE,B6,0.1,0.08251682660542836,0.05057650529250489,0.0
RADCURE,B6,0.15,0.0691252102183738,-0.005271935572641884,0.0
RADCURE,B6,0.2,0.06466943822466584,-0.06810143154593198,0.0
RADCURE,B6,0.25,0.047883661698238884,-0.13930819364899408,0.0
RADCURE,B6,0.3,0.0380760799906384,-0.220687350338208,0.0
RADCURE,B6,0.35,0.03180309511623316,-0.3145863772873009,0.0
RADCURE,B6,0.4,0.022879630527500607,-0.42413524206124265,0.0
RADCURE,B6,0.45,0.011159874135837149,-0.5536020822486283,0.0
RADCURE,B6,0.5,0.012769480295833127,-0.7089622904734911,0.0
RADCURE,B7,0.05,0.08926011269189263,0.07728705595143237,0.0
RADCURE,B7,0.1,0.05837005990542276,0.026025225726511933,0.0
RADCURE,B7,0.15,0.048097274815950414,-0.03126740805428149,0.0
RADCURE,B7,0.2,0.04577054203723584,-0.09572162105767407,0.0
RADCURE,B7,0.25,0.027351637225767167,-0.16876972912818564,0.0
RADCURE,B7,0.3,0.01757632975602157,-0.25225328120877044,0.0
RADCURE,B7,0.35,0.013411899819879627,-0.34858045668636806,0.0
RADCURE,B7,0.4,0.006832309647952716,-0.46096216141023216,0.0
RADCURE,B7,0.45,0.004657109916670917,-0.5937769033566168,0.0
RADCURE,B7,0.5,0.005133626518013282,-0.7531545936922786,0.0
HANCOCK,B2,0.05,0.1471262095768612,0.14469059535131312,0.0
HANCOCK,B2,0.1,0.10986948883555107,0.09717340620416386,0.0
HANCOCK,B2,0.15,0.085827632912515,0.04406595951029113,0.0
HANCOCK,B2,0.2,0.019688081979714535,-0.015679918020315653,0.0
HANCOCK,B2,0.25,0.011796647469521047,-0.08339191255500336,0.0
HANCOCK,B2,0.3,0.004172409500478813,-0.16077704916607508,0.0
HANCOCK,B2,0.35,0.00587442937638318,-0.2500675914096192,0.0
HANCOCK,B2,0.4,0.003784229528781326,-0.3542398906937543,0.0
HANCOCK,B2,0.45,0.007983631040781413,-0.47735260802954993,0.0
HANCOCK,B2,0.5,0.014653268736310957,-0.625087868832505,0.0
HANCOCK,B6,0.05,0.1509875787690099,0.14469059535131312,0.0
HANCOCK,B6,0.1,0.12645738116000435,0.09717340620416386,0.0
HANCOCK,B6,0.15,0.12174152388002729,0.04406595951029113,0.0
HANCOCK,B6,0.2,0.09804943377768552,-0.015679918020315653,0.0
HANCOCK,B6,0.25,0.08953756481145167,-0.08339191255500336,0.0
HANCOCK,B6,0.3,0.07122017854324549,-0.16077704916607508,0.0
HANCOCK,B6,0.35,0.05168413563500489,-0.2500675914096192,0.0
HANCOCK,B6,0.4,0.04807386016034783,-0.3542398906937543,0.0
HANCOCK,B6,0.45,0.037185147434234525,-0.47735260802954993,0.0
HANCOCK,B6,0.5,0.02848484224313206,-0.625087868832505,0.0
HANCOCK,B7,0.05,0.09966237553689816,0.0931372344280493,0.0
HANCOCK,B7,0.1,0.0841822403953783,0.04275596967405204,0.0
HANCOCK,B7,0.15,0.060037936575743384,-0.013552502698062546,0.0
HANCOCK,B7,0.2,0.015326058224714171,-0.07689953411669145,0.0
HANCOCK,B7,0.25,0.018604022430159614,-0.14869283639113753,0.0
HANCOCK,B7,0.3,0.007776724430760924,-0.23074232470479025,0.0
HANCOCK,B7,0.35,0.0,-0.3254148112205433,0.0
HANCOCK,B7,0.4,0.0,-0.43586604548892205,0.0
HANCOCK,B7,0.45,0.0,-0.5663993223515512,0.0
HANCOCK,B7,0.5,0.0,-0.7230392545867064,0.0
GSE65858,B2,0.05,0.1613270744980953,0.17286496289904155,0.0
GSE65858,B2,0.1,0.10255525199143514,0.12691301639343272,0.0
GSE65858,B2,0.15,0.03686909742516789,0.0755549585342229,0.0
GSE65858,B2,0.2,-0.03702782646188274,0.01777714344261183,0.0
GSE65858,B2,0.25,-0.1172938255446824,-0.04770438032788071,0.0
GSE65858,B2,0.3,-0.08816784478956116,-0.12254040749415795,0.0
GSE65858,B2,0.35,-0.03699170910320558,-0.2088896696090931,0.0
GSE65858,B2,0.4,0.011241643939195262,-0.309630475409851,0.0
GSE65858,B2,0.45,0.0,-0.42868779135620094,0.0
GSE65858,B2,0.5,0.0,-0.5715565704918211,0.0
GSE65858,B6,0.05,0.1613270744980953,0.17286496289904155,0.0
GSE65858,B6,0.1,0.10255525199143514,0.12691301639343272,0.0
GSE65858,B6,0.15,0.037943961772615914,0.0755549585342229,0.0
GSE65858,B6,0.2,-0.030936928493010662,0.01777714344261183,0.0
GSE65858,B6,0.25,-0.10603797656430339,-0.04770438032788071,0.0
GSE65858,B6,0.3,-0.1692202339414606,-0.12254040749415795,0.0
GSE65858,B6,0.35,-0.20280116529697112,-0.2088896696090931,0.0
GSE65858,B6,0.4,-0.2062530303003485,-0.309630475409851,0.0
GSE65858,B6,0.45,-0.19962267224160357,-0.42868779135620094,0.0
GSE65858,B6,0.5,-0.20206640511010412,-0.5715565704918211,0.0
GSE65858,B7,0.05,0.1426240318992609,0.15513473568805008,0.0
GSE65858,B7,0.1,0.08178629078327569,0.10819777655960841,0.0
GSE65858,B7,0.15,0.014931459232472383,0.05573882223958537,0.0
GSE65858,B7,0.2,-0.05624169608716831,-0.0032775013704405276,0.0
GSE65858,B7,0.25,-0.13376022954192401,-0.07016266812846986,0.0
GSE65858,B7,0.3,-0.19832678315793142,-0.14660285870907488,0.0
GSE65858,B7,0.35,-0.24036021819111303,-0.23480307860977293,0.0
GSE65858,B7,0.4,-0.2262862223875512,-0.33770333516058737,0.0
GSE65858,B7,0.45,-0.19389988456937962,-0.45931272926609523,0.0
GSE65858,B7,0.5,-0.18264641653551483,-0.6052440021927048,0.0
GSE41613,B2,0.05,0.30231438527016957,0.3216170619662667,0.0
GSE41613,B2,0.1,0.24317902571707645,0.28392912096439266,0.0
GSE41613,B2,0.15,0.17708656504009004,0.2418073045505334,0.0
GSE41613,B2,0.2,0.10273254677848032,0.19442026108494176,0.0
GSE41613,B2,0.25,0.01846465941532266,0.14071494515727123,0.0
GSE41613,B2,0.3,-0.07784149757114334,0.07933744123993342,0.0
GSE41613,B2,0.35,0.0,0.008517244412236058,0.0
GSE41613,B2,0.4,0.0,-0.07410631855341104,0.0
GSE41613,B2,0.45,0.0,-0.17175234751281193,0.0
GSE41613,B2,0.5,0.0,-0.28892758226409315,0.0
GSE41613,B6,0.05,0.30231438527016957,0.3216170619662667,0.0
GSE41613,B6,0.1,0.24317902571707645,0.28392912096439266,0.0
GSE41613,B6,0.15,0.18519791248681108,0.2418073045505334,0.0
GSE41613,B6,0.2,0.12415151617519687,0.19442026108494176,0.0
GSE41613,B6,0.25,0.029531222415718983,0.14071494515727123,0.0
GSE41613,B6,0.3,-0.0047798404717672716,0.07933744123993342,0.0
GSE41613,B6,0.35,-0.012579273866911878,0.008517244412236058,0.0
GSE41613,B6,0.4,-0.05055845997391786,-0.07410631855341104,0.0
GSE41613,B6,0.45,-0.05515884298504631,-0.17175234751281193,0.0
GSE41613,B6,0.5,-0.05341210213048572,-0.28892758226409315,0.0
GSE41613,B7,0.05,0.30231438527016957,0.3216170619662667,0.0
GSE41613,B7,0.1,0.24317902571707645,0.28392912096439266,0.0
GSE41613,B7,0.15,0.18519791248681108,0.2418073045505334,0.0
GSE41613,B7,0.2,0.12415151617519687,0.19442026108494176,0.0
GSE41613,B7,0.25,0.029531222415718983,0.14071494515727123,0.0
GSE41613,B7,0.3,-0.0047798404717672716,0.07933744123993342,0.0
GSE41613,B7,0.35,0.001484255593876993,0.008517244412236058,0.0
GSE41613,B7,0.4,0.010255086252445533,-0.07410631855341104,0.0
GSE41613,B7,0.45,-0.03692247076110844,-0.17175234751281193,0.0
GSE41613,B7,0.5,-0.02862487446001595,-0.28892758226409315,0.0
