Image,Name,Missing,Centroid X µm,Centroid Y µm,Case ID,Num Detections,Num Negative,Num Positive,Positive %,Num Positive per mm^2
InvasionFront_CD3_block10.svs,1-5,False,19289.8,8095.7,037,19888,16675,3213,16.16,1486.4
InvasionFront_CD3_block10.svs,1-6,False,21688.5,8170.7,037,23598,21107,2491,10.56,986.39
InvasionFront_CD3_block10.svs,2-1,False,6821.4,10144.6,222,22983,20814,2169,9.437,913.86
InvasionFront_CD3_block10.svs,2-2,False,9270.1,10444.5,222,22327,20511,1816,8.134,854.61
InvasionFront_CD3_block10.svs,5-1,False,5896.9,17515.7,443,25168,23909,1259,5.002,481.15
InvasionFront_CD3_block10.svs,5-2,False,8720.4,17540.7,443,23799,21974,1825,7.668,717.74
InvasionFront_CD3_block10.svs,5-5,False,18690.1,18290.3,072,22293,19737,2556,11.47,1011.1
InvasionFront_CD3_block10.svs,5-6,False,21288.7,18790.1,072,22625,20456,2169,9.587,871.11
InvasionFront_CD3_block10.svs,6-3,False,12843.2,20564.1,751,13001,11349,1652,12.71,965.16
InvasionFront_CD3_block10.svs,6-4,False,15916.6,20614.1,751,17478,16211,1267,7.249,537.0
InvasionFront_CD3_block10.svs,8-5,False,17783.5,26605.6,452,26373,15257,11116,42.15,3957.7
InvasionFront_CD3_block10.svs,8-6,False,20425.3,26893.5,452,26017,19006,7011,26.95,2638.3
InvasionFront_CD3_block11.svs,1-3,False,10594.4,2423.7,015,20803,20367,436,2.096,180.34
InvasionFront_CD3_block11.svs,1-4,False,12743.3,2623.6,015,9368,8965,403,4.302,381.56
InvasionFront_CD3_block11.svs,3-5,False,15441.8,7346.1,073,16583,15110,1473,8.883,705.23
InvasionFront_CD3_block11.svs,3-6,False,18040.4,7296.1,073,16022,14807,1215,7.583,675.95
InvasionFront_CD3_block11.svs,4-3,False,10469.5,9619.9,433,7626,7432,194,2.544,246.7
InvasionFront_CD3_block11.svs,4-4,True,12968.1,9544.9,433,0,0,0,,
InvasionFront_CD3_block11.svs,4-5,False,15466.8,9744.8,283,24583,23305,1278,5.199,522.54
InvasionFront_CD3_block11.svs,4-6,False,17965.5,9694.9,283,21230,20509,721,3.396,325.92
InvasionFront_CD3_block11.svs,5-1,False,3173.3,12293.5,141,20349,17172,3177,15.61,1371.4
InvasionFront_CD3_block11.svs,5-2,False,5846.9,12218.5,141,20366,18527,1839,9.03,789.59
InvasionFront_CD3_block11.svs,5-5,True,15541.8,11993.6,027,0,0,0,,
InvasionFront_CD3_block11.svs,5-6,True,18140.4,11918.7,027,0,0,0,,
InvasionFront_CD3_block11.svs,10-3,False,11044.2,24062.3,109,18467,15515,2952,15.99,1381.6
InvasionFront_CD3_block11.svs,10-4,False,13392.9,23987.3,109,22151,20920,1231,5.557,551.02
InvasionFront_CD3_block11.svs,10-5,False,15916.6,24112.2,410,10108,9145,963,9.527,743.57
InvasionFront_CD3_block11.svs,10-6,False,18540.2,24087.2,410,9053,8375,678,7.489,687.67
InvasionFront_CD3_block11.svs,12-1,False,3972.9,29034.6,314,9382,9305,77,0.8207,56.9
InvasionFront_CD3_block11.svs,12-2,False,6546.5,28909.7,314,15306,14553,753,4.92,434.59
InvasionFront_CD3_block12.svs,1-3,False,12393.4,7371.1,088,24377,23202,1175,4.82,442.34
InvasionFront_CD3_block12.svs,1-4,False,15017.0,7496.0,088,22100,21259,841,3.805,337.3
InvasionFront_CD3_block12.svs,2-5,False,17315.8,10219.6,646,18188,16958,1230,6.763,540.05
InvasionFront_CD3_block12.svs,2-6,False,19864.5,10494.4,646,21503,18714,2789,12.97,1160.0
InvasionFront_CD3_block12.svs,5-3,False,11668.8,17215.9,584,20026,19640,386,1.927,149.06
InvasionFront_CD3_block12.svs,5-4,False,14167.5,17365.8,584,21164,20840,324,1.531,119.7
InvasionFront_CD3_block12.svs,6-5,True,16541.2,20239.3,448,0,0,0,,
InvasionFront_CD3_block12.svs,6-6,True,19014.9,20439.2,448,0,0,0,,
InvasionFront_CD3_block12.svs,9-3,False,10819.3,27110.6,755,16639,15713,926,5.565,416.42
InvasionFront_CD3_block12.svs,9-4,False,13426.7,27350.2,755,17521,16622,899,5.131,400.73
InvasionFront_CD3_block12.svs,10-5,False,15616.7,29959.1,703,15556,15191,365,2.346,159.9
InvasionFront_CD3_block12.svs,10-6,False,18215.4,30234.0,703,19861,19462,399,2.009,182.13
InvasionFront_CD3_block12.svs,11-5,False,15441.8,32407.8,675,19470,18646,824,4.232,429.49
InvasionFront_CD3_block12.svs,11-6,False,17940.5,32607.7,675,19722,18098,1624,8.234,850.63
InvasionFront_CD3_block13.svs,2-1,False,3823.0,4672.5,362,19841,19644,197,0.9929,84.46
InvasionFront_CD3_block13.svs,2-2,False,6271.7,4622.6,362,12826,12632,194,1.513,116.63
InvasionFront_CD3_block13.svs,2-3,False,11094.1,4497.6,094,16969,16647,322,1.898,172.94
InvasionFront_CD3_block13.svs,2-4,False,13592.8,4472.6,094,18066,17550,516,2.856,258.52
InvasionFront_CD3_block13.svs,3-3,False,11069.1,6946.3,724,14597,14222,375,2.569,232.21
InvasionFront_CD3_block13.svs,3-4,False,13542.8,6821.4,724,16663,16173,490,2.941,262.94
InvasionFront_CD3_block13.svs,7-5,False,15816.6,16441.3,066,8092,7866,226,2.793,189.24
InvasionFront_CD3_block13.svs,7-6,False,18540.2,16641.2,066,17891,15933,1958,10.94,911.45
InvasionFront_CD3_block13.svs,10-1,False,3897.9,24037.3,666,18121,16413,1708,9.426,705.32
InvasionFront_CD3_block13.svs,10-2,False,6221.7,24062.3,666,17840,14167,3673,20.59,1539.0
InvasionFront_CD3_block14.svs,3-3,False,12193.5,11219.1,557,25525,24173,1352,5.297,490.65
InvasionFront_CD3_block14.svs,3-4,False,14942.1,11344.0,557,17915,16760,1155,6.447,518.15
InvasionFront_CD3_block14.svs,4-5,False,17240.9,14017.6,155,16907,15868,1039,6.145,543.14
InvasionFront_CD3_block14.svs,4-6,False,19889.5,13967.6,155,20036,18107,1929,9.628,878.87
InvasionFront_CD3_block14.svs,5-1,False,4672.5,16041.5,354,17300,17001,299,1.728,121.76
InvasionFront_CD3_block14.svs,5-2,False,7271.2,16141.5,354,19699,18865,834,4.234,348.26
InvasionFront_CD3_block14.svs,6-5,False,17016.0,18940.0,368,17413,15587,1826,10.49,745.45
InvasionFront_CD3_block14.svs,6-6,False,19639.6,18989.9,368,18635,16071,2564,13.76,1027.8
InvasionFront_CD3_block14.svs,10-1,False,4110.3,28622.3,660,11101,10595,506,4.558,371.15
InvasionFront_CD3_block14.svs,10-2,False,6708.9,28697.3,660,10706,10484,222,2.074,127.77
InvasionFront_CD3_block14.svs,12-1,False,3972.9,33607.2,699,16664,16077,587,3.523,283.3
InvasionFront_CD3_block14.svs,12-2,False,6621.5,33682.2,699,13465,13392,73,0.5421,38.64
InvasionFront_CD3_block14.svs,12-3,False,11394.0,33832.1,275,18678,17815,863,4.62,402.39
InvasionFront_CD3_block14.svs,12-4,False,13692.7,34131.9,275,3669,3664,5,0.1363,9.293
InvasionFront_CD3_block15.svs,1-1,False,5147.3,13168.0,220,18137,16790,1347,7.427,562.2
InvasionFront_CD3_block15.svs,1-2,False,7745.9,13018.1,220,19019,17889,1130,5.941,478.4
InvasionFront_CD3_block15.svs,1-5,False,17504.8,12211.2,353,16930,15505,1425,8.417,624.8
InvasionFront_CD3_block15.svs,1-6,False,19926.6,11976.6,353,15887,13413,2474,15.57,1098.6
InvasionFront_CD3_block15.svs,2-1,False,5347.2,15766.7,613,20637,20090,547,2.651,231.39
InvasionFront_CD3_block15.svs,2-2,False,7945.8,15541.8,613,17709,16384,1325,7.482,625.56
InvasionFront_CD3_block15.svs,3-3,False,12768.2,17540.7,179,19561,17934,1627,8.318,633.98
InvasionFront_CD3_block15.svs,3-4,False,15391.9,17340.8,179,16904,15986,918,5.431,377.75
InvasionFront_CD3_block15.svs,6-5,False,18390.3,24711.9,180,18476,17470,1006,5.445,417.07
InvasionFront_CD3_block15.svs,6-6,False,20938.9,24512.0,180,18984,17638,1346,7.09,576.17
InvasionFront_CD3_block15.svs,12-3,False,14217.5,39654.0,486,8489,8298,191,2.25,169.16
InvasionFront_CD3_block15.svs,12-4,True,16947.8,39846.5,486,0,0,0,,
InvasionFront_CD3_block16.svs,1-1,False,4478.2,6976.9,323,14299,14169,130,0.9092,62.93
InvasionFront_CD3_block16.svs,1-2,False,7216.8,7040.3,323,11260,10121,1139,10.12,798.03
InvasionFront_CD3_block16.svs,3-5,False,16956.0,12117.4,018,15146,14591,555,3.664,255.82
InvasionFront_CD3_block16.svs,3-6,False,19397.1,12088.4,018,16741,15401,1340,8.004,608.02
InvasionFront_CD3_block16.svs,8-1,False,4454.5,24310.4,050,15380,15294,86,0.5592,40.81
InvasionFront_CD3_block16.svs,8-2,False,7015.6,24539.5,050,10389,10364,25,0.2406,12.28
InvasionFront_CD3_block16.svs,8-3,False,11803.0,24468.1,588,20771,18964,1807,8.7,696.37
InvasionFront_CD3_block16.svs,8-4,False,14303.6,24521.0,588,10382,8945,1437,13.84,1000.8
InvasionFront_CD3_block16.svs,11-5,False,16491.3,31783.2,654,15628,13818,1810,11.58,1054.1
InvasionFront_CD3_block16.svs,11-6,False,18965.0,31808.2,654,20343,18433,1910,9.389,884.74
InvasionFront_CD3_block16.svs,12-1,False,4295.7,33993.3,539,14575,14533,42,0.2882,18.99
InvasionFront_CD3_block16.svs,12-2,False,6886.6,34203.1,539,17662,16582,1080,6.115,465.08
InvasionFront_CD3_block16.svs,12-5,False,16591.2,34281.8,445,20767,18375,2392,11.52,1004.6
InvasionFront_CD3_block16.svs,12-6,False,18989.9,34281.8,445,18852,18029,823,4.366,346.82
InvasionFront_CD3_block17.svs,1-3,False,11244.0,7546.0,170,22495,19072,3423,15.22,1301.3
InvasionFront_CD3_block17.svs,1-4,False,13892.6,7546.0,170,22174,18749,3425,15.45,1301.4
InvasionFront_CD3_block17.svs,6-1,False,3523.1,19864.5,681,18756,17786,970,5.172,425.76
InvasionFront_CD3_block17.svs,6-2,False,6196.7,19989.4,681,18527,17551,976,5.268,442.11
InvasionFront_CD3_block17.svs,12-5,False,15416.8,35281.3,524,15843,14499,1344,8.483,700.64
InvasionFront_CD3_block17.svs,12-6,False,17990.5,35356.3,524,20036,18107,1929,9.628,865.34
InvasionFront_CD3_block18.svs,1-3,False,12218.5,7121.2,082,16598,16538,60,0.3615,29.21
InvasionFront_CD3_block18.svs,1-4,False,14667.2,7121.2,082,10286,9911,375,3.646,316.3
InvasionFront_CD3_block18.svs,2-1,False,4147.8,9220.1,166,6535,6497,38,0.5815,35.31
InvasionFront_CD3_block18.svs,2-2,False,7071.3,9220.1,166,16189,15625,564,3.484,270.1
InvasionFront_CD3_block18.svs,2-3,False,11818.7,9569.9,330,17907,16766,1141,6.372,549.01
InvasionFront_CD3_block18.svs,2-4,False,14442.4,9719.9,330,17769,17266,503,2.831,248.94
InvasionFront_CD3_block18.svs,4-1,False,4122.8,13892.6,392,13676,9562,4114,30.08,2370.4
InvasionFront_CD3_block18.svs,4-2,False,6721.4,14442.4,392,6134,5293,841,13.71,679.5
InvasionFront_CD3_block18.svs,6-5,False,16266.4,20114.3,566,18989,16713,2276,11.99,1013.3
InvasionFront_CD3_block18.svs,6-6,False,18890.0,20264.3,566,21238,17644,3594,16.92,1493.0
InvasionFront_CD3_block18.svs,11-3,False,10694.3,32407.8,280,12236,8905,3331,27.22,2621.2
InvasionFront_CD3_block18.svs,11-4,False,13043.1,32307.9,280,12148,11359,789,6.495,518.07
InvasionFront_CD3_block18.svs,12-1,False,3248.3,34281.8,161,18277,18013,264,1.444,122.23
InvasionFront_CD3_block18.svs,12-2,False,5921.9,34431.8,161,22764,22658,106,0.4656,45.63
InvasionFront_CD3_block18.svs,12-3,False,10444.5,34656.6,263,19452,18915,537,2.761,236.83
InvasionFront_CD3_block18.svs,12-4,False,13043.1,34856.5,263,20895,20317,578,2.766,242.32
InvasionFront_CD3_block18.svs,12-5,False,15466.8,34806.6,255,17281,16725,556,3.217,286.94
InvasionFront_CD3_block18.svs,12-6,False,17790.6,35006.5,255,15221,14146,1075,7.063,573.55
InvasionFront_CD3_block19.svs,3-5,False,17590.7,10244.6,137,20985,20399,586,2.792,264.93
InvasionFront_CD3_block19.svs,3-6,False,20139.3,10344.5,137,24336,23482,854,3.509,361.84
InvasionFront_CD3_block19.svs,4-5,False,17365.8,12743.3,477,17739,17556,183,1.032,80.24
InvasionFront_CD3_block19.svs,4-6,False,19939.4,12918.2,477,21492,20771,721,3.355,290.72
InvasionFront_CD3_block19.svs,7-1,False,4397.7,19239.8,002,24709,23303,1406,5.69,556.86
InvasionFront_CD3_block19.svs,7-2,False,7046.3,19414.7,002,18969,18433,536,2.826,241.86
InvasionFront_CD3_block19.svs,8-1,False,4247.8,21763.5,337,17127,17069,58,0.3386,29.24
InvasionFront_CD3_block19.svs,8-2,False,6871.4,21863.4,337,22955,22869,86,0.3746,35.26
InvasionFront_CD3_block19.svs,8-3,False,11593.9,22088.3,277,21704,20690,1014,4.672,406.69
InvasionFront_CD3_block19.svs,8-4,False,14067.6,22488.1,277,15115,14450,665,4.4,364.69
InvasionFront_CD3_block19.svs,9-1,False,4297.7,24212.2,519,13626,12782,844,6.194,519.86
InvasionFront_CD3_block19.svs,9-2,False,6671.5,24337.1,519,15442,15292,150,0.9714,81.43
InvasionFront_CD3_block19.svs,9-3,False,11593.9,24462.0,315,14627,14113,514,3.514,319.05
InvasionFront_CD3_block19.svs,9-4,False,13867.7,24836.8,315,16746,15544,1202,7.178,669.96
InvasionFront_CD3_block1.svs,1-1,False,4547.6,4272.7,296,18856,18317,539,2.859,243.23
InvasionFront_CD3_block1.svs,1-2,False,7071.3,4247.8,296,18118,17585,533,2.942,244.14
InvasionFront_CD3_block1.svs,2-1,False,4497.6,6746.4,120,19383,17443,1940,10.01,828.74
InvasionFront_CD3_block1.svs,2-2,False,7046.3,6721.4,120,18397,15923,2474,13.45,1052.1
InvasionFront_CD3_block1.svs,6-1,False,4172.8,16416.3,564,17577,17056,521,2.964,262.82
InvasionFront_CD3_block1.svs,6-2,False,6721.4,16566.2,564,18267,15628,2639,14.45,1226.6
InvasionFront_CD3_block1.svs,7-3,False,11344.0,19264.8,176,12657,12319,338,2.67,216.64
InvasionFront_CD3_block1.svs,7-4,False,13992.6,19439.7,176,15610,14673,937,6.003,505.22
InvasionFront_CD3_block1.svs,8-5,False,16303.9,22000.9,698,24041,20739,3302,13.73,1442.9
InvasionFront_CD3_block1.svs,8-6,False,18902.5,22088.3,698,19939,18736,1203,6.033,578.16
InvasionFront_CD3_block1.svs,9-3,False,11062.5,24232.3,250,14665,14623,42,0.2864,23.24
InvasionFront_CD3_block1.svs,9-4,False,13892.6,24287.1,250,14680,14601,79,0.5381,43.92
InvasionFront_CD3_block20.svs,3-5,False,17840.6,7820.9,580,12428,12301,127,1.022,106.74
InvasionFront_CD3_block20.svs,3-6,False,20389.2,8120.7,580,16534,16403,131,0.7923,76.85
InvasionFront_CD3_block20.svs,4-1,False,5497.1,9495.0,655,15199,12638,2561,16.85,1357.8
InvasionFront_CD3_block20.svs,4-2,False,7795.9,9669.9,655,17208,14840,2368,13.76,1211.9
InvasionFront_CD3_block20.svs,12-1,False,3598.1,28509.9,752,14827,14262,565,3.811,293.11
InvasionFront_CD3_block20.svs,12-2,False,6121.8,28909.7,752,16594,16093,501,3.019,245.29
InvasionFront_CD3_block21.svs,1-5,False,19214.8,12943.1,035,20235,17725,2510,12.4,1072.7
InvasionFront_CD3_block21.svs,1-6,False,21763.5,13168.0,035,19254,18091,1163,6.04,549.76
InvasionFront_CD3_block21.svs,3-3,False,13867.7,17965.5,355,12250,12202,48,0.3918,30.15
InvasionFront_CD3_block21.svs,3-4,False,16641.2,18090.4,355,15270,15232,38,0.2489,19.11
InvasionFront_CD3_block21.svs,7-1,False,5921.9,27535.4,262,19814,18371,1443,7.283,701.84
InvasionFront_CD3_block21.svs,7-2,False,8570.5,27810.3,262,19411,17174,2237,11.52,1067.0
InvasionFront_CD3_block21.svs,9-3,False,13143.0,33257.4,406,19762,17561,2201,11.14,941.82
InvasionFront_CD3_block21.svs,9-4,False,15816.6,33182.4,406,12168,11533,635,5.219,401.37
InvasionFront_CD3_block21.svs,9-5,False,18365.3,33282.4,475,3664,2626,1038,28.33,2273.5
InvasionFront_CD3_block21.svs,9-6,False,20864.0,33757.1,475,21765,15596,6169,28.34,2684.3
InvasionFront_CD3_block21.svs,10-1,False,5547.1,35131.4,615,19242,19075,167,0.8679,82.39
InvasionFront_CD3_block21.svs,10-2,False,7845.8,35281.3,615,10187,9445,742,7.284,661.0
InvasionFront_CD3_block22.svs,1-3,True,12243.5,13917.6,552,0,0,0,,
InvasionFront_CD3_block22.svs,1-4,False,15017.0,13967.6,552,7320,7082,238,3.251,201.55
InvasionFront_CD3_block22.svs,5-5,False,16991.0,24137.2,341,20851,20627,224,1.074,99.91
InvasionFront_CD3_block22.svs,5-6,False,19489.7,24262.2,341,18397,17859,538,2.924,269.78
InvasionFront_CD3_block22.svs,6-5,False,17016.0,26660.9,725,25201,25033,168,0.6666,64.78
InvasionFront_CD3_block22.svs,6-6,False,19714.6,26685.9,725,25830,25727,103,0.3988,38.82
InvasionFront_CD3_block22.svs,9-3,False,11793.8,33915.0,186,14655,13755,900,6.141,473.91
InvasionFront_CD3_block22.svs,9-4,False,14242.5,34131.9,186,18495,15882,2613,14.13,1250.8
InvasionFront_CD3_block2.svs,6-1,False,6346.6,28235.1,279,21751,21129,622,2.86,247.57
InvasionFront_CD3_block2.svs,6-2,False,8995.2,28310.0,279,20786,18939,1847,8.886,758.78
InvasionFront_CD3_block2.svs,7-3,False,13667.8,30883.6,115,19081,18706,375,1.965,178.2
InvasionFront_CD3_block2.svs,7-4,False,16216.4,30958.6,115,19019,18678,341,1.793,164.95
InvasionFront_CD3_block2.svs,10-1,True,6246.7,38554.6,230,0,0,0,,
InvasionFront_CD3_block2.svs,10-2,False,8745.4,38429.7,230,12190,11991,199,1.632,137.53
InvasionFront_CD3_block2.svs,10-3,False,13392.9,38404.7,712,23465,20058,3407,14.52,1312.4
InvasionFront_CD3_block2.svs,10-4,False,15841.6,38479.6,712,23770,20847,2923,12.3,1131.5
InvasionFront_CD3_block2.svs,11-5,False,18365.3,41153.2,352,21243,18562,2681,12.62,1067.2
InvasionFront_CD3_block2.svs,11-6,False,20963.9,41203.2,352,19783,17406,2377,12.02,1029.0
InvasionFront_CD3_block2.svs,12-1,False,6021.8,43252.1,670,24248,23378,870,3.588,342.62
InvasionFront_CD3_block2.svs,12-2,False,8645.4,43302.1,670,21522,20964,558,2.593,222.92
InvasionFront_CD3_block3.svs,2-3,False,13792.7,9520.0,060,20340,20021,319,1.568,145.35
InvasionFront_CD3_block3.svs,2-4,False,16491.3,9769.8,060,20280,19775,505,2.49,224.64
InvasionFront_CD3_block3.svs,4-3,True,12777.4,15861.8,086,0,0,0,,
InvasionFront_CD3_block3.svs,4-4,True,16020.5,15067.1,086,0,0,0,,
InvasionFront_CD3_block3.svs,4-5,False,18715.1,15416.8,458,20999,19117,1882,8.962,745.34
InvasionFront_CD3_block3.svs,4-6,False,21513.6,15416.8,458,21931,20656,1275,5.814,505.54
InvasionFront_CD3_block3.svs,5-1,False,5497.1,16916.0,561,22219,22028,191,0.8596,84.12
InvasionFront_CD3_block3.svs,5-2,False,7995.8,17140.9,561,22420,22261,159,0.7092,73.91
InvasionFront_CD3_block3.svs,11-1,False,3584.5,32690.1,548,9144,8677,467,5.107,420.62
InvasionFront_CD3_block3.svs,11-2,False,6142.4,33171.8,548,19645,18302,1343,6.836,589.22
InvasionFront_CD3_block3.svs,11-5,False,16099.8,34477.1,383,20606,18231,2375,11.53,963.95
InvasionFront_CD3_block3.svs,11-6,False,18799.2,34705.5,383,22149,17192,4957,22.38,2019.0
InvasionFront_CD3_block3.svs,12-3,False,10706.1,36452.4,089,11488,10999,489,4.257,356.41
InvasionFront_CD3_block3.svs,12-4,True,13347.3,36830.7,089,0,0,0,,
InvasionFront_CD3_block4.svs,4-3,False,14142.5,16166.4,124,15908,14377,1531,9.624,667.16
InvasionFront_CD3_block4.svs,4-4,False,16541.2,16166.4,124,16491,15647,844,5.118,391.32
InvasionFront_CD3_block4.svs,5-1,False,6621.5,18515.2,558,19520,18461,1059,5.425,483.18
InvasionFront_CD3_block4.svs,5-2,False,9220.1,18490.2,558,14385,14357,28,0.1946,16.34
InvasionFront_CD3_block4.svs,7-1,False,6071.8,23287.7,508,19322,17974,1348,6.977,643.69
InvasionFront_CD3_block4.svs,7-2,False,8920.3,23412.6,508,16120,15088,1032,6.402,545.3
InvasionFront_CD3_block4.svs,7-3,False,13742.7,23762.4,447,23964,21469,2495,10.41,1138.5
InvasionFront_CD3_block4.svs,7-4,False,16416.3,23637.5,447,23722,22119,1603,6.757,658.47
InvasionFront_CD3_block4.svs,11-3,False,13268.0,33507.3,327,23752,17922,5830,24.55,2367.2
InvasionFront_CD3_block4.svs,11-4,True,16016.5,33757.1,327,0,0,0,,
InvasionFront_CD3_block4.svs,12-1,False,5896.9,35556.2,746,24712,18403,6309,25.53,2574.3
InvasionFront_CD3_block4.svs,12-2,False,8595.4,35581.2,746,24390,19821,4569,18.73,1878.0
InvasionFront_CD3_block5.svs,1-1,False,4197.8,2598.6,414,21436,21020,416,1.941,173.15
InvasionFront_CD3_block5.svs,1-2,False,6571.5,2548.7,414,23428,22419,1009,4.307,393.58
InvasionFront_CD3_block5.svs,1-3,False,11394.0,2573.6,252,21126,19623,1503,7.114,634.62
InvasionFront_CD3_block5.svs,1-4,False,14017.6,2398.7,252,24244,21708,2536,10.46,1008.6
InvasionFront_CD3_block5.svs,2-5,False,16516.3,4997.4,672,26826,26077,749,2.792,257.05
InvasionFront_CD3_block5.svs,2-6,False,19114.9,5022.3,672,21302,20490,812,3.812,338.4
InvasionFront_CD3_block5.svs,5-1,False,3972.9,12518.4,511,20039,16914,3125,15.59,1283.5
InvasionFront_CD3_block5.svs,5-2,False,6596.5,12643.3,511,21127,17085,4042,19.13,1569.2
InvasionFront_CD3_block5.svs,6-3,False,11194.1,15466.8,061,24051,21980,2071,8.611,905.67
InvasionFront_CD3_block5.svs,6-4,False,13965.3,15194.3,061,7304,7188,116,1.588,92.37
InvasionFront_CD3_block5.svs,10-3,False,11019.2,25411.5,045,22290,20272,2018,9.053,813.42
InvasionFront_CD3_block5.svs,10-4,False,13717.7,25461.5,045,21302,18543,2759,12.95,1144.3
InvasionFront_CD3_block5.svs,10-5,False,16216.4,25561.5,299,25911,23723,2188,8.444,844.11
InvasionFront_CD3_block5.svs,10-6,False,18815.0,25561.5,299,27604,25620,1984,7.187,766.89
InvasionFront_CD3_block6.svs,7-3,False,11918.7,18315.3,091,20980,19066,1914,9.123,735.05
InvasionFront_CD3_block6.svs,7-4,False,14592.3,18440.2,091,20695,18583,2112,10.21,823.06
InvasionFront_CD3_block6.svs,8-1,False,4197.8,20314.2,259,24304,23177,1127,4.637,432.99
InvasionFront_CD3_block6.svs,8-2,False,6946.3,20489.2,259,22239,20408,1831,8.233,732.95
InvasionFront_CD3_block6.svs,9-1,False,3972.9,23012.8,487,23394,15221,8173,34.94,2979.2
InvasionFront_CD3_block6.svs,9-2,False,6771.4,23062.8,487,28216,20603,7613,26.98,2529.7
InvasionFront_CD3_block6.svs,12-5,False,15966.5,31583.3,286,17137,16395,742,4.33,333.43
InvasionFront_CD3_block6.svs,12-6,True,18840.0,31683.2,286,0,0,0,,
InvasionFront_CD3_block7.svs,1-1,False,4422.7,2173.8,103,22038,21471,567,2.573,238.79
InvasionFront_CD3_block7.svs,1-2,False,7071.3,2223.8,103,25016,24892,124,0.4957,51.24
InvasionFront_CD3_block7.svs,9-3,False,11369.0,21963.4,464,19939,18789,1150,5.768,481.4
InvasionFront_CD3_block7.svs,9-4,False,13992.6,21938.4,464,19800,18708,1092,5.515,466.39
InvasionFront_CD3_block7.svs,10-3,False,11444.9,24461.6,692,26810,26156,654,2.439,250.79
InvasionFront_CD3_block7.svs,10-4,False,14030.1,24337.1,692,13534,13068,466,3.443,289.14
InvasionFront_CD3_block7.svs,12-1,False,4222.8,29384.4,062,18044,17677,367,2.034,151.92
InvasionFront_CD3_block7.svs,12-2,False,6946.3,29284.5,062,19246,18539,707,3.673,304.37
InvasionFront_CD3_block8.svs,9-1,False,3673.1,33157.4,209,20017,19255,762,3.807,293.5
InvasionFront_CD3_block8.svs,9-2,False,6421.6,33082.5,209,28282,26419,1863,6.587,701.49
InvasionFront_CD3_block8.svs,9-3,False,11119.1,32857.6,238,23260,22557,703,3.022,295.52
InvasionFront_CD3_block8.svs,9-4,False,13892.6,32932.6,238,26114,24856,1258,4.817,528.33
InvasionFront_CD3_block8.svs,11-3,False,11325.3,37840.0,069,26434,26263,171,0.6469,71.28
InvasionFront_CD3_block8.svs,11-4,False,14005.1,37805.0,069,22105,21430,675,3.054,315.32
InvasionFront_CD3_block8.svs,12-5,False,16591.2,40253.7,306,20296,19998,298,1.468,118.7
InvasionFront_CD3_block8.svs,12-6,False,19139.9,40353.6,306,15093,14651,442,2.929,212.58
InvasionFront_CD3_block9.svs,2-3,False,13642.8,5547.1,585,31604,30807,797,2.522,283.5
InvasionFront_CD3_block9.svs,2-4,False,16316.4,5722.0,585,18116,17041,1075,5.934,541.53
InvasionFront_CD3_block9.svs,4-1,False,5722.0,9994.7,608,17223,16425,798,4.633,355.43
InvasionFront_CD3_block9.svs,4-2,False,8395.6,10244.6,608,18684,18354,330,1.766,133.75
InvasionFront_CD3_block9.svs,4-5,False,18490.2,10944.2,206,10989,10640,349,3.176,232.58
InvasionFront_CD3_block9.svs,4-6,False,21113.8,11319.0,206,21240,18449,2791,13.14,1120.2
InvasionFront_CD3_block9.svs,6-1,False,5197.2,15067.0,607,17137,16491,646,3.77,306.17
InvasionFront_CD3_block9.svs,6-2,False,7920.8,15341.9,607,16320,15997,323,1.979,146.76
InvasionFront_CD3_block9.svs,9-3,False,11843.7,23187.7,424,9351,7982,1369,14.64,1317.2
InvasionFront_CD3_block9.svs,9-4,True,14592.3,23287.7,424,0,0,0,,
InvasionFront_CD3_block9.svs,10-1,False,4172.8,25036.7,372,18243,15121,3122,17.11,1440.3
InvasionFront_CD3_block9.svs,10-2,False,6646.5,25461.5,372,7313,6157,1156,15.81,1277.7
InvasionFront_CD3_block9.svs,12-1,False,3648.2,29417.7,589,19511,18227,1284,6.581,573.01
InvasionFront_CD3_block9.svs,12-2,False,6170.1,30074.5,589,18763,17464,1299,6.923,587.59
InvasionFront_CD3_block9.svs,12-3,False,10844.3,30733.7,589,13060,12942,118,0.9035,65.64
InvasionFront_CD3_block9.svs,12-4,False,13233.1,31172.7,589,16544,15897,647,3.911,304.39
InvasionFront_CD3_block9.svs,12-5,False,15866.6,31808.2,762,24365,22689,1676,6.879,659.46
InvasionFront_CD3_block9.svs,12-6,False,19005.6,33559.3,762,27520,24475,3045,11.06,1120.9
TumorCenter_CD3_block10.svs,1-5,False,18640.1,2323.8,037,14177,13681,496,3.499,315.5
TumorCenter_CD3_block10.svs,1-6,False,20988.9,2073.9,037,23854,19011,4843,20.3,1841.0
TumorCenter_CD3_block10.svs,2-1,False,6396.6,5397.1,222,23197,20041,3156,13.61,1275.3
TumorCenter_CD3_block10.svs,2-2,False,8845.3,5297.2,222,23669,20484,3185,13.46,1403.5
TumorCenter_CD3_block10.svs,5-1,False,6571.5,12618.3,443,18830,16559,2271,12.06,1028.5
TumorCenter_CD3_block10.svs,5-2,False,9070.2,12568.3,443,23640,18691,4949,20.93,1952.6
TumorCenter_CD3_block10.svs,5-5,False,18965.0,12318.5,072,20353,18944,1409,6.923,612.35
TumorCenter_CD3_block10.svs,5-6,False,21563.6,12268.5,072,17308,16235,1073,6.199,461.41
TumorCenter_CD3_block10.svs,6-3,False,14017.6,14717.2,751,15033,14336,697,4.636,328.54
TumorCenter_CD3_block10.svs,6-4,False,16591.2,14767.2,751,12886,10780,2106,16.34,1245.7
TumorCenter_CD3_block10.svs,8-5,False,19039.9,19814.5,452,26643,22593,4050,15.2,1509.2
TumorCenter_CD3_block10.svs,8-6,False,21588.6,19889.5,452,20438,18476,1962,9.6,836.83
TumorCenter_CD3_block11.svs,1-3,False,14931.2,2394.5,015,16325,16007,318,1.948,169.54
TumorCenter_CD3_block11.svs,1-4,False,17456.4,2570.9,015,19541,19213,328,1.679,146.15
TumorCenter_CD3_block11.svs,3-5,False,19539.7,7646.0,073,20800,13986,6814,32.76,2941.5
TumorCenter_CD3_block11.svs,3-6,False,22013.3,7770.9,073,19822,15244,4578,23.1,2019.9
TumorCenter_CD3_block11.svs,4-3,False,14467.3,9844.8,433,22976,22111,865,3.765,422.53
TumorCenter_CD3_block11.svs,4-4,False,17016.0,10019.7,433,26987,26240,747,2.768,281.85
TumorCenter_CD3_block11.svs,4-5,False,19439.7,10144.6,283,23396,22510,886,3.787,370.32
TumorCenter_CD3_block11.svs,4-6,False,21863.4,10294.5,283,18127,17770,357,1.969,161.81
TumorCenter_CD3_block11.svs,5-1,False,6996.3,11918.7,141,18189,15500,2689,14.78,1235.9
TumorCenter_CD3_block11.svs,5-2,False,9594.9,12043.6,141,18339,15294,3045,16.6,1381.4
TumorCenter_CD3_block11.svs,5-5,True,19450.3,12673.7,027,0,0,0,,
TumorCenter_CD3_block11.svs,5-6,True,21856.6,12684.7,027,0,0,0,,
TumorCenter_CD3_block11.svs,10-3,False,13467.9,24761.9,109,22003,20469,1534,6.972,661.25
TumorCenter_CD3_block11.svs,10-4,False,15991.5,25061.7,109,8263,7841,422,5.107,441.39
TumorCenter_CD3_block11.svs,10-5,True,18577.7,25143.0,410,0,0,0,,
TumorCenter_CD3_block11.svs,10-6,False,21063.8,25061.7,410,6938,5321,1617,23.31,1600.4
TumorCenter_CD3_block11.svs,12-1,False,5996.8,29109.6,314,21474,21003,471,2.193,201.53
TumorCenter_CD3_block11.svs,12-2,False,8495.5,29359.5,314,23517,23057,460,1.956,186.61
TumorCenter_CD3_block12.svs,1-3,False,10819.3,2573.6,088,23341,21328,2013,8.624,810.97
TumorCenter_CD3_block12.svs,1-4,False,13442.9,2523.7,088,26754,25952,802,2.998,298.2
TumorCenter_CD3_block12.svs,2-5,False,15966.5,4922.4,646,19458,16533,2925,15.03,1343.5
TumorCenter_CD3_block12.svs,2-6,False,18365.3,4822.4,646,19644,18355,1289,6.562,561.11
TumorCenter_CD3_block12.svs,5-3,False,10844.3,12443.4,584,22815,22212,603,2.643,227.6
TumorCenter_CD3_block12.svs,5-4,False,13417.9,12468.4,584,23417,22261,1156,4.937,436.77
TumorCenter_CD3_block12.svs,6-5,True,15741.7,15142.0,448,0,0,0,,
TumorCenter_CD3_block12.svs,6-6,True,18140.4,15167.0,448,0,0,0,,
TumorCenter_CD3_block12.svs,9-3,False,10544.4,22388.1,755,17216,14964,2252,13.08,1007.2
TumorCenter_CD3_block12.svs,9-4,False,13093.1,22488.1,755,20062,18334,1728,8.613,737.48
TumorCenter_CD3_block12.svs,10-5,False,15441.8,25011.8,703,19750,19678,72,0.3646,32.93
TumorCenter_CD3_block12.svs,10-6,False,17840.6,25111.7,703,18347,18159,188,1.025,88.52
TumorCenter_CD3_block12.svs,11-5,False,15341.9,27410.5,675,17849,17065,784,4.392,399.32
TumorCenter_CD3_block12.svs,11-6,False,17765.6,27510.4,675,13150,12274,876,6.662,529.18
TumorCenter_CD3_block13.svs,2-1,False,5547.1,10919.2,362,29894,29415,479,1.602,171.75
TumorCenter_CD3_block13.svs,2-2,False,8095.7,11194.1,362,26816,26374,442,1.648,166.41
TumorCenter_CD3_block13.svs,2-3,False,12743.3,11568.9,094,17632,16624,1008,5.717,508.97
TumorCenter_CD3_block13.svs,2-4,False,15241.9,11693.8,094,16916,15944,972,5.746,505.14
TumorCenter_CD3_block13.svs,3-3,False,12568.3,13892.6,724,17257,16477,780,4.52,389.72
TumorCenter_CD3_block13.svs,3-4,False,15067.0,14117.5,724,16907,16161,746,4.412,380.65
TumorCenter_CD3_block13.svs,7-5,False,16816.1,24187.2,066,19248,16702,2546,13.23,1076.0
TumorCenter_CD3_block13.svs,7-6,False,19364.7,24437.1,066,15336,11990,3346,21.82,1677.4
TumorCenter_CD3_block13.svs,10-1,False,3723.0,30783.7,666,21670,16046,5624,25.95,2116.1
TumorCenter_CD3_block13.svs,10-2,False,6271.7,31033.6,666,16212,13156,3056,18.85,1332.5
TumorCenter_CD3_block14.svs,3-3,False,12043.6,7845.8,557,20594,18146,2448,11.89,962.9
TumorCenter_CD3_block14.svs,3-4,False,14692.2,7945.8,557,22478,20792,1686,7.501,650.19
TumorCenter_CD3_block14.svs,4-5,False,17041.0,10669.4,155,17097,13849,3248,19.0,1489.9
TumorCenter_CD3_block14.svs,4-6,False,19464.7,10844.3,155,16055,15335,720,4.485,353.05
TumorCenter_CD3_block14.svs,5-1,False,4447.6,12368.5,354,15248,14838,410,2.689,175.37
TumorCenter_CD3_block14.svs,5-2,False,7021.3,12568.3,354,11910,11546,364,3.056,176.73
TumorCenter_CD3_block14.svs,6-5,False,16391.3,15591.7,368,10619,10099,520,4.897,282.14
TumorCenter_CD3_block14.svs,6-6,False,18989.9,15816.6,368,18158,14188,3970,21.86,1736.6
TumorCenter_CD3_block14.svs,10-1,False,3673.1,24886.8,660,15173,14847,326,2.149,150.81
TumorCenter_CD3_block14.svs,10-2,False,6096.8,25136.7,660,12619,12253,366,2.9,196.96
TumorCenter_CD3_block15.svs,1-1,False,4097.8,5996.8,220,14739,14259,480,3.257,226.65
TumorCenter_CD3_block15.svs,1-2,False,6671.5,6021.8,220,16822,16244,578,3.436,238.68
TumorCenter_CD3_block15.svs,1-5,False,16441.3,5896.9,353,15709,14839,870,5.538,373.63
TumorCenter_CD3_block15.svs,1-6,False,18989.9,5672.0,353,18491,17306,1185,6.409,530.3
TumorCenter_CD3_block15.svs,2-1,True,4172.8,8545.5,613,0,0,0,,
TumorCenter_CD3_block15.svs,2-2,False,6571.5,8470.5,613,19007,18746,261,1.373,121.34
TumorCenter_CD3_block15.svs,3-3,False,11344.0,10744.3,179,19874,18821,1053,5.298,425.4
TumorCenter_CD3_block15.svs,3-4,False,13917.6,10719.3,179,17312,16526,786,4.54,324.06
TumorCenter_CD3_block15.svs,6-5,False,16416.3,18390.3,180,14481,13833,648,4.475,283.62
TumorCenter_CD3_block15.svs,6-6,False,18965.0,18390.3,180,14611,14068,543,3.716,237.81
TumorCenter_CD3_block15.svs,12-3,False,10944.2,33282.4,486,15849,15600,249,1.571,110.63
TumorCenter_CD3_block15.svs,12-4,False,13467.9,33407.3,486,19941,19284,657,3.295,281.85
TumorCenter_CD3_block16.svs,1-1,False,5247.2,2298.8,323,21881,19595,2286,10.45,891.27
TumorCenter_CD3_block16.svs,1-2,False,7845.8,2448.7,323,21674,20193,1481,6.833,558.78
TumorCenter_CD3_block16.svs,3-5,True,17165.9,7945.8,018,0,0,0,,
TumorCenter_CD3_block16.svs,3-6,False,19939.4,8070.7,018,4002,3898,104,2.599,130.82
TumorCenter_CD3_block16.svs,8-1,False,3947.9,20139.3,050,15419,15329,90,0.5837,42.73
TumorCenter_CD3_block16.svs,8-2,False,6596.5,20214.3,050,11751,11539,212,1.804,107.09
TumorCenter_CD3_block16.svs,8-3,False,11468.9,20514.1,588,16387,15934,453,2.764,187.58
TumorCenter_CD3_block16.svs,8-4,False,14092.5,20614.1,588,14872,14785,87,0.585,41.03
TumorCenter_CD3_block16.svs,12-5,False,15791.6,31108.5,654,21219,17141,4078,19.22,1657.3
TumorCenter_CD3_block16.svs,12-6,False,18640.1,31433.4,654,23350,21250,2100,8.994,834.35
TumorCenter_CD3_block17.svs,1-3,False,10819.3,2573.6,170,22248,17883,4365,19.62,1670.7
TumorCenter_CD3_block17.svs,1-4,False,13367.9,2498.7,170,22217,18230,3987,17.95,1494.0
TumorCenter_CD3_block17.svs,6-1,False,3548.1,15067.0,681,17973,16073,1900,10.57,904.37
TumorCenter_CD3_block17.svs,6-2,False,6146.7,14867.1,681,20000,17265,2735,13.68,1115.5
TumorCenter_CD3_block17.svs,12-5,False,15516.8,29784.2,524,16996,16099,897,5.278,414.1
TumorCenter_CD3_block17.svs,12-6,False,17865.5,29884.2,524,19068,17418,1650,8.653,778.2
TumorCenter_CD3_block18.svs,1-3,False,11114.9,2523.5,082,13737,13689,48,0.3494,21.12
TumorCenter_CD3_block18.svs,1-4,False,13565.7,2598.5,082,16801,16770,31,0.1845,13.12
TumorCenter_CD3_block18.svs,2-1,False,3972.9,5072.3,166,28356,28064,292,1.03,108.39
TumorCenter_CD3_block18.svs,2-2,False,6546.5,4772.5,166,27245,27021,224,0.8222,82.78
TumorCenter_CD3_block18.svs,2-3,False,11114.9,4922.4,330,18470,18352,118,0.6389,60.7
TumorCenter_CD3_block18.svs,2-4,False,13565.7,4997.4,330,14511,14441,70,0.4824,37.07
TumorCenter_CD3_block18.svs,4-1,False,3650.0,9565.6,392,11480,10618,862,7.509,565.85
TumorCenter_CD3_block18.svs,4-2,False,6191.2,9743.7,392,14080,12720,1360,9.659,758.26
TumorCenter_CD3_block18.svs,6-5,False,15754.2,14654.7,566,15602,13718,1884,12.08,868.28
TumorCenter_CD3_block18.svs,6-6,False,18165.4,14729.7,566,18442,18261,181,0.9815,86.57
TumorCenter_CD3_block18.svs,11-3,False,10656.9,26710.9,280,5679,4198,1481,26.08,1054.9
TumorCenter_CD3_block18.svs,11-4,False,13036.8,26798.3,280,8216,6732,1484,18.06,927.79
TumorCenter_CD3_block18.svs,12-1,False,3408.4,28802.8,161,20127,20105,22,0.1093,10.82
TumorCenter_CD3_block18.svs,12-2,False,5836.3,28816.6,161,8856,8665,191,2.157,119.02
TumorCenter_CD3_block18.svs,12-3,False,10416.3,29102.8,263,10656,10556,100,0.9384,43.51
TumorCenter_CD3_block18.svs,12-4,False,12991.7,29160.2,263,8269,8023,246,2.975,99.85
TumorCenter_CD3_block18.svs,12-5,True,15522.1,28992.1,255,0,0,0,,
TumorCenter_CD3_block18.svs,12-6,False,17810.3,29067.7,255,10266,10088,178,1.734,99.68
TumorCenter_CD3_block19.svs,3-5,False,15891.6,7895.8,137,21446,21112,334,1.557,140.09
TumorCenter_CD3_block19.svs,3-6,False,18390.3,7496.0,137,21766,21653,113,0.5192,45.98
TumorCenter_CD3_block19.svs,4-5,False,16316.4,10469.5,477,26887,25673,1214,4.515,462.4
TumorCenter_CD3_block19.svs,4-6,False,18890.0,9819.8,477,22532,21983,549,2.437,269.41
TumorCenter_CD3_block19.svs,7-1,False,4997.4,19839.5,002,21397,19709,1688,7.889,709.32
TumorCenter_CD3_block19.svs,7-2,False,7596.0,19514.7,002,22153,20462,1691,7.633,668.52
TumorCenter_CD3_block19.svs,8-1,False,5547.1,22263.2,337,13489,11888,1601,11.87,854.44
TumorCenter_CD3_block19.svs,8-2,False,7920.8,21913.4,337,11686,11117,569,4.869,379.15
TumorCenter_CD3_block19.svs,8-3,False,12793.2,21188.8,277,16199,15302,897,5.537,488.35
TumorCenter_CD3_block19.svs,8-4,False,15216.9,20764.0,277,16343,15590,753,4.607,391.54
TumorCenter_CD3_block19.svs,9-1,False,5896.9,24686.9,519,19354,19303,51,0.2635,22.57
TumorCenter_CD3_block19.svs,9-2,False,8370.6,24362.1,519,12408,12379,29,0.2337,17.76
TumorCenter_CD3_block19.svs,9-3,False,12941.3,23548.0,315,11732,10144,1588,13.54,817.35
TumorCenter_CD3_block19.svs,9-4,False,15516.8,23312.7,315,14440,13318,1122,7.77,530.14
TumorCenter_CD3_block1.svs,2-1,False,3198.3,5946.9,296,16675,13806,2869,17.21,1360.7
TumorCenter_CD3_block1.svs,2-2,False,5703.0,5829.6,296,14333,11316,3017,21.05,1716.2
TumorCenter_CD3_block1.svs,4-1,False,3417.2,10615.0,120,14007,12734,1273,9.088,700.78
TumorCenter_CD3_block1.svs,4-2,False,5846.9,10494.4,120,10830,9097,1733,16.0,1147.4
TumorCenter_CD3_block1.svs,8-1,True,3773.0,20264.3,564,0,0,0,,
TumorCenter_CD3_block1.svs,8-2,False,6242.6,20029.6,564,9009,8608,401,4.451,321.61
TumorCenter_CD3_block1.svs,9-3,False,11100.1,22397.7,176,17030,16989,41,0.2408,20.42
TumorCenter_CD3_block1.svs,9-4,False,13466.0,22184.2,176,17535,17455,80,0.4562,38.97
TumorCenter_CD3_block1.svs,10-5,False,16066.5,24786.9,698,25519,18937,6582,25.79,2342.8
TumorCenter_CD3_block1.svs,10-6,False,18615.1,24811.9,698,18894,16564,2330,12.33,1107.4
TumorCenter_CD3_block1.svs,11-3,False,11144.1,27410.5,250,20487,8404,12083,58.98,5186.5
TumorCenter_CD3_block1.svs,11-4,False,13667.8,27260.6,250,21739,10928,10811,49.73,4467.6
TumorCenter_CD3_block20.svs,3-5,False,16387.8,6929.9,580,16964,16813,151,0.8901,79.25
TumorCenter_CD3_block20.svs,3-6,False,18939.3,6898.7,580,17174,17099,75,0.4367,39.6
TumorCenter_CD3_block20.svs,4-1,False,3975.3,9326.7,655,15668,13637,2031,12.96,1017.6
TumorCenter_CD3_block20.svs,4-2,False,6245.0,9437.8,655,13860,12346,1514,10.92,871.5
TumorCenter_CD3_block20.svs,11-1,False,3752.5,26623.1,752,14706,11364,3342,22.73,1495.4
TumorCenter_CD3_block20.svs,11-2,True,6335.3,26588.3,752,0,0,0,,
TumorCenter_CD3_block20.svs,12-1,False,3782.5,29193.4,694,3454,2939,515,14.91,405.22
TumorCenter_CD3_block20.svs,12-2,False,6380.4,28963.2,694,4644,3640,1004,21.62,564.96
TumorCenter_CD3_block21.svs,1-5,True,16184.6,3958.4,035,0,0,0,,
TumorCenter_CD3_block21.svs,1-6,False,19089.9,3922.9,035,11471,11056,415,3.618,336.73
TumorCenter_CD3_block21.svs,3-3,False,11049.7,9710.4,355,12478,12460,18,0.1443,11.69
TumorCenter_CD3_block21.svs,3-4,True,13646.3,9710.5,355,0,0,0,,
TumorCenter_CD3_block21.svs,7-1,False,3648.1,20364.2,262,14241,12781,1460,10.25,796.27
TumorCenter_CD3_block21.svs,7-2,False,6271.7,20214.3,262,18304,17421,883,4.824,435.74
TumorCenter_CD3_block21.svs,9-3,False,11119.1,25111.7,406,11435,10393,1042,9.112,626.35
TumorCenter_CD3_block21.svs,9-4,False,13617.8,25061.7,406,9773,8088,1685,17.24,1031.6
TumorCenter_CD3_block21.svs,9-5,False,16016.5,25061.7,475,21326,13274,8052,37.76,3001.2
TumorCenter_CD3_block21.svs,9-6,False,18540.2,25086.7,475,19699,11502,8197,41.61,3140.1
TumorCenter_CD3_block21.svs,10-1,False,3863.3,27673.7,615,14237,12444,1793,12.59,1001.4
TumorCenter_CD3_block21.svs,10-2,False,6361.9,27618.3,615,6576,5743,833,12.67,673.11
TumorCenter_CD3_block22.svs,1-3,False,12043.6,3602.3,552,18798,18667,131,0.6969,57.18
TumorCenter_CD3_block22.svs,1-4,False,14622.1,3655.2,552,23729,23547,182,0.767,74.23
TumorCenter_CD3_block22.svs,5-5,False,16540.7,13156.7,341,14020,13965,55,0.3923,29.62
TumorCenter_CD3_block22.svs,5-6,False,18945.4,12984.4,341,18146,18100,46,0.2535,21.64
TumorCenter_CD3_block22.svs,6-5,False,16641.2,15666.7,725,29751,29713,38,0.1277,13.06
TumorCenter_CD3_block22.svs,6-6,False,19239.8,15716.7,725,32293,32284,9,0.0279,3.08
TumorCenter_CD3_block22.svs,9-3,False,11194.1,23012.8,186,15333,14895,438,2.857,210.21
TumorCenter_CD3_block22.svs,9-4,True,13867.7,23087.8,186,0,0,0,,
TumorCenter_CD3_block2.svs,6-1,False,4097.8,14267.4,279,23409,21474,1935,8.266,806.6
TumorCenter_CD3_block2.svs,6-2,False,6696.5,14367.4,279,21108,18870,2238,10.6,951.41
TumorCenter_CD3_block2.svs,7-3,False,11294.0,17066.0,115,15453,14903,550,3.559,284.98
TumorCenter_CD3_block2.svs,7-4,False,13792.7,17240.9,115,19883,19014,869,4.371,426.81
TumorCenter_CD3_block2.svs,10-1,False,3573.1,24262.2,230,14302,14059,243,1.699,130.99
TumorCenter_CD3_block2.svs,10-2,False,6146.7,24312.1,230,14202,13154,1048,7.379,665.37
TumorCenter_CD3_block2.svs,10-3,False,10794.3,24462.0,712,21274,16498,4776,22.45,1941.6
TumorCenter_CD3_block2.svs,10-4,False,13342.9,24736.9,712,18069,15153,2916,16.14,1466.2
TumorCenter_CD3_block2.svs,11-5,False,15716.7,27260.6,352,20276,16729,3547,17.49,1509.4
TumorCenter_CD3_block2.svs,11-6,False,18265.3,27435.5,352,20777,17525,3252,15.65,1353.6
TumorCenter_CD3_block2.svs,12-1,False,3398.2,29109.6,670,9824,9673,151,1.537,121.46
TumorCenter_CD3_block2.svs,12-2,False,5946.9,29209.5,670,20650,19633,1017,4.925,443.73
TumorCenter_CD3_block3.svs,2-3,False,11108.5,11250.9,060,13906,12707,1199,8.622,618.16
TumorCenter_CD3_block3.svs,2-4,True,13648.1,11218.5,060,0,0,0,,
TumorCenter_CD3_block3.svs,4-3,True,11019.2,16191.4,086,0,0,0,,
TumorCenter_CD3_block3.svs,4-4,True,13582.4,16253.4,086,0,0,0,,
TumorCenter_CD3_block3.svs,4-5,False,16211.5,16249.4,458,13411,11455,1956,14.59,1174.5
TumorCenter_CD3_block3.svs,4-6,False,18629.7,16205.7,458,358,325,33,9.218,394.76
TumorCenter_CD3_block3.svs,5-1,False,3673.1,18715.1,561,17566,16800,766,4.361,379.74
TumorCenter_CD3_block3.svs,5-2,False,6192.5,18677.2,561,2159,2127,32,1.482,112.54
TumorCenter_CD3_block3.svs,9-1,False,3423.2,28410.0,548,13767,10163,3604,26.18,1869.0
TumorCenter_CD3_block3.svs,9-2,False,6071.8,28484.9,548,14775,11282,3493,23.64,1693.3
TumorCenter_CD3_block3.svs,9-5,False,15634.7,28807.1,383,18771,18166,605,3.223,245.19
TumorCenter_CD3_block3.svs,9-6,False,18190.4,29009.6,383,20331,19980,351,1.726,137.57
TumorCenter_CD3_block3.svs,10-3,True,10698.3,31475.4,089,0,0,0,,
TumorCenter_CD3_block3.svs,10-4,True,13091.8,31377.4,089,0,0,0,,
TumorCenter_CD3_block3.svs,12-5,False,15280.2,36291.4,714,16286,14829,1457,8.946,645.89
TumorCenter_CD3_block3.svs,12-6,False,17665.6,36380.7,714,13130,12322,808,6.154,432.95
TumorCenter_CD3_block4.svs,4-3,False,11144.1,10294.5,124,14718,13676,1042,7.08,496.06
TumorCenter_CD3_block4.svs,4-4,False,13667.8,10169.6,124,15230,14200,1030,6.763,509.78
TumorCenter_CD3_block4.svs,5-1,False,3498.1,12843.2,558,19250,18341,909,4.722,409.46
TumorCenter_CD3_block4.svs,5-2,False,6321.7,12893.2,558,17745,16871,874,4.925,439.11
TumorCenter_CD3_block4.svs,7-1,False,3398.2,17840.6,508,18443,14944,3499,18.97,1472.5
TumorCenter_CD3_block4.svs,7-2,True,6221.7,17915.5,508,0,0,0,,
TumorCenter_CD3_block4.svs,7-3,False,11119.1,18065.4,447,23583,21218,2365,10.03,999.09
TumorCenter_CD3_block4.svs,7-4,False,13617.8,18115.4,447,20201,18628,1573,7.787,781.25
TumorCenter_CD3_block4.svs,11-3,False,11269.0,28260.0,327,16677,14652,2025,12.14,1011.4
TumorCenter_CD3_block4.svs,11-4,False,13767.7,28185.1,327,18365,15533,2832,15.42,1279.7
TumorCenter_CD3_block4.svs,12-1,False,3972.9,30908.6,746,26953,22720,4233,15.71,1558.7
TumorCenter_CD3_block4.svs,12-2,False,6521.5,30858.7,746,22066,19596,2470,11.19,1090.9
TumorCenter_CD3_block5.svs,1-1,True,5771.9,1899.0,414,0,0,0,,
TumorCenter_CD3_block5.svs,1-2,False,8520.5,2223.8,414,20514,19818,696,3.393,281.21
TumorCenter_CD3_block5.svs,1-3,False,13317.9,2623.6,252,19863,17545,2318,11.67,978.81
TumorCenter_CD3_block5.svs,1-4,False,15841.6,2823.5,252,22458,18614,3844,17.12,1657.4
TumorCenter_CD3_block5.svs,2-5,False,18065.4,5422.1,672,24256,23676,580,2.391,215.83
TumorCenter_CD3_block5.svs,2-6,False,20639.1,5697.0,672,22801,21404,1397,6.127,521.51
TumorCenter_CD3_block5.svs,4-1,False,5122.3,9145.2,511,23301,19005,4296,18.44,1629.3
TumorCenter_CD3_block5.svs,4-2,False,7820.9,9569.9,511,13983,13075,908,6.494,505.28
TumorCenter_CD3_block5.svs,5-3,False,12268.5,12393.4,061,8462,6932,1530,18.08,1281.8
TumorCenter_CD3_block5.svs,5-4,True,14767.2,12518.4,061,0,0,0,,
TumorCenter_CD3_block5.svs,8-3,False,11419.0,19964.4,045,23803,18547,5256,22.08,2206.7
TumorCenter_CD3_block5.svs,8-4,False,14067.6,20089.4,045,22634,19003,3631,16.04,1572.2
TumorCenter_CD3_block5.svs,8-5,True,16566.2,20389.2,299,0,0,0,,
TumorCenter_CD3_block5.svs,8-6,True,19189.8,20639.1,299,0,0,0,,
TumorCenter_CD3_block5.svs,11-5,False,15691.7,27785.3,078,19775,11277,8498,42.97,3623.6
TumorCenter_CD3_block5.svs,11-6,False,18090.4,28085.1,078,19768,16360,3408,17.24,1579.0
TumorCenter_CD3_block5.svs,12-1,False,3598.1,29109.6,292,22863,20895,1968,8.608,765.36
TumorCenter_CD3_block5.svs,12-2,False,5996.8,29259.5,292,19741,17531,2210,11.19,938.1
TumorCenter_CD3_block6.svs,5-3,True,11244.0,12843.2,091,0,0,0,,
TumorCenter_CD3_block6.svs,5-4,True,13817.7,12718.3,091,0,0,0,,
TumorCenter_CD3_block6.svs,6-1,False,3773.0,15416.8,259,25672,16067,9605,37.41,3434.3
TumorCenter_CD3_block6.svs,6-2,False,6471.6,15341.9,259,23778,19108,4670,19.64,1725.8
TumorCenter_CD3_block6.svs,7-1,False,3897.9,18090.4,487,22941,21931,1010,4.403,374.64
TumorCenter_CD3_block6.svs,7-2,False,6371.6,18090.4,487,12843,12007,836,6.509,575.41
TumorCenter_CD3_block6.svs,10-5,True,16291.4,25386.6,286,0,0,0,,
TumorCenter_CD3_block6.svs,10-6,True,19014.9,25436.5,286,0,0,0,,
TumorCenter_CD3_block7.svs,1-1,False,4230.0,2576.7,103,17664,17607,57,0.3227,26.23
TumorCenter_CD3_block7.svs,1-2,False,6796.4,2673.6,103,18941,18879,62,0.3273,27.24
TumorCenter_CD3_block7.svs,9-3,False,10744.3,22787.9,464,12803,12475,328,2.562,185.79
TumorCenter_CD3_block7.svs,9-4,True,13243.0,22887.9,464,0,0,0,,
TumorCenter_CD3_block7.svs,10-3,False,10744.3,25361.6,692,25393,21748,3645,14.35,1392.1
TumorCenter_CD3_block7.svs,10-4,False,13317.9,25336.6,692,24689,21354,3335,13.51,1274.0
TumorCenter_CD3_block7.svs,12-1,False,3448.2,30358.9,062,21151,17571,3580,16.93,1405.3
TumorCenter_CD3_block7.svs,12-2,False,6071.8,30333.9,062,21504,18842,2662,12.38,1080.2
TumorCenter_CD3_block8.svs,9-1,False,5472.1,24237.2,209,22620,19384,3236,14.31,1292.5
TumorCenter_CD3_block8.svs,9-2,False,8045.7,24012.3,209,27739,26373,1366,4.924,507.37
TumorCenter_CD3_block8.svs,9-3,False,12618.3,23487.6,238,25074,24227,847,3.378,367.29
TumorCenter_CD3_block8.svs,9-4,False,15117.0,23037.8,238,17522,15812,1710,9.759,949.32
TumorCenter_CD3_block8.svs,11-3,False,13342.9,29109.6,069,12895,12358,537,4.164,379.11
TumorCenter_CD3_block8.svs,11-4,False,15841.5,28938.4,069,6119,5580,539,8.809,735.9
TumorCenter_CD3_block8.svs,12-5,False,18740.1,30983.6,306,18624,17450,1174,6.304,523.74
TumorCenter_CD3_block8.svs,12-6,False,21313.7,30583.8,306,13478,12603,875,6.492,467.66
TumorCenter_CD3_block9.svs,2-3,False,11743.8,10669.4,585,25793,17753,8040,31.17,2849.7
TumorCenter_CD3_block9.svs,2-4,False,14367.4,10719.3,585,27817,18388,9429,33.9,3244.7
TumorCenter_CD3_block9.svs,4-1,False,4322.7,15491.8,608,16611,16539,72,0.4334,32.83
TumorCenter_CD3_block9.svs,4-2,False,6846.4,15541.8,608,14005,13612,393,2.806,175.77
TumorCenter_CD3_block9.svs,4-5,False,16691.2,15891.6,206,19956,18321,1635,8.193,697.59
TumorCenter_CD3_block9.svs,4-6,False,19239.8,16016.5,206,22339,19508,2831,12.67,1081.0
TumorCenter_CD3_block9.svs,6-1,False,3947.9,20464.2,607,15780,15673,107,0.6781,46.38
TumorCenter_CD3_block9.svs,6-2,False,6671.5,20539.1,607,14333,14074,259,1.807,111.42
TumorCenter_CD3_block9.svs,9-3,False,10919.2,28135.1,424,23967,21430,2537,10.59,1092.8
TumorCenter_CD3_block9.svs,9-4,False,13642.8,28160.1,424,11331,8775,2556,22.56,1938.4
TumorCenter_CD3_block9.svs,10-1,False,3648.1,30458.9,372,18211,11667,6544,35.93,2831.7
TumorCenter_CD3_block9.svs,10-2,False,6221.7,30508.8,372,21713,14801,6912,31.83,3005.9
TumorCenter_CD3_block9.svs,12-1,False,3623.1,35306.3,589,22799,20919,1880,8.246,774.6
TumorCenter_CD3_block9.svs,12-2,False,6221.7,35356.3,589,20307,18407,1900,9.356,792.11
TumorCenter_CD3_block9.svs,12-3,False,10869.2,35481.2,589,17052,13139,3913,22.95,1793.8
TumorCenter_CD3_block9.svs,12-4,True,13392.9,35431.2,589,0,0,0,,
TumorCenter_CD3_block9.svs,12-5,False,15891.6,35556.2,762,14384,7764,6620,46.02,3660.2
TumorCenter_CD3_block9.svs,12-6,False,18215.4,35606.1,762,18658,10156,8502,45.57,3958.9
InvasionFront_CD8_block10.svs,1-5,False,18315.3,7945.8,037,17426,13047,4379,25.13,2360.7
InvasionFront_CD8_block10.svs,1-6,False,20689.0,8095.7,037,23448,20390,3058,13.04,1239.2
InvasionFront_CD8_block10.svs,2-1,False,5672.0,10369.5,222,23004,16145,6859,29.82,2910.9
InvasionFront_CD8_block10.svs,2-2,False,7970.8,10344.5,222,24568,22447,2121,8.633,941.32
InvasionFront_CD8_block10.svs,5-1,False,5047.3,18440.2,443,25218,21880,3338,13.24,1309.0
InvasionFront_CD8_block10.svs,5-2,False,7920.8,18115.4,443,23769,20329,3440,14.47,1366.5
InvasionFront_CD8_block10.svs,5-5,False,17940.5,18290.3,072,20037,19567,470,2.346,199.72
InvasionFront_CD8_block10.svs,5-6,False,20564.1,18565.2,072,20115,19476,639,3.177,297.3
InvasionFront_CD8_block10.svs,6-3,False,12193.5,20814.0,751,13777,12163,1614,11.72,889.97
InvasionFront_CD8_block10.svs,6-4,False,15291.9,20764.0,751,18388,17383,1005,5.466,419.78
InvasionFront_CD8_block10.svs,8-5,False,17790.6,26685.9,452,24783,19455,5328,21.5,1986.0
InvasionFront_CD8_block10.svs,8-6,False,20539.1,26511.0,452,25770,21311,4459,17.3,1743.4
InvasionFront_CD8_block11.svs,1-3,False,13921.3,12601.6,015,20920,20793,127,0.6071,53.24
InvasionFront_CD8_block11.svs,1-4,False,16594.6,12759.5,015,8070,7965,105,1.301,123.45
InvasionFront_CD8_block11.svs,3-5,False,18643.5,18113.1,073,10885,10098,787,7.23,571.54
InvasionFront_CD8_block11.svs,3-6,False,21185.0,18170.5,073,8047,7782,265,3.293,262.14
InvasionFront_CD8_block11.svs,4-3,False,13662.9,20386.8,433,3774,3744,30,0.7949,87.97
InvasionFront_CD8_block11.svs,4-4,True,16278.7,20386.8,433,0,0,0,,
InvasionFront_CD8_block11.svs,4-5,False,18643.5,20573.5,283,26580,25752,828,3.115,339.56
InvasionFront_CD8_block11.svs,4-6,False,21185.0,20630.9,283,11044,11009,35,0.3169,28.85
InvasionFront_CD8_block11.svs,5-1,False,6221.7,23137.7,141,20347,19094,1253,6.158,557.41
InvasionFront_CD8_block11.svs,5-2,False,8973.6,22910.5,141,18835,17870,965,5.123,436.69
InvasionFront_CD8_block11.svs,5-5,True,18429.3,22899.2,027,0,0,0,,
InvasionFront_CD8_block11.svs,5-6,True,21157.4,22971.0,027,0,0,0,,
InvasionFront_CD8_block11.svs,10-3,False,13631.3,35351.1,109,18823,17133,1690,8.978,812.36
InvasionFront_CD8_block11.svs,10-4,False,16195.9,35322.4,109,21994,21227,767,3.487,355.46
InvasionFront_CD8_block11.svs,10-5,False,18763.9,35351.1,410,2879,2738,141,4.898,315.97
InvasionFront_CD8_block11.svs,10-6,False,21036.3,35331.8,410,2713,2693,20,0.7372,47.22
InvasionFront_CD8_block11.svs,12-1,False,6553.9,40296.6,314,11408,11356,52,0.4558,35.75
InvasionFront_CD8_block11.svs,12-2,False,9161.2,40177.3,314,14582,14291,291,1.996,170.95
InvasionFront_CD8_block12.svs,1-3,False,11493.9,6071.8,088,26580,26037,543,2.043,199.31
InvasionFront_CD8_block12.svs,1-4,False,14167.5,5946.9,088,23455,23224,231,0.9849,93.76
InvasionFront_CD8_block12.svs,2-5,False,16791.1,8420.5,646,16913,16187,726,4.293,344.62
InvasionFront_CD8_block12.svs,2-6,False,19389.7,8395.6,646,20433,17477,2956,14.47,1239.9
InvasionFront_CD8_block12.svs,5-3,False,12018.6,16266.4,584,22897,22749,148,0.6464,55.39
InvasionFront_CD8_block12.svs,5-4,False,14567.3,16141.5,584,22392,22314,78,0.3483,28.45
InvasionFront_CD8_block12.svs,6-5,True,17315.8,18665.1,448,0,0,0,,
InvasionFront_CD8_block12.svs,6-6,True,19839.5,18565.2,448,0,0,0,,
InvasionFront_CD8_block12.svs,9-3,False,12468.4,26336.1,755,18326,17215,1111,6.062,493.23
InvasionFront_CD8_block12.svs,9-4,False,15142.0,26236.1,755,17792,17368,424,2.383,186.53
InvasionFront_CD8_block12.svs,10-5,False,17640.7,28659.8,703,14121,14000,121,0.8569,55.11
InvasionFront_CD8_block12.svs,10-6,False,20214.3,28634.8,703,18905,18771,134,0.7088,61.19
InvasionFront_CD8_block12.svs,11-5,False,17715.6,31133.5,675,19108,17474,1634,8.551,839.62
InvasionFront_CD8_block12.svs,11-6,False,20214.3,31008.6,675,19180,17542,1638,8.54,843.19
InvasionFront_CD8_block13.svs,2-1,False,5347.2,5672.0,362,22957,21910,1047,4.561,417.66
InvasionFront_CD8_block13.svs,2-2,False,7920.8,5796.9,362,14865,14457,408,2.745,220.98
InvasionFront_CD8_block13.svs,2-3,False,12718.3,5996.8,094,18832,18453,379,2.013,195.07
InvasionFront_CD8_block13.svs,2-4,False,15291.9,6121.8,094,18779,18327,452,2.407,219.02
InvasionFront_CD8_block13.svs,3-3,False,12593.3,8495.5,724,14581,14193,388,2.661,235.73
InvasionFront_CD8_block13.svs,3-4,False,15092.0,8545.5,724,18394,17929,465,2.528,235.37
InvasionFront_CD8_block13.svs,7-5,False,16866.1,18315.3,066,9008,8867,141,1.565,106.6
InvasionFront_CD8_block13.svs,7-6,False,19614.6,18715.1,066,18653,16511,2142,11.48,948.46
InvasionFront_CD8_block13.svs,10-1,False,4222.8,25586.5,666,21859,18041,3818,17.47,1495.0
InvasionFront_CD8_block13.svs,10-2,False,6596.5,25536.5,666,13498,9980,3518,26.06,2140.5
InvasionFront_CD8_block14.svs,3-3,False,12018.6,7346.1,557,25624,24685,939,3.665,348.8
InvasionFront_CD8_block14.svs,3-4,False,14667.2,7371.1,557,18672,17966,706,3.781,312.15
InvasionFront_CD8_block14.svs,4-5,False,16991.0,9594.9,155,18202,17540,662,3.637,344.04
InvasionFront_CD8_block14.svs,4-6,False,19489.7,9744.8,155,20949,18832,2117,10.11,955.47
InvasionFront_CD8_block14.svs,5-1,False,4859.9,12043.6,354,18175,17925,250,1.376,106.85
InvasionFront_CD8_block14.svs,5-2,False,7346.1,12156.1,354,15492,15043,449,2.898,234.63
InvasionFront_CD8_block14.svs,6-5,False,16941.0,14667.2,368,18546,16372,2174,11.72,878.15
InvasionFront_CD8_block14.svs,6-6,False,19489.7,14667.2,368,18544,15081,3463,18.67,1399.9
InvasionFront_CD8_block14.svs,10-1,False,4497.6,24337.1,660,16577,15832,745,4.494,350.35
InvasionFront_CD8_block14.svs,10-2,False,7096.2,24362.1,660,11805,11546,259,2.194,129.74
InvasionFront_CD8_block14.svs,12-1,False,4497.6,29059.6,699,18682,17643,1039,5.562,460.98
InvasionFront_CD8_block14.svs,12-2,False,7046.3,29159.6,699,17437,16996,441,2.529,211.56
InvasionFront_CD8_block14.svs,12-3,False,11718.8,29209.5,275,19995,19610,385,1.925,182.41
InvasionFront_CD8_block14.svs,12-4,False,14214.2,29384.4,275,5348,5307,41,0.7666,58.89
InvasionFront_CD8_block15.svs,1-1,False,3708.3,2645.6,220,13630,12477,1153,8.459,586.56
InvasionFront_CD8_block15.svs,1-2,False,6272.8,2602.0,220,16787,14535,2252,13.42,1002.3
InvasionFront_CD8_block15.svs,1-5,False,16081.3,2325.5,353,14492,12870,1622,11.19,784.52
InvasionFront_CD8_block15.svs,1-6,False,18468.2,2167.7,353,13621,11639,1982,14.55,927.8
InvasionFront_CD8_block15.svs,2-1,False,3773.6,5125.1,613,18596,17931,665,3.576,298.66
InvasionFront_CD8_block15.svs,2-2,False,6414.4,5016.3,613,15141,12710,2431,16.06,1295.6
InvasionFront_CD8_block15.svs,3-3,False,11042.1,7418.0,179,17484,15721,1763,10.08,718.68
InvasionFront_CD8_block15.svs,3-4,False,13694.1,7320.2,179,15347,14448,899,5.858,382.59
InvasionFront_CD8_block15.svs,6-5,False,16336.3,14583.1,180,16694,16146,548,3.283,240.69
InvasionFront_CD8_block15.svs,6-6,False,18956.0,14538.3,180,15106,14140,966,6.395,455.62
InvasionFront_CD8_block15.svs,12-3,False,11730.2,29141.7,486,6436,6044,392,6.091,496.33
InvasionFront_CD8_block15.svs,12-4,False,14299.1,29020.7,486,8169,8058,111,1.359,65.99
InvasionFront_CD8_block16.svs,1-1,False,3959.0,2433.2,323,16835,16583,252,1.497,127.69
InvasionFront_CD8_block16.svs,1-2,False,6458.0,2729.9,323,12176,11342,834,6.85,582.42
InvasionFront_CD8_block16.svs,3-5,False,16233.3,7674.7,018,17747,17601,146,0.8227,66.76
InvasionFront_CD8_block16.svs,3-6,False,18727.8,7740.1,018,17033,16474,559,3.282,253.69
InvasionFront_CD8_block16.svs,8-1,False,3322.4,19443.1,050,8923,8868,55,0.6164,46.78
InvasionFront_CD8_block16.svs,8-2,False,6028.6,19473.4,050,9563,9563,0,0.0,0.0
InvasionFront_CD8_block16.svs,8-3,False,10912.3,19540.3,588,20723,16868,3855,18.6,1492.3
InvasionFront_CD8_block16.svs,8-4,False,13517.8,19705.7,588,7240,6484,756,10.44,812.91
InvasionFront_CD8_block16.svs,11-5,False,15481.5,26867.5,654,5675,5416,259,4.564,318.81
InvasionFront_CD8_block16.svs,11-6,False,18029.4,26899.9,654,17115,16607,508,2.968,243.51
InvasionFront_CD8_block16.svs,12-1,False,3267.2,28766.9,539,5206,5155,51,0.9796,90.79
InvasionFront_CD8_block16.svs,12-2,False,5861.4,28801.7,539,10412,9371,1041,9.998,700.37
InvasionFront_CD8_block16.svs,12-5,False,15541.6,28956.2,445,19728,16905,2823,14.31,1190.0
InvasionFront_CD8_block16.svs,12-6,False,17939.2,29123.8,445,16845,15608,1237,7.343,563.21
InvasionFront_CD8_block17.svs,1-3,False,11369.0,2873.5,170,21981,21850,131,0.596,52.11
InvasionFront_CD8_block17.svs,1-4,False,14017.6,2798.5,170,22708,22234,474,2.087,182.84
InvasionFront_CD8_block17.svs,6-1,False,3972.9,15316.9,681,17768,17280,488,2.747,225.33
InvasionFront_CD8_block17.svs,6-2,False,6521.5,15341.9,681,16111,15841,270,1.676,143.87
InvasionFront_CD8_block17.svs,12-5,False,16016.5,29884.2,524,18359,17959,400,2.179,180.67
InvasionFront_CD8_block17.svs,12-6,False,18540.2,29859.2,524,20809,19685,1124,5.402,479.37
InvasionFront_CD8_block18.svs,1-3,False,11294.0,10644.4,082,13214,13196,18,0.1362,11.25
InvasionFront_CD8_block18.svs,1-4,False,13967.6,10644.4,082,9171,8642,529,5.768,472.11
InvasionFront_CD8_block18.svs,2-1,False,4254.9,13081.9,166,19863,16372,3491,17.58,1429.2
InvasionFront_CD8_block18.svs,2-2,False,6952.9,13085.1,166,19294,18399,895,4.639,396.72
InvasionFront_CD8_block18.svs,2-3,False,11451.2,13033.6,330,17678,16902,776,4.39,388.08
InvasionFront_CD8_block18.svs,2-4,False,13988.1,13018.8,330,18257,17935,322,1.764,159.03
InvasionFront_CD8_block18.svs,4-1,False,4272.7,17615.7,392,17104,13018,4086,23.89,1941.2
InvasionFront_CD8_block18.svs,4-2,False,6846.4,17790.6,392,15395,11876,3519,22.86,1778.1
InvasionFront_CD8_block18.svs,6-5,False,16366.3,22837.9,566,18215,16697,1518,8.334,654.38
InvasionFront_CD8_block18.svs,6-6,False,18915.0,22887.9,566,22874,20058,2816,12.31,1132.8
InvasionFront_CD8_block18.svs,11-3,False,11493.9,34806.6,280,20904,19851,1053,5.037,469.1
InvasionFront_CD8_block18.svs,11-4,False,13767.7,34756.6,280,13866,13675,191,1.377,113.56
InvasionFront_CD8_block18.svs,12-1,False,4145.1,36933.0,161,10937,10817,120,1.097,70.8
InvasionFront_CD8_block18.svs,12-2,False,6921.3,37055.4,161,17637,17585,52,0.2948,25.3
InvasionFront_CD8_block18.svs,12-3,False,11319.0,37055.4,263,18310,18290,20,0.1092,8.822
InvasionFront_CD8_block18.svs,12-4,False,13917.6,37130.3,263,24301,24257,44,0.1811,17.21
InvasionFront_CD8_block18.svs,12-5,False,16266.4,36905.5,255,17262,16998,264,1.529,141.33
InvasionFront_CD8_block18.svs,12-6,False,18565.2,36855.5,255,16232,15568,664,4.091,383.83
InvasionFront_CD8_block19.svs,3-5,False,16991.0,17615.7,137,18555,18417,138,0.7437,57.58
InvasionFront_CD8_block19.svs,3-6,False,19589.6,17665.6,137,21142,20447,695,3.287,289.46
InvasionFront_CD8_block19.svs,4-5,False,16916.0,20314.2,477,22115,21850,265,1.198,117.11
InvasionFront_CD8_block19.svs,4-6,False,19464.7,20164.3,477,26773,26619,154,0.5752,62.68
InvasionFront_CD8_block19.svs,7-1,False,4122.8,27085.7,002,23736,22751,985,4.15,383.91
InvasionFront_CD8_block19.svs,7-2,False,6746.4,27310.5,002,15540,14768,772,4.968,439.1
InvasionFront_CD8_block19.svs,8-1,False,3972.9,29759.2,337,25133,24547,586,2.332,234.25
InvasionFront_CD8_block19.svs,8-2,False,6746.4,29759.2,337,18830,18533,297,1.577,144.98
InvasionFront_CD8_block19.svs,8-3,False,11443.9,29834.2,277,13946,13558,388,2.782,240.94
InvasionFront_CD8_block19.svs,8-4,False,14092.5,29934.2,277,15097,14429,668,4.425,401.22
InvasionFront_CD8_block19.svs,9-1,False,3872.9,32357.9,519,17866,17832,34,0.1903,16.68
InvasionFront_CD8_block19.svs,9-2,False,6596.5,32282.9,519,23043,22003,1040,4.513,424.84
InvasionFront_CD8_block19.svs,9-3,False,11369.0,32307.9,315,24273,23750,523,2.155,200.98
InvasionFront_CD8_block19.svs,9-4,False,13917.6,32457.8,315,19069,18536,533,2.795,246.96
InvasionFront_CD8_block1.svs,1-1,False,4772.5,2473.7,296,19398,17721,1677,8.645,739.47
InvasionFront_CD8_block1.svs,1-2,False,7396.1,2623.6,296,18011,17342,669,3.714,318.73
InvasionFront_CD8_block1.svs,2-1,False,4672.5,4972.4,120,19420,14467,4953,25.5,2109.2
InvasionFront_CD8_block1.svs,2-2,False,7221.2,5122.3,120,18670,14223,4447,23.82,1888.8
InvasionFront_CD8_block1.svs,6-1,False,4172.8,15042.0,564,15968,15560,408,2.555,238.74
InvasionFront_CD8_block1.svs,6-2,False,6796.4,15042.0,564,20760,18109,2651,12.77,1070.2
InvasionFront_CD8_block1.svs,7-3,False,11394.0,17865.5,176,14634,14538,96,0.656,57.83
InvasionFront_CD8_block1.svs,7-4,False,14017.6,18015.5,176,16260,15959,301,1.851,155.14
InvasionFront_CD8_block1.svs,8-5,False,16362.9,20506.2,698,21098,15118,5980,28.34,2666.4
InvasionFront_CD8_block1.svs,8-6,False,18940.0,20626.6,698,17058,13326,3732,21.88,1914.1
InvasionFront_CD8_block1.svs,9-3,False,11161.1,22723.8,250,13210,13200,10,0.0757,6.031
InvasionFront_CD8_block1.svs,9-4,False,13693.0,22815.9,250,11664,11642,22,0.1886,13.31
InvasionFront_CD8_block20.svs,3-5,False,16366.3,7421.1,580,19095,18769,326,1.707,167.99
InvasionFront_CD8_block20.svs,3-6,False,18940.0,7346.1,580,18014,17900,114,0.6328,55.67
InvasionFront_CD8_block20.svs,4-1,False,4197.8,10669.4,655,13977,11448,2529,18.09,1453.1
InvasionFront_CD8_block20.svs,4-2,False,6446.6,10469.5,655,16795,12458,4337,25.82,2149.6
InvasionFront_CD8_block20.svs,11-1,False,5122.3,27635.4,752,18776,17449,1327,7.068,688.18
InvasionFront_CD8_block20.svs,11-2,False,7646.0,27535.4,752,24446,16913,7533,30.81,2947.3
InvasionFront_CD8_block20.svs,12-1,False,5297.2,29959.1,694,13702,12944,758,5.532,421.79
InvasionFront_CD8_block20.svs,12-2,False,7745.9,29959.1,694,14927,14515,412,2.76,201.54
InvasionFront_CD8_block21.svs,1-5,False,15966.5,2348.8,035,19824,16847,2977,15.02,1269.7
InvasionFront_CD8_block21.svs,1-6,False,18515.2,2348.8,035,19522,18519,1003,5.138,467.49
InvasionFront_CD8_block21.svs,3-3,False,10819.3,7496.0,355,18954,18909,45,0.2374,18.77
InvasionFront_CD8_block21.svs,3-4,False,13542.8,7421.1,355,19992,19946,46,0.2301,18.65
InvasionFront_CD8_block21.svs,7-1,False,3423.2,17215.9,262,17166,15889,1277,7.439,652.74
InvasionFront_CD8_block21.svs,7-2,False,6021.8,17290.8,262,18695,15803,2892,15.47,1400.2
InvasionFront_CD8_block21.svs,9-3,False,10944.2,22238.2,406,19707,17359,2348,11.91,984.11
InvasionFront_CD8_block21.svs,9-4,False,13542.8,22138.3,406,13117,12522,595,4.536,350.73
InvasionFront_CD8_block21.svs,9-5,False,15991.5,22063.3,475,12414,8299,4115,33.15,2780.9
InvasionFront_CD8_block21.svs,9-6,False,18590.2,22188.3,475,23420,16185,7235,30.89,2891.4
InvasionFront_CD8_block21.svs,10-1,False,3648.1,24612.0,615,18181,18153,28,0.154,15.14
InvasionFront_CD8_block21.svs,10-2,False,5846.9,24562.0,615,14545,13895,650,4.469,428.92
InvasionFront_CD8_block22.svs,1-3,False,13692.7,2873.5,552,15879,15823,56,0.3527,28.66
InvasionFront_CD8_block22.svs,1-4,False,16341.3,2698.6,552,20974,19486,1488,7.094,630.12
InvasionFront_CD8_block22.svs,5-5,False,19152.4,12368.5,341,19235,19041,194,1.009,88.45
InvasionFront_CD8_block22.svs,5-6,False,21663.5,12256.0,341,16494,16159,335,2.031,182.88
InvasionFront_CD8_block22.svs,6-5,False,19214.8,14817.2,725,22554,22414,140,0.6207,56.23
InvasionFront_CD8_block22.svs,6-6,False,21838.4,14767.2,725,24186,24102,84,0.3473,32.7
InvasionFront_CD8_block22.svs,9-3,False,14455.2,22256.2,186,13743,13045,698,5.079,390.2
InvasionFront_CD8_block22.svs,9-4,False,16939.7,22211.9,186,16534,13032,3502,21.18,1686.1
InvasionFront_CD8_block2.svs,6-1,False,5147.3,15866.6,279,19743,19260,483,2.446,202.21
InvasionFront_CD8_block2.svs,6-2,False,7845.8,16016.5,279,20354,19734,620,3.046,267.67
InvasionFront_CD8_block2.svs,7-3,False,12518.4,18615.1,115,18028,17115,913,5.064,460.09
InvasionFront_CD8_block2.svs,7-4,False,15167.0,18815.0,115,17444,16520,924,5.297,488.14
InvasionFront_CD8_block2.svs,10-1,False,4847.4,25811.3,230,18416,18085,331,1.797,147.73
InvasionFront_CD8_block2.svs,10-2,False,7571.0,25911.3,230,18469,18373,96,0.5198,40.93
InvasionFront_CD8_block2.svs,10-3,False,12243.5,26111.2,712,22554,20259,2295,10.18,904.25
InvasionFront_CD8_block2.svs,10-4,False,14742.2,26236.1,712,22862,20649,2213,9.68,881.66
InvasionFront_CD8_block2.svs,11-5,False,17066.0,28834.7,352,24154,23562,592,2.451,242.38
InvasionFront_CD8_block2.svs,11-6,False,19689.6,28909.7,352,24313,23540,773,3.179,303.06
InvasionFront_CD8_block2.svs,12-1,False,4845.2,30313.3,670,12407,12308,99,0.7979,67.33
InvasionFront_CD8_block2.svs,12-2,False,7337.1,30729.1,670,17086,17020,66,0.3863,35.21
InvasionFront_CD8_block3.svs,2-3,False,12376.6,4842.2,060,13835,13782,53,0.3831,26.16
InvasionFront_CD8_block3.svs,2-4,False,15007.1,4780.9,060,14516,14460,56,0.3858,26.47
InvasionFront_CD8_block3.svs,4-3,False,12372.5,9777.6,086,18529,14484,4045,21.83,1839.5
InvasionFront_CD8_block3.svs,4-4,False,15052.9,9676.8,086,22304,21003,1301,5.833,540.34
InvasionFront_CD8_block3.svs,4-5,False,17562.9,9715.5,458,22021,20050,1971,8.951,787.8
InvasionFront_CD8_block3.svs,4-6,False,20228.0,9643.3,458,19010,18450,560,2.946,222.99
InvasionFront_CD8_block3.svs,5-1,False,5217.7,12320.6,561,15204,14873,331,2.177,193.06
InvasionFront_CD8_block3.svs,5-2,False,7694.0,12307.1,561,19763,19738,25,0.1265,11.68
InvasionFront_CD8_block3.svs,9-1,False,5009.4,22163.3,548,17405,11256,6149,35.33,2622.4
InvasionFront_CD8_block3.svs,9-2,False,7720.9,22163.3,548,18490,11804,6686,36.16,2745.1
InvasionFront_CD8_block3.svs,9-5,False,17440.8,22313.2,383,17769,17703,66,0.3714,29.83
InvasionFront_CD8_block3.svs,9-6,False,20214.3,22288.2,383,16718,16438,280,1.675,125.2
InvasionFront_CD8_block3.svs,10-3,True,12393.4,24711.9,089,0,0,0,,
InvasionFront_CD8_block3.svs,10-4,True,14867.1,24711.9,089,0,0,0,,
InvasionFront_CD8_block3.svs,12-5,False,17240.9,29709.3,714,19360,18516,844,4.36,344.3
InvasionFront_CD8_block3.svs,12-6,False,19739.5,29609.3,714,20446,20161,285,1.394,123.13
InvasionFront_CD8_block4.svs,4-3,False,11452.9,14856.9,124,15739,14288,1451,9.219,616.09
InvasionFront_CD8_block4.svs,4-4,False,13874.0,14918.0,124,16549,15672,877,5.299,402.43
InvasionFront_CD8_block4.svs,5-1,False,3972.9,17265.9,558,19280,17964,1316,6.826,603.11
InvasionFront_CD8_block4.svs,5-2,False,6521.5,17340.8,558,13543,13493,50,0.3692,27.91
InvasionFront_CD8_block4.svs,7-1,False,3498.1,22213.2,508,17974,16776,1198,6.665,562.23
InvasionFront_CD8_block4.svs,7-2,False,6146.7,22313.2,508,15173,13870,1303,8.588,674.96
InvasionFront_CD8_block4.svs,7-3,False,11243.5,22349.9,447,24963,22644,2319,9.29,1006.8
InvasionFront_CD8_block4.svs,7-4,False,13942.6,22338.2,447,23245,22534,711,3.059,284.61
InvasionFront_CD8_block4.svs,11-3,False,11069.1,32507.8,327,22360,14725,7635,34.15,3051.9
InvasionFront_CD8_block4.svs,11-4,False,13742.7,32757.7,327,11918,9404,2514,21.09,1802.4
InvasionFront_CD8_block4.svs,12-1,False,3623.1,34894.4,746,26054,21796,4258,16.34,1688.4
InvasionFront_CD8_block4.svs,12-2,False,6396.6,34931.5,746,27646,25731,1915,6.927,754.89
InvasionFront_CD8_block5.svs,1-1,False,4022.9,3198.3,414,19946,19786,160,0.8022,70.44
InvasionFront_CD8_block5.svs,1-2,False,6346.6,3073.4,414,20887,20498,389,1.862,163.49
InvasionFront_CD8_block5.svs,1-3,False,10919.2,2923.5,252,18549,17103,1446,7.796,663.83
InvasionFront_CD8_block5.svs,1-4,False,13492.9,2623.6,252,22881,20998,1883,8.23,786.85
InvasionFront_CD8_block5.svs,2-5,False,16041.5,4997.4,672,26839,26438,401,1.494,140.54
InvasionFront_CD8_block5.svs,2-6,False,18440.2,4997.4,672,20516,20277,239,1.165,108.62
InvasionFront_CD8_block5.svs,4-1,False,4034.4,10221.5,511,8522,8395,127,1.49,108.44
InvasionFront_CD8_block5.svs,4-2,False,6647.1,10113.4,511,11035,10503,532,4.821,363.74
InvasionFront_CD8_block5.svs,5-3,False,11194.1,12443.4,061,17291,16685,606,3.505,312.46
InvasionFront_CD8_block5.svs,5-4,False,13742.7,12543.4,061,20187,19878,309,1.531,122.0
InvasionFront_CD8_block5.svs,8-3,False,11144.1,20189.3,045,29867,27778,2089,6.994,947.23
InvasionFront_CD8_block5.svs,8-4,False,13767.7,20264.3,045,28448,27473,975,3.427,420.2
InvasionFront_CD8_block5.svs,8-5,True,16191.4,20289.3,299,0,0,0,,
InvasionFront_CD8_block5.svs,8-6,True,18640.1,20264.3,299,0,0,0,,
InvasionFront_CD8_block5.svs,11-5,False,16191.4,27485.4,078,20824,19670,1154,5.542,496.22
InvasionFront_CD8_block5.svs,11-6,False,18740.1,27485.4,078,22276,21647,629,2.824,281.28
InvasionFront_CD8_block5.svs,12-1,True,3922.9,30009.1,292,0,0,0,,
InvasionFront_CD8_block5.svs,12-2,False,6496.6,29909.2,292,15636,15189,447,2.859,221.43
InvasionFront_CD8_block6.svs,5-3,False,12418.4,12293.5,091,18434,16679,1755,9.52,746.75
InvasionFront_CD8_block6.svs,5-4,False,14967.1,12468.4,091,17471,17118,353,2.02,169.41
InvasionFront_CD8_block6.svs,6-1,False,4647.5,14542.3,259,29200,23679,5521,18.91,1992.0
InvasionFront_CD8_block6.svs,6-2,False,7371.1,14617.3,259,27658,24135,3523,12.74,1276.6
InvasionFront_CD8_block6.svs,7-1,False,4497.6,17091.0,487,8150,7993,157,1.926,168.0
InvasionFront_CD8_block6.svs,7-2,False,7196.2,17265.9,487,19782,19401,381,1.926,168.16
InvasionFront_CD8_block6.svs,10-5,False,16516.3,25536.5,286,8356,8311,45,0.5385,27.34
InvasionFront_CD8_block6.svs,10-6,False,19514.7,25736.4,286,5949,5935,14,0.2353,7.653
InvasionFront_CD8_block7.svs,1-1,False,6996.3,2448.7,103,17081,16763,318,1.862,166.42
InvasionFront_CD8_block7.svs,1-2,False,9594.9,2573.6,103,20705,20685,20,0.0966,8.872
InvasionFront_CD8_block7.svs,9-3,False,11394.0,22887.9,464,19768,19192,576,2.914,254.59
InvasionFront_CD8_block7.svs,9-4,False,13942.6,23212.7,464,18520,17711,809,4.368,386.03
InvasionFront_CD8_block7.svs,10-3,False,11119.1,25386.6,692,23657,22736,921,3.893,358.92
InvasionFront_CD8_block7.svs,10-4,False,13817.7,25661.4,692,10881,10371,510,4.687,316.42
InvasionFront_CD8_block7.svs,12-1,False,3473.2,29409.4,062,20098,19451,647,3.219,274.6
InvasionFront_CD8_block7.svs,12-2,False,6071.8,29684.3,062,19668,18839,829,4.215,348.93
InvasionFront_CD8_block8.svs,9-1,False,3498.1,22513.1,209,22558,19950,2608,11.56,1008.2
InvasionFront_CD8_block8.svs,9-2,False,6221.7,22762.9,209,26666,24045,2621,9.829,983.95
InvasionFront_CD8_block8.svs,9-3,False,11019.2,22937.9,238,21151,18633,2518,11.9,1097.0
InvasionFront_CD8_block8.svs,9-4,False,13717.7,23137.7,238,23399,21910,1489,6.364,674.19
InvasionFront_CD8_block8.svs,11-3,False,10594.4,28085.1,069,22790,22305,485,2.128,214.12
InvasionFront_CD8_block8.svs,11-4,False,13243.0,28385.0,069,16477,15514,963,5.845,570.98
InvasionFront_CD8_block8.svs,12-5,False,15716.7,30933.6,306,21715,21281,434,1.999,175.69
InvasionFront_CD8_block8.svs,12-6,False,18090.4,31133.5,306,18279,17885,394,2.155,188.8
InvasionFront_CD8_block9.svs,2-3,False,12993.1,9844.8,585,32588,30385,2203,6.76,797.78
InvasionFront_CD8_block9.svs,2-4,False,15616.7,9869.8,585,18271,16922,1349,7.383,719.26
InvasionFront_CD8_block9.svs,4-1,False,5522.1,14417.4,608,18527,17751,776,4.188,340.05
InvasionFront_CD8_block9.svs,4-2,False,8145.7,14517.3,608,18678,18461,217,1.162,91.25
InvasionFront_CD8_block9.svs,4-5,False,18165.4,14692.2,206,12565,12042,523,4.162,354.49
InvasionFront_CD8_block9.svs,4-6,False,20664.1,14942.1,206,23456,21277,2179,9.29,880.4
InvasionFront_CD8_block9.svs,6-1,False,5122.3,19164.9,607,16169,15809,360,2.226,181.13
InvasionFront_CD8_block9.svs,6-2,False,7795.9,19439.7,607,18213,17820,393,2.158,171.15
InvasionFront_CD8_block9.svs,9-3,False,11943.7,26760.8,424,12601,11380,1221,9.69,841.81
InvasionFront_CD8_block9.svs,9-4,False,14842.1,26885.8,424,11786,10006,1780,15.1,1238.8
InvasionFront_CD8_block9.svs,10-1,False,4297.7,28509.9,372,18537,13894,4643,25.05,2160.6
InvasionFront_CD8_block9.svs,10-2,False,7046.3,28984.7,372,12459,10388,2071,16.62,1300.5
InvasionFront_CD8_block9.svs,12-1,False,3815.0,32889.8,589,18705,17939,766,4.095,367.18
InvasionFront_CD8_block9.svs,12-2,False,6308.4,33343.3,589,19304,18509,795,4.118,383.95
InvasionFront_CD8_block9.svs,12-3,False,10686.8,34082.6,589,13343,13292,51,0.3822,31.87
InvasionFront_CD8_block9.svs,12-4,False,13316.1,34927.1,589,19028,17962,1066,5.602,519.13
InvasionFront_CD8_block9.svs,12-5,False,16134.0,35301.8,762,22806,16250,6556,28.75,2604.3
InvasionFront_CD8_block9.svs,12-6,False,18851.4,35808.3,762,26937,17852,9085,33.73,3325.2
TumorCenter_CD8_block10.svs,1-5,False,15341.9,2823.5,037,28309,21603,6706,23.69,2365.2
TumorCenter_CD8_block10.svs,1-6,False,17865.5,2523.7,037,22930,14509,8421,36.72,3241.6
TumorCenter_CD8_block10.svs,2-1,False,3373.2,6271.7,222,19796,8790,11006,55.6,4607.7
TumorCenter_CD8_block10.svs,2-2,False,5771.9,5971.8,222,20545,8457,12088,58.84,5012.0
TumorCenter_CD8_block10.svs,5-1,False,3748.0,13392.9,443,21869,20456,1413,6.461,598.42
TumorCenter_CD8_block10.svs,5-2,False,6221.7,13367.9,443,23384,19459,3925,16.78,1539.4
TumorCenter_CD8_block10.svs,5-5,False,16166.4,12818.2,072,22076,19133,2943,13.33,1163.2
TumorCenter_CD8_block10.svs,5-6,False,18765.1,12618.3,072,17622,16522,1100,6.242,460.75
TumorCenter_CD8_block10.svs,6-3,False,11219.1,15491.8,751,16495,14875,1620,9.821,736.69
TumorCenter_CD8_block10.svs,6-4,False,13842.7,15416.8,751,15151,9400,5751,37.96,3030.6
TumorCenter_CD8_block10.svs,8-5,False,16516.3,20414.2,452,24054,14234,9820,40.82,3616.4
TumorCenter_CD8_block10.svs,8-6,False,19039.9,20414.2,452,21947,18654,3293,15.0,1342.4
TumorCenter_CD8_block11.svs,1-3,False,12268.5,2423.7,015,17617,17146,471,2.674,234.01
TumorCenter_CD8_block11.svs,1-4,False,14717.2,2473.7,015,22780,22143,637,2.796,258.17
TumorCenter_CD8_block11.svs,3-5,False,16966.0,7471.0,073,20546,13240,7306,35.56,3116.1
TumorCenter_CD8_block11.svs,3-6,False,19389.7,7596.0,073,21338,16770,4568,21.41,1927.8
TumorCenter_CD8_block11.svs,4-3,False,11918.7,9919.7,433,24266,23799,467,1.925,215.57
TumorCenter_CD8_block11.svs,4-4,False,14467.3,9969.7,433,28017,27453,564,2.013,209.11
TumorCenter_CD8_block11.svs,4-5,False,16891.1,10044.7,283,23196,22052,1144,4.932,480.99
TumorCenter_CD8_block11.svs,4-6,False,19314.8,10119.6,283,20044,19705,339,1.691,152.89
TumorCenter_CD8_block11.svs,5-1,False,4372.7,11793.8,141,16738,13853,2885,17.24,1286.2
TumorCenter_CD8_block11.svs,5-2,False,6996.3,11993.6,141,18586,15123,3463,18.63,1542.1
TumorCenter_CD8_block11.svs,5-5,True,16791.1,12368.5,027,0,0,0,,
TumorCenter_CD8_block11.svs,5-6,True,19189.8,12418.4,027,0,0,0,,
TumorCenter_CD8_block11.svs,10-3,False,11044.2,24612.0,109,24284,22614,1670,6.877,680.1
TumorCenter_CD8_block11.svs,10-4,False,13492.9,25036.7,109,18094,16995,1099,6.074,583.64
TumorCenter_CD8_block11.svs,10-5,True,16541.2,24711.9,410,0,0,0,,
TumorCenter_CD8_block11.svs,10-6,False,18940.0,24761.9,410,5708,4742,966,16.92,1186.0
TumorCenter_CD8_block11.svs,12-1,False,3773.0,29359.5,314,23243,22877,366,1.575,144.9
TumorCenter_CD8_block11.svs,12-2,False,6246.7,29434.4,314,23520,23132,388,1.65,150.83
TumorCenter_CD8_block12.svs,1-3,False,14592.3,11818.7,088,23780,22666,1114,4.685,441.67
TumorCenter_CD8_block12.svs,1-4,False,17165.9,11893.7,088,25731,25560,171,0.6646,63.79
TumorCenter_CD8_block12.svs,2-5,False,19539.7,14542.3,646,19920,18403,1517,7.615,705.45
TumorCenter_CD8_block12.svs,2-6,False,21963.4,14617.3,646,18276,17653,623,3.409,270.5
TumorCenter_CD8_block12.svs,5-3,False,14217.5,21838.4,584,21372,21243,129,0.6036,48.58
TumorCenter_CD8_block12.svs,5-4,False,16791.1,22063.3,584,17794,17551,243,1.366,94.96
TumorCenter_CD8_block12.svs,6-5,True,19039.9,24587.0,448,0,0,0,,
TumorCenter_CD8_block12.svs,6-6,True,21438.6,24711.9,448,0,0,0,,
TumorCenter_CD8_block12.svs,9-3,False,13592.8,31658.2,755,15923,15416,507,3.184,231.63
TumorCenter_CD8_block12.svs,9-4,False,16016.5,31933.1,755,17364,16671,693,3.991,317.13
TumorCenter_CD8_block12.svs,10-5,False,18390.3,34531.7,703,16106,16086,20,0.1242,9.8
TumorCenter_CD8_block12.svs,10-6,False,20764.0,34756.6,703,14921,14886,35,0.2346,16.75
TumorCenter_CD8_block12.svs,11-5,False,18215.4,36905.5,675,16807,16227,580,3.451,309.77
TumorCenter_CD8_block12.svs,11-6,False,20639.1,37055.4,675,13308,12750,558,4.193,321.08
TumorCenter_CD8_block13.svs,2-1,False,3323.2,6421.6,362,29056,28045,1011,3.479,365.51
TumorCenter_CD8_block13.svs,2-2,False,5846.9,6146.7,362,25412,24293,1119,4.403,424.6
TumorCenter_CD8_block13.svs,2-3,False,10494.4,5747.0,094,16174,16027,147,0.9089,75.08
TumorCenter_CD8_block13.svs,2-4,False,12943.1,5297.2,094,13504,13181,323,2.392,183.6
TumorCenter_CD8_block13.svs,3-3,False,10844.3,8045.7,724,15828,15406,422,2.666,212.6
TumorCenter_CD8_block13.svs,3-4,False,13268.0,7695.9,724,15200,14851,349,2.296,181.79
TumorCenter_CD8_block13.svs,7-5,False,17215.9,16841.1,066,18366,16233,2133,11.61,957.97
TumorCenter_CD8_block13.svs,7-6,False,19589.6,16641.2,066,16419,14090,2329,14.18,1189.3
TumorCenter_CD8_block13.svs,10-1,False,5796.9,25636.4,666,21427,17040,4387,20.47,1708.5
TumorCenter_CD8_block13.svs,10-2,False,8345.6,25361.6,666,15105,13190,1915,12.68,852.57
TumorCenter_CD8_block14.svs,3-3,False,10844.3,8220.6,557,19736,18406,1330,6.739,566.86
TumorCenter_CD8_block14.svs,3-4,False,13442.9,8145.7,557,21609,20905,704,3.258,288.74
TumorCenter_CD8_block14.svs,4-5,False,15966.5,10669.4,155,18588,15829,2759,14.84,1256.7
TumorCenter_CD8_block14.svs,4-6,False,18390.3,10719.3,155,17641,17131,510,2.891,249.38
TumorCenter_CD8_block14.svs,5-1,False,3573.1,13018.1,354,17398,17321,77,0.4426,33.09
TumorCenter_CD8_block14.svs,5-2,False,6121.8,13093.1,354,15965,15898,67,0.4197,33.17
TumorCenter_CD8_block14.svs,6-5,False,15766.7,15616.7,368,13956,13291,665,4.765,360.77
TumorCenter_CD8_block14.svs,6-6,False,18240.3,15666.7,368,18006,15202,2804,15.57,1233.6
TumorCenter_CD8_block14.svs,10-1,False,3348.2,25336.6,660,13220,12987,233,1.762,114.14
TumorCenter_CD8_block14.svs,10-2,False,5747.0,25486.5,660,9369,9189,180,1.921,114.31
TumorCenter_CD8_block14.svs,12-1,False,3248.3,30309.0,699,18466,18282,184,0.9964,77.5
TumorCenter_CD8_block14.svs,12-2,False,5771.9,30309.0,699,16842,16272,570,3.384,272.59
TumorCenter_CD8_block14.svs,12-3,False,10519.4,30358.9,275,9119,8949,170,1.864,110.69
TumorCenter_CD8_block14.svs,12-4,True,12993.1,30383.9,275,0,0,0,,
TumorCenter_CD8_block15.svs,1-1,False,6483.5,2772.1,220,15313,14548,765,4.996,318.39
TumorCenter_CD8_block15.svs,1-2,False,8945.3,2679.8,220,18287,17171,1116,6.103,464.77
TumorCenter_CD8_block15.svs,1-5,False,18865.0,2604.9,353,14576,13815,761,5.221,353.56
TumorCenter_CD8_block15.svs,1-6,False,21388.7,2380.0,353,15934,15124,810,5.083,374.6
TumorCenter_CD8_block15.svs,2-1,False,6596.5,5372.2,613,21758,21141,617,2.836,272.39
TumorCenter_CD8_block15.svs,2-2,False,8945.3,5147.3,613,21558,20717,841,3.901,363.09
TumorCenter_CD8_block15.svs,3-3,False,13817.7,7446.1,179,17164,15526,1638,9.543,672.9
TumorCenter_CD8_block15.svs,3-4,False,16366.3,7396.1,179,19676,18342,1334,6.78,558.13
TumorCenter_CD8_block15.svs,6-5,False,18915.0,14917.1,180,17997,17421,576,3.201,254.82
TumorCenter_CD8_block15.svs,6-6,False,21463.6,14867.1,180,18987,18478,509,2.681,227.47
TumorCenter_CD8_block15.svs,12-3,False,13567.8,29809.2,486,18978,18388,590,3.109,265.73
TumorCenter_CD8_block15.svs,12-4,False,16116.5,29809.2,486,19734,18596,1138,5.767,489.42
TumorCenter_CD8_block16.svs,1-1,False,3623.1,2573.6,323,21701,19057,2644,12.18,1039.2
TumorCenter_CD8_block16.svs,1-2,False,6221.7,2573.6,323,24310,23162,1148,4.722,434.39
TumorCenter_CD8_block16.svs,3-5,False,16091.5,7695.9,018,7284,7243,41,0.5629,42.46
TumorCenter_CD8_block16.svs,3-6,False,18740.1,7695.9,018,13885,13867,18,0.1296,8.767
TumorCenter_CD8_block16.svs,8-1,False,3548.1,20464.2,050,13520,13498,22,0.1627,10.71
TumorCenter_CD8_block16.svs,8-2,False,6171.7,20414.2,050,14146,14129,17,0.1202,9.23
TumorCenter_CD8_block16.svs,8-3,False,10919.2,20464.2,588,17560,17066,494,2.813,211.59
TumorCenter_CD8_block16.svs,8-4,False,13492.9,20564.1,588,15308,15268,40,0.2613,20.42
TumorCenter_CD8_block16.svs,11-5,False,15891.6,27935.2,654,10044,9680,364,3.624,228.23
TumorCenter_CD8_block16.svs,11-6,True,18415.2,27985.2,654,0,0,0,,
TumorCenter_CD8_block16.svs,12-1,False,3223.3,29834.2,539,21070,16887,4183,19.85,1742.3
TumorCenter_CD8_block16.svs,12-2,False,5796.9,30134.0,539,23089,20496,2593,11.23,968.98
TumorCenter_CD8_block16.svs,12-5,False,15766.7,30483.9,445,21292,17445,3847,18.07,1571.3
TumorCenter_CD8_block16.svs,12-6,False,18340.3,30458.9,445,21051,18571,2480,11.78,998.17
TumorCenter_CD8_block17.svs,1-3,False,13567.8,16191.4,170,25547,25005,542,2.122,212.71
TumorCenter_CD8_block17.svs,1-4,False,16116.5,16016.5,170,24612,23927,685,2.783,260.83
TumorCenter_CD8_block17.svs,6-1,False,6403.6,28808.5,681,21771,19981,1790,8.222,724.88
TumorCenter_CD8_block17.svs,6-2,False,8995.2,28609.9,681,20213,18849,1364,6.748,593.97
TumorCenter_CD8_block17.svs,12-5,False,18715.1,43402.0,524,16556,16188,368,2.223,173.45
TumorCenter_CD8_block17.svs,12-6,False,21088.8,43402.0,524,19557,18472,1085,5.548,507.03
TumorCenter_CD8_block18.svs,1-3,False,11094.1,3048.4,082,21698,20852,846,3.899,348.18
TumorCenter_CD8_block18.svs,1-4,False,13542.8,3123.3,082,23875,23504,371,1.554,148.4
TumorCenter_CD8_block18.svs,2-1,False,3598.1,5547.1,166,26487,11167,15320,57.84,5422.1
TumorCenter_CD8_block18.svs,2-2,False,6196.7,5247.2,166,25832,9511,16321,63.18,5724.4
TumorCenter_CD8_block18.svs,2-3,False,10969.2,5522.1,330,19362,19237,125,0.6456,61.4
TumorCenter_CD8_block18.svs,2-4,False,13467.9,5572.0,330,16665,16531,134,0.8041,66.6
TumorCenter_CD8_block18.svs,4-1,False,3598.1,10369.5,392,15219,13270,1949,12.81,949.22
TumorCenter_CD8_block18.svs,4-2,False,6121.8,10419.5,392,16046,12128,3918,24.42,1850.3
TumorCenter_CD8_block18.svs,6-5,False,15766.7,15566.8,566,15673,13170,2503,15.97,1104.4
TumorCenter_CD8_block18.svs,6-6,False,18190.4,15591.7,566,12922,12803,119,0.9209,69.48
TumorCenter_CD8_block18.svs,11-3,False,10544.4,27585.4,280,17479,16971,508,2.906,247.05
TumorCenter_CD8_block18.svs,11-4,False,12968.1,27610.4,280,15979,15495,484,3.029,272.27
TumorCenter_CD8_block18.svs,12-1,False,3398.2,29859.2,161,16428,16397,31,0.1887,15.03
TumorCenter_CD8_block18.svs,12-2,False,5871.9,29884.2,161,15882,15762,120,0.7556,65.87
TumorCenter_CD8_block18.svs,12-3,False,10544.4,30009.1,263,19863,19841,22,0.1108,9.001
TumorCenter_CD8_block18.svs,12-4,False,13043.1,29959.1,263,23149,23134,15,0.0648,5.807
TumorCenter_CD8_block18.svs,12-5,False,15491.8,29959.1,255,15382,15300,82,0.5331,43.69
TumorCenter_CD8_block18.svs,12-6,False,17865.5,29984.1,255,15957,15837,120,0.752,64.69
TumorCenter_CD8_block19.svs,3-5,False,18665.1,18340.3,137,22067,21196,871,3.947,359.74
TumorCenter_CD8_block19.svs,3-6,False,21219.5,18145.1,137,23928,23787,141,0.5893,56.96
TumorCenter_CD8_block19.svs,4-5,False,18765.1,20913.9,477,27207,25712,1495,5.495,566.44
TumorCenter_CD8_block19.svs,4-6,False,21288.7,20839.0,477,26216,25775,441,1.682,191.23
TumorCenter_CD8_block19.svs,7-1,False,6471.6,28909.7,002,21616,19937,1679,7.767,690.27
TumorCenter_CD8_block19.svs,7-2,False,9045.2,28909.7,002,23532,22365,1167,4.959,450.15
TumorCenter_CD8_block19.svs,8-1,False,6421.6,31408.4,337,16497,15372,1125,6.819,568.4
TumorCenter_CD8_block19.svs,8-2,False,9245.1,31333.4,337,12617,12357,260,2.061,167.28
TumorCenter_CD8_block19.svs,8-3,False,13942.6,31158.5,277,15690,14259,1431,9.12,732.21
TumorCenter_CD8_block19.svs,8-4,False,16366.3,31133.5,277,18051,16445,1606,8.897,808.66
TumorCenter_CD8_block19.svs,9-1,False,6596.5,33857.1,519,24248,24131,117,0.4825,46.5
TumorCenter_CD8_block19.svs,9-2,False,9245.1,33907.0,519,17841,17806,35,0.1962,18.64
TumorCenter_CD8_block19.svs,9-3,False,13767.7,33707.2,315,20294,19135,1159,5.711,496.22
TumorCenter_CD8_block19.svs,9-4,False,16341.3,33832.1,315,17013,16324,689,4.05,315.17
TumorCenter_CD8_block1.svs,1-1,False,6146.7,11718.8,296,17721,17535,186,1.05,86.92
TumorCenter_CD8_block1.svs,1-2,True,8745.4,11593.9,296,0,0,0,,
TumorCenter_CD8_block1.svs,2-1,False,6271.7,14092.5,120,16672,15493,1179,7.072,546.13
TumorCenter_CD8_block1.svs,2-2,False,8845.3,13967.6,120,18167,16862,1305,7.183,586.4
TumorCenter_CD8_block1.svs,6-1,False,6421.6,23762.4,564,19574,18570,1004,5.129,419.45
TumorCenter_CD8_block1.svs,6-2,False,8895.3,23812.4,564,18998,15588,3410,17.95,1398.3
TumorCenter_CD8_block1.svs,7-3,False,13742.7,26211.1,176,7552,7518,34,0.4502,37.7
TumorCenter_CD8_block1.svs,7-4,False,16266.4,26311.1,176,18034,17984,50,0.2773,22.02
TumorCenter_CD8_block1.svs,8-5,False,18815.0,28734.8,698,28653,22091,6562,22.9,2627.4
TumorCenter_CD8_block1.svs,8-6,False,21413.7,28759.8,698,26709,19223,7486,28.03,2959.2
TumorCenter_CD8_block1.svs,9-3,False,13742.7,31283.4,250,18533,18532,1,0.0054,0.5159
TumorCenter_CD8_block1.svs,9-4,False,16216.4,31258.4,250,17660,17639,21,0.1189,10.48
TumorCenter_CD8_block20.svs,3-5,False,15391.9,7171.2,580,19165,19143,22,0.1148,11.33
TumorCenter_CD8_block20.svs,3-6,False,17765.6,6971.3,580,18583,18577,6,0.0323,3.129
TumorCenter_CD8_block20.svs,4-1,False,3323.2,10269.6,655,14190,10018,4172,29.4,2352.8
TumorCenter_CD8_block20.svs,4-2,False,5622.0,10144.6,655,13577,9379,4198,30.92,2380.2
TumorCenter_CD8_block20.svs,11-1,False,4122.8,27960.2,752,21311,17958,3353,15.73,1436.8
TumorCenter_CD8_block20.svs,11-2,False,6671.5,27835.3,752,21265,19257,2008,9.443,892.56
TumorCenter_CD8_block20.svs,12-1,False,4347.7,30358.9,694,14413,13717,696,4.829,358.31
TumorCenter_CD8_block20.svs,12-2,False,6821.4,30234.0,694,13246,11963,1283,9.686,703.37
TumorCenter_CD8_block21.svs,1-5,True,19114.9,17515.7,035,0,0,0,,
TumorCenter_CD8_block21.svs,1-6,False,22363.2,17315.8,035,14712,14065,647,4.398,408.99
TumorCenter_CD8_block21.svs,3-3,False,13792.7,22263.2,355,12083,12017,66,0.5462,42.35
TumorCenter_CD8_block21.svs,3-4,True,16441.3,22313.2,355,0,0,0,,
TumorCenter_CD8_block21.svs,7-1,False,5946.9,32133.0,262,14401,12666,1735,12.05,890.89
TumorCenter_CD8_block21.svs,7-2,False,8520.5,32133.0,262,16895,16148,747,4.421,378.06
TumorCenter_CD8_block21.svs,9-3,False,13018.1,37380.2,406,18897,17689,1208,6.393,548.22
TumorCenter_CD8_block21.svs,9-4,False,15516.8,37430.2,406,16994,15111,1883,11.08,878.43
TumorCenter_CD8_block21.svs,9-5,False,18015.5,37530.1,475,25422,15838,9584,37.7,3480.1
TumorCenter_CD8_block21.svs,9-6,False,20539.1,37630.1,475,23174,14105,9069,39.13,3393.9
TumorCenter_CD8_block21.svs,10-1,False,5647.0,39554.1,615,21154,19257,1897,8.968,882.73
TumorCenter_CD8_block21.svs,10-2,False,8245.6,39479.1,615,15101,14548,553,3.662,350.16
TumorCenter_CD8_block22.svs,1-3,False,14417.4,12543.4,552,19591,19142,449,2.292,201.96
TumorCenter_CD8_block22.svs,1-4,False,16841.1,12593.3,552,22235,20724,1511,6.796,653.05
TumorCenter_CD8_block22.svs,5-5,False,18765.1,22238.2,341,15075,15041,34,0.2255,18.18
TumorCenter_CD8_block22.svs,5-6,False,21313.7,22038.3,341,18286,18269,17,0.093,7.868
TumorCenter_CD8_block22.svs,6-5,False,18915.0,24986.8,725,29454,29333,121,0.4108,41.69
TumorCenter_CD8_block22.svs,6-6,False,21513.6,25061.7,725,30038,30013,25,0.0832,8.65
TumorCenter_CD8_block22.svs,9-3,False,13276.8,32740.7,186,13976,13367,609,4.357,300.89
TumorCenter_CD8_block22.svs,9-4,True,16003.9,32729.9,186,0,0,0,,
TumorCenter_CD8_block2.svs,6-1,False,5747.0,14792.2,279,24899,24404,495,1.988,203.69
TumorCenter_CD8_block2.svs,6-2,False,8370.6,14717.2,279,24356,23723,633,2.599,263.33
TumorCenter_CD8_block2.svs,7-3,False,13043.1,17140.9,115,15535,15149,386,2.485,191.07
TumorCenter_CD8_block2.svs,7-4,False,15641.7,17115.9,115,19499,16872,2627,13.47,1299.0
TumorCenter_CD8_block2.svs,10-1,False,6146.7,24961.8,230,8317,8255,62,0.7455,63.81
TumorCenter_CD8_block2.svs,10-2,True,8645.4,24736.9,230,0,0,0,,
TumorCenter_CD8_block2.svs,10-3,False,13118.1,24761.9,712,12220,8940,3280,26.84,2282.1
TumorCenter_CD8_block2.svs,10-4,True,15791.6,24587.0,712,0,0,0,,
TumorCenter_CD8_block2.svs,11-5,False,18265.3,27110.6,352,20626,19536,1090,5.285,467.48
TumorCenter_CD8_block2.svs,11-6,False,20789.0,27010.7,352,20005,19400,605,3.024,261.07
TumorCenter_CD8_block2.svs,12-1,False,6032.2,29726.1,670,10189,10177,12,0.1178,9.009
TumorCenter_CD8_block2.svs,12-2,False,8545.5,29684.3,670,21203,21168,35,0.1651,14.76
TumorCenter_CD8_block3.svs,2-3,False,12243.5,6696.5,060,21747,21504,243,1.117,106.74
TumorCenter_CD8_block3.svs,2-4,False,14867.1,6821.4,060,19302,19206,96,0.4974,42.08
TumorCenter_CD8_block3.svs,4-3,True,12018.6,11543.9,086,0,0,0,,
TumorCenter_CD8_block3.svs,4-4,False,14592.3,11718.8,086,9686,9391,295,3.046,263.37
TumorCenter_CD8_block3.svs,4-5,False,17190.9,11693.8,458,22458,21132,1326,5.904,547.92
TumorCenter_CD8_block3.svs,4-6,False,19714.6,11818.7,458,14499,13850,649,4.476,365.65
TumorCenter_CD8_block3.svs,5-1,False,4572.6,13467.9,561,26081,25884,197,0.7553,78.15
TumorCenter_CD8_block3.svs,5-2,False,7121.2,13592.8,561,22248,22113,135,0.6068,60.43
TumorCenter_CD8_block3.svs,9-1,False,3947.9,22812.9,548,16035,11404,4631,28.88,2113.1
TumorCenter_CD8_block3.svs,9-2,False,6596.5,23062.8,548,16029,12127,3902,24.34,1779.9
TumorCenter_CD8_block3.svs,9-5,False,16266.4,23962.3,383,18593,18488,105,0.5647,45.48
TumorCenter_CD8_block3.svs,9-6,False,18840.0,24162.2,383,20214,20142,72,0.3562,29.14
TumorCenter_CD8_block3.svs,10-3,True,11044.2,26111.2,089,0,0,0,,
TumorCenter_CD8_block3.svs,10-4,True,13617.8,26286.1,089,0,0,0,,
TumorCenter_CD8_block3.svs,12-5,False,15441.8,31283.4,714,18423,18085,338,1.835,140.75
TumorCenter_CD8_block3.svs,12-6,False,17915.5,31658.2,714,16102,15926,176,1.093,85.83
TumorCenter_CD8_block4.svs,4-3,False,11843.7,10069.7,124,15473,14359,1114,7.2,552.59
TumorCenter_CD8_block4.svs,4-4,False,14667.2,10269.6,124,15943,15233,710,4.453,357.26
TumorCenter_CD8_block4.svs,5-1,False,4372.7,12243.5,558,16195,15570,625,3.859,344.78
TumorCenter_CD8_block4.svs,5-2,False,7146.2,12543.4,558,12545,12343,202,1.61,151.52
TumorCenter_CD8_block4.svs,7-1,False,3798.0,17190.9,508,18235,15849,2386,13.08,1029.3
TumorCenter_CD8_block4.svs,7-2,False,6671.5,17365.8,508,8769,7805,964,10.99,828.05
TumorCenter_CD8_block4.svs,7-3,False,11493.9,17865.5,447,23203,21339,1864,8.033,811.41
TumorCenter_CD8_block4.svs,7-4,False,14017.6,18115.4,447,18918,17709,1209,6.391,671.34
TumorCenter_CD8_block4.svs,11-3,False,10919.2,28235.1,327,16119,14417,1702,10.56,868.73
TumorCenter_CD8_block4.svs,11-4,False,13467.9,28285.0,327,14695,12602,2093,14.24,1256.4
TumorCenter_CD8_block4.svs,12-1,False,3473.2,30483.9,746,27105,23865,3240,11.95,1168.2
TumorCenter_CD8_block4.svs,12-2,False,6046.8,30533.8,746,23331,22333,998,4.278,430.84
TumorCenter_CD8_block5.svs,1-1,True,4072.8,2373.7,414,0,0,0,,
TumorCenter_CD8_block5.svs,1-2,False,6771.4,2473.7,414,21192,20644,548,2.586,227.57
TumorCenter_CD8_block5.svs,1-3,False,11568.9,2548.7,252,19932,17490,2442,12.25,986.82
TumorCenter_CD8_block5.svs,1-4,False,14117.5,2573.6,252,24383,21133,3250,13.33,1342.5
TumorCenter_CD8_block5.svs,2-5,False,16466.3,5047.3,672,26684,26060,624,2.338,225.86
TumorCenter_CD8_block5.svs,2-6,False,19014.9,5172.3,672,24922,23582,1340,5.377,488.04
TumorCenter_CD8_block5.svs,4-1,False,3773.0,9794.8,511,23683,20532,3151,13.3,1201.8
TumorCenter_CD8_block5.svs,4-2,False,6507.1,9825.4,511,14334,13705,629,4.388,362.9
TumorCenter_CD8_block5.svs,5-3,False,11092.7,12430.2,061,16047,15155,892,5.559,446.14
TumorCenter_CD8_block5.svs,5-4,False,13642.8,12555.9,061,8918,8005,913,10.24,873.24
TumorCenter_CD8_block5.svs,8-3,False,10869.2,20189.3,045,25538,22698,2840,11.12,1201.5
TumorCenter_CD8_block5.svs,8-4,False,13542.8,20064.4,045,24499,22989,1510,6.164,651.9
TumorCenter_CD8_block5.svs,8-5,True,16241.4,20139.3,299,0,0,0,,
TumorCenter_CD8_block5.svs,8-6,True,18765.1,20189.3,299,0,0,0,,
TumorCenter_CD8_block5.svs,11-5,False,15941.6,27685.3,078,17571,11062,6509,37.04,2954.2
TumorCenter_CD8_block5.svs,11-6,False,18340.3,27710.3,078,16749,14591,2158,12.88,1131.6
TumorCenter_CD8_block5.svs,12-1,False,3723.0,30234.0,292,19334,18191,1143,5.912,486.57
TumorCenter_CD8_block5.svs,12-2,False,6171.7,30159.0,292,16391,14017,2374,14.48,1103.6
TumorCenter_CD8_block6.svs,5-3,False,11194.1,13168.0,091,17468,15696,1772,10.14,871.69
TumorCenter_CD8_block6.svs,5-4,False,13742.7,12893.2,091,15987,15003,984,6.155,557.34
TumorCenter_CD8_block6.svs,6-1,False,3698.0,15666.7,259,30206,26419,3787,12.54,1318.6
TumorCenter_CD8_block6.svs,6-2,False,6421.6,15666.7,259,24434,21770,2664,10.9,968.68
TumorCenter_CD8_block6.svs,7-1,False,3798.0,18415.2,487,24279,24163,116,0.4778,43.44
TumorCenter_CD8_block6.svs,7-2,False,6321.7,18315.3,487,24222,24072,150,0.6193,57.02
TumorCenter_CD8_block6.svs,10-5,False,16316.4,25736.4,286,13048,12915,133,1.019,85.75
TumorCenter_CD8_block6.svs,10-6,True,18815.0,26011.2,286,0,0,0,,
TumorCenter_CD8_block7.svs,1-1,False,4022.9,2773.5,103,22818,22795,23,0.1008,10.19
TumorCenter_CD8_block7.svs,1-2,False,6571.5,2923.5,103,25057,25037,20,0.0798,8.611
TumorCenter_CD8_block7.svs,9-3,False,10519.4,22588.0,464,18059,17934,125,0.6922,52.54
TumorCenter_CD8_block7.svs,9-4,False,13118.1,22613.0,464,12516,12349,167,1.334,105.41
TumorCenter_CD8_block7.svs,10-3,False,10544.4,25111.7,692,26755,24458,2297,8.585,878.39
TumorCenter_CD8_block7.svs,10-4,False,13093.1,25111.7,692,27000,24897,2103,7.789,806.46
TumorCenter_CD8_block7.svs,12-1,False,3423.2,30084.1,062,19298,17049,2249,11.65,1052.9
TumorCenter_CD8_block7.svs,12-2,False,6021.8,30084.1,062,22982,21462,1520,6.614,631.03
TumorCenter_CD8_block8.svs,9-1,False,4747.5,23437.6,209,22727,19969,2758,12.14,1112.7
TumorCenter_CD8_block8.svs,9-2,False,7446.1,23262.7,209,29027,27380,1647,5.674,617.85
TumorCenter_CD8_block8.svs,9-3,False,12218.5,23012.8,238,25952,24694,1258,4.847,529.77
TumorCenter_CD8_block8.svs,9-4,False,14767.2,22887.9,238,22735,21229,1506,6.624,699.19
TumorCenter_CD8_block8.svs,11-3,False,12443.4,27960.2,069,20516,20340,176,0.8579,88.88
TumorCenter_CD8_block8.svs,11-4,False,14842.1,27835.3,069,17110,16971,139,0.8124,75.31
TumorCenter_CD8_block8.svs,12-5,False,17590.7,30009.1,306,23324,23042,282,1.209,125.1
TumorCenter_CD8_block8.svs,12-6,False,20114.3,29784.2,306,23158,23022,136,0.5873,60.6
TumorCenter_CD8_block9.svs,2-3,False,10919.2,5647.0,585,25129,11880,13249,52.72,4598.7
TumorCenter_CD8_block9.svs,2-4,False,13542.8,5472.1,585,27640,12931,14709,53.22,5104.1
TumorCenter_CD8_block9.svs,4-1,False,3848.0,11119.1,608,15295,15235,60,0.3923,28.59
TumorCenter_CD8_block9.svs,4-2,False,6296.7,11144.1,608,13162,12714,448,3.404,262.12
TumorCenter_CD8_block9.svs,4-5,False,16291.4,10644.4,206,16730,15724,1006,6.013,496.64
TumorCenter_CD8_block9.svs,4-6,False,18890.0,10494.4,206,21067,19402,1665,7.903,667.28
TumorCenter_CD8_block9.svs,6-1,False,3947.9,16278.9,607,15954,15947,7,0.0439,3.063
TumorCenter_CD8_block9.svs,6-2,False,6571.5,16116.5,607,14960,14814,146,0.9759,69.97
TumorCenter_CD8_block9.svs,9-3,False,11443.9,23687.5,424,24132,21719,2413,9.999,1033.8
TumorCenter_CD8_block9.svs,9-4,False,14217.5,23487.6,424,8551,7161,1390,16.26,1296.8
TumorCenter_CD8_block9.svs,10-1,False,3897.9,26535.9,372,12815,8543,4272,33.34,2530.6
TumorCenter_CD8_block9.svs,10-2,False,6721.4,26560.9,372,17289,11601,5688,32.9,2801.4
TumorCenter_CD8_block9.svs,12-1,False,4347.7,31683.2,589,25017,23932,1085,4.337,444.69
TumorCenter_CD8_block9.svs,12-2,False,6946.3,31508.3,589,21915,20552,1363,6.219,573.47
TumorCenter_CD8_block9.svs,12-3,False,11818.7,31383.4,589,13569,9776,3793,27.95,2062.3
TumorCenter_CD8_block9.svs,12-4,False,14317.4,31308.4,589,14646,12261,2385,16.28,1258.3
TumorCenter_CD8_block9.svs,12-5,False,16966.0,31283.4,762,13381,4849,8532,63.76,4683.7
TumorCenter_CD8_block9.svs,12-6,False,19214.8,31258.4,762,17969,8714,9255,51.51,4208.1
