path,category,phase,size_bytes,sha256,write_policy
D:/medical_paper/HNSCC/docs/TRUST_HN_master_project_implementation.md,master_implementation_plan,cross_phase,59172,74824b65db97b400ccfeaa53eba41e15809a30f56766a07a512774df9695fd01,READ_ONLY_REFERENCE
D:/medical_paper/HNSCC/main_pj.pdf,presentation_reference_pdf,cross_phase,2724413,e1d590c909e74894e585205f4d7f7a7bd55165fbd62bdc013f142188c6e06b7e,READ_ONLY_REFERENCE
D:/medical_paper/HNSCC/Springer_Nature_LaTeX_Template/empty.eps,latex_template_source,cross_phase,2970,d7cdcbd8343b585117c7b3809ec48703d5ba992d74b1be0f2c79715de4d392f3,READ_ONLY_REFERENCE
D:/medical_paper/HNSCC/Springer_Nature_LaTeX_Template/fig-eps-converted-to.pdf,latex_template_source,cross_phase,3295,5867ccec434cc549fd2ebfe196dd96a38aff96c8a3ff109f5dd9744b917f186c,READ_ONLY_REFERENCE
D:/medical_paper/HNSCC/Springer_Nature_LaTeX_Template/fig.eps,latex_template_source,cross_phase,93049,9f98c09ea6cbf1b60ce2cd106a6af12847732b99aec8e090f932e8816b7aa092,READ_ONLY_REFERENCE
D:/medical_paper/HNSCC/Springer_Nature_LaTeX_Template/sn-apacite.bst,latex_template_source,cross_phase,151345,be9346857b116ec0359319ff26ace70da573475e4c92c6fb9418f841ff7a7c75,READ_ONLY_REFERENCE
D:/medical_paper/HNSCC/Springer_Nature_LaTeX_Template/sn-aps.bst,latex_template_source,cross_phase,31359,84383a044c2db1f7bb6a5229adc9b7e1e043d697b874ac62bd32ba837b0e5eb7,READ_ONLY_REFERENCE
D:/medical_paper/HNSCC/Springer_Nature_LaTeX_Template/sn-article.aux,latex_template_source,cross_phase,5946,1ca1ef8e0fc402f8333c4a8aacb0fd5bbca224fbfd500d76b1b2b693edb25f94,READ_ONLY_REFERENCE
D:/medical_paper/HNSCC/Springer_Nature_LaTeX_Template/sn-article.bbl,latex_template_source,cross_phase,4764,f387cd0f23c65865f07199a48a9d4da9acdc092085138f7a6b14d50d9b5eb082,READ_ONLY_REFERENCE
D:/medical_paper/HNSCC/Springer_Nature_LaTeX_Template/sn-article.blg,latex_template_source,cross_phase,1106,3649b3ebb9ad816cf651bcb3985e40a0ce2ea8766b8877312ed5ac99373f54ff,READ_ONLY_REFERENCE
D:/medical_paper/HNSCC/Springer_Nature_LaTeX_Template/sn-article.fdb_latexmk,latex_template_source,cross_phase,22282,5a03a6941c88fad3643415f7ad3561169f7aaa6ff01826a7fff1e405df8810ba,READ_ONLY_REFERENCE
D:/medical_paper/HNSCC/Springer_Nature_LaTeX_Template/sn-article.fls,latex_template_source,cross_phase,30695,92370f5b76b4654dd6884ca8e5cbde28d538327b4d4a5b5a7889c98b6e2a4961,READ_ONLY_REFERENCE
D:/medical_paper/HNSCC/Springer_Nature_LaTeX_Template/sn-article.log,latex_template_source,cross_phase,46592,1a9721cdd6c529a0b59a30649504ab6986b25658877b939186a543660467f27e,READ_ONLY_REFERENCE
D:/medical_paper/HNSCC/Springer_Nature_LaTeX_Template/sn-article.out,latex_template_source,cross_phase,3121,e7ac3a9571a38041300dce69ad80c4480f53c880dccf58e8ae4042834a593c9d,READ_ONLY_REFERENCE
D:/medical_paper/HNSCC/Springer_Nature_LaTeX_Template/sn-article.pdf,latex_template_source,cross_phase,426646,dc06da9301fdc2455ff99c3f4edd71aaece5501586c553338dc55cd54479d7fd,READ_ONLY_REFERENCE
D:/medical_paper/HNSCC/Springer_Nature_LaTeX_Template/sn-article.synctex.gz,latex_template_source,cross_phase,80253,23bcfff1e711d79eb5be843a64b8659a9f4c4b6d797cf28f97c90375cb1cbde8,READ_ONLY_REFERENCE
D:/medical_paper/HNSCC/Springer_Nature_LaTeX_Template/sn-article.tex,latex_template_source,cross_phase,34688,91d915efc2ce2e627dee89dd039a09f1008b23e57980a37032cc2b5079f316cc,READ_ONLY_REFERENCE
D:/medical_paper/HNSCC/Springer_Nature_LaTeX_Template/sn-basic.bst,latex_template_source,cross_phase,37333,8783c14337e100935dac9f147cb7baa8b0e014263dba8d7872755c8c3ae08714,READ_ONLY_REFERENCE
D:/medical_paper/HNSCC/Springer_Nature_LaTeX_Template/sn-bibliography.bib,latex_template_source,cross_phase,5123,007a3f0da8a727b721cf43d4b5bc399831c13f5c8bb3a0728a729c67ab1c0c54,READ_ONLY_REFERENCE
D:/medical_paper/HNSCC/Springer_Nature_LaTeX_Template/sn-chicago.bst,latex_template_source,cross_phase,35651,f94dc7958b7a6c8ed4493cef2dff3b69bcb7f6ae9bfbf22a5dbeec37ed4d04f6,READ_ONLY_REFERENCE
D:/medical_paper/HNSCC/Springer_Nature_LaTeX_Template/sn-jnl.cls,latex_template_source,cross_phase,57660,9fefbd3d4475c229d14eb376b481588c1e981b5e192106ffd00b320bf14ac051,READ_ONLY_REFERENCE
D:/medical_paper/HNSCC/Springer_Nature_LaTeX_Template/sn-mathphys-ay.bst,latex_template_source,cross_phase,67231,c5caab1af65d4a9790da280d8162633d378830b7dfab10d8713e6e6c7e1ffa80,READ_ONLY_REFERENCE
D:/medical_paper/HNSCC/Springer_Nature_LaTeX_Template/sn-mathphys-num.bst,latex_template_source,cross_phase,67377,5902dc51ca7140ad5735327d8df296bfffb95b616c5aed841d222e14c47cce7d,READ_ONLY_REFERENCE
D:/medical_paper/HNSCC/Springer_Nature_LaTeX_Template/sn-nature.bst,latex_template_source,cross_phase,39056,638d68f5b0e92ffb25d64d29c7334e1bac6bbf54574b602bc633af8d96e1fd9b,READ_ONLY_REFERENCE
D:/medical_paper/HNSCC/Springer_Nature_LaTeX_Template/sn-vancouver-ay.bst,latex_template_source,cross_phase,42035,5dd4a36caa68169536f895f5dd4ade89307150ee8f1d100b5a08c328281c92bd,READ_ONLY_REFERENCE
D:/medical_paper/HNSCC/Springer_Nature_LaTeX_Template/sn-vancouver-num.bst,latex_template_source,cross_phase,42779,679200a0174756f85ad0e1d0cbcf3b421448ffc0d355f5b1a1b32889e9b4fd4f,READ_ONLY_REFERENCE
D:/medical_paper/HNSCC/Springer_Nature_LaTeX_Template/user-manual.pdf,latex_template_source,cross_phase,418495,4bb5d025c3ec64825cb3f4e1590d7ecc73b51c3c7c53e06711f59d2e840ed9e9,READ_ONLY_REFERENCE
configs/analysis_freeze.yaml,analysis_configuration,cross_phase,6122,3d366899c3770f9de4ca4b44dcd1d6951ce8fbb8954659ca4e934a389e06201e,READ_ONLY_NO_RETUNING_OR_OVERWRITE
configs/audit_specs/hancock.json,analysis_configuration,cross_phase_hancock,540,8082281106778c2a86c83adbcc37b1cda26a18a35d2cc4f20342782501973082,READ_ONLY_NO_RETUNING_OR_OVERWRITE
configs/audit_specs/radcure.json,analysis_configuration,cross_phase,540,89c992898210727ccbe2be920f97bc24c950067118684b5ec7f11b9a12f33964,READ_ONLY_NO_RETUNING_OR_OVERWRITE
configs/audit_specs/tcga_geo.json,analysis_configuration,cross_phase,606,7d42202de9677dfe263ab399f187f04885d856e7de4f50f4489f1daed0fe892d,READ_ONLY_NO_RETUNING_OR_OVERWRITE
configs/base.yaml,analysis_configuration,cross_phase,693,974a5c028edc20e7ea30e06f5047bd882ede6157fb343a20baef999642bf2731,READ_ONLY_NO_RETUNING_OR_OVERWRITE
configs/download_policy.json,analysis_configuration,cross_phase,1795,930fbb1385266dcdf593b5ecf426922fe6bbb9bc929968e02877dfc6b7ffa432,READ_ONLY_NO_RETUNING_OR_OVERWRITE
configs/experiments/.gitkeep,analysis_configuration,cross_phase,0,e3b0c44298fc1c149afbf4c8996fb92427ae41e4649b934ca495991b7852b855,READ_ONLY_NO_RETUNING_OR_OVERWRITE
configs/gdc_tcga_hnsc_cases_query.json,analysis_configuration,cross_phase,703,c7a380814ec3503f655191c9ff60c487b7a876d4bb21d6e768a32ef3bb03669d,READ_ONLY_NO_RETUNING_OR_OVERWRITE
configs/gdc_tcga_hnsc_star_counts_query.json,analysis_configuration,cross_phase,3827,0a52080ea2a93f77e49dd165b8aba4b77bb80510d90d6afd635af5974e0a7f88,READ_ONLY_NO_RETUNING_OR_OVERWRITE
configs/hancock.yaml,analysis_configuration,cross_phase_hancock,3234,e997a671c9e7623f1a660f4904d452a5c2d85e9f988db1351d1d3585bb2e3f21,READ_ONLY_NO_RETUNING_OR_OVERWRITE
configs/phase1_sources.json,analysis_configuration,phase1,6744,0fcf53c80f5ca84804e74ff527758b45defebe6b128637cffbcbd93f844bb775,READ_ONLY_NO_RETUNING_OR_OVERWRITE
configs/phase2_contract.json,analysis_configuration,phase2,2365,8ce3633debeca7148c0e11a80bd582821f9a919a7bd3ec7b3bb9207f0ab56d40,READ_ONLY_NO_RETUNING_OR_OVERWRITE
configs/phase2_governance.json,analysis_configuration,phase2,913,ae489b5e9cb34ccd855107cf35936fcbcb9ab5a4d147e8aec3c9ee2c318cd952,READ_ONLY_NO_RETUNING_OR_OVERWRITE
configs/phase3_baselines.json,analysis_configuration,phase3,2571,8d18348cf059895a25c3b1a07ea4d670b23fa5a18dfa9809fea64caf40f9822e,READ_ONLY_NO_RETUNING_OR_OVERWRITE
configs/phase3_governance.json,analysis_configuration,phase3,963,ff6a17e96e496f1bc04296980d3965cb03bd0a713612da7014d5f09617df8f5d,READ_ONLY_NO_RETUNING_OR_OVERWRITE
configs/phase4_governance.json,analysis_configuration,phase4,1165,c34bc832c999dc69539088ad70a927a6278beb9db40426ee4c0f9b4f7bef7de1,READ_ONLY_NO_RETUNING_OR_OVERWRITE
configs/phase4_trust_hn.json,analysis_configuration,phase4,2382,25322f6b68927f267c98a7d017bca01a6ebe6debd434926b72dd6a2e844abb0d,READ_ONLY_NO_RETUNING_OR_OVERWRITE
configs/phase5_governance.json,analysis_configuration,phase5,1295,51180c2a80731cab78fdd299b97efd7996033ccb965805727e5baee49c61bfdc,READ_ONLY_NO_RETUNING_OR_OVERWRITE
configs/phase5_stress_tests.json,analysis_configuration,phase5,2467,d96963f354f57b9cafc32427fd4ceefe652f7c351ef74fb19bc56efea3131598,READ_ONLY_NO_RETUNING_OR_OVERWRITE
configs/phase6_evaluation.json,analysis_configuration,phase6,3997,dc1c3a318dfb2fda4b1d6f8409f59b70b9f7f5d3719e1002a694839396600c03,READ_ONLY_NO_RETUNING_OR_OVERWRITE
configs/phase6_governance.json,analysis_configuration,phase6,1670,c895fb7517a0d7d68c6ef94e0467ebd6176a883480b73207c26a64b42137a549,READ_ONLY_NO_RETUNING_OR_OVERWRITE
configs/phase7_exploratory_benchmarks.json,analysis_configuration,phase7,2556,a7faf0deb2f8f7f4c536751d608b48010fe46246cf4a63573780b30297bf8aaf,READ_ONLY_NO_RETUNING_OR_OVERWRITE
configs/phase8_pseudo_private_overlap_simulation.json,analysis_configuration,phase8,916,1a5dfda1f30d7be611425797c55a07280979acc878987fe95ccdc34a00126a99,READ_ONLY_NO_RETUNING_OR_OVERWRITE
configs/radcure.yaml,analysis_configuration,cross_phase,3172,add5432d8fd1fc19b503846ca1de649d7ff2ba0f7de14f9dc20ea3be872870bc,READ_ONLY_NO_RETUNING_OR_OVERWRITE
configs/tcga_geo.yaml,analysis_configuration,cross_phase,3835,83dac7827ec55e7ada69ed48dd25087ff1ebf21dd72a1ad2283b9a0d2703beea,READ_ONLY_NO_RETUNING_OR_OVERWRITE
data/manifests/gse41613/data_manifest.yaml,data_manifest,cross_phase,1691,dce51fc6f7a69cecd1cca7726c9296e6391737c4b9890bec6baa86b797a29344,READ_ONLY_NO_RETUNING_OR_OVERWRITE
data/manifests/gse41613/license_notes.md,data_manifest,cross_phase,907,7104a3df32953ba8a303973ffcc01a853c81249aba989bce90f966299b5c90e2,READ_ONLY_NO_RETUNING_OR_OVERWRITE
data/manifests/gse65858/data_manifest.yaml,data_manifest,cross_phase,1706,7107d854608504da1a0e74a11ab1c6a4e57a49d279ea8c0c9c78433be4f0596f,READ_ONLY_NO_RETUNING_OR_OVERWRITE
data/manifests/gse65858/license_notes.md,data_manifest,cross_phase,793,d18fff404db0efa28172cb5e0d99b97db05dab0cbfdaa880ad1d0699238b4f2a,READ_ONLY_NO_RETUNING_OR_OVERWRITE
data/manifests/hancock/data_manifest.yaml,data_manifest,cross_phase_hancock,3111,ddcef3ecff48fe5409eba47bd9621ffb2d5da057729ee57419b3923e3af4dd52,READ_ONLY_NO_RETUNING_OR_OVERWRITE
data/manifests/hancock/license_notes.md,data_manifest,cross_phase_hancock,1148,a3fa24fce977a138c2e9d3621c021d21c8559b4185bc3f0696231e48d83ee0dd,READ_ONLY_NO_RETUNING_OR_OVERWRITE
data/manifests/phase1_finalization_receipt.json,data_manifest,phase1,280,622f7eaacce00d9bc9a2cd38939153b5765e093c991bbb3c9b9b00e70a771a83,READ_ONLY_NO_RETUNING_OR_OVERWRITE
data/manifests/radcure/data_manifest.yaml,data_manifest,cross_phase,2431,0f27af317ca4771717a45d058677d2840f0c63878cad4fdf2650ae23522c44d7,READ_ONLY_NO_RETUNING_OR_OVERWRITE
data/manifests/radcure/license_notes.md,data_manifest,cross_phase,969,5a439849286a1459838d1e9de0f9ca69ea86e1de0ca80afea035d27a2c2e7101,READ_ONLY_NO_RETUNING_OR_OVERWRITE
data/manifests/sealed/phase6_cohort_set_manifest.json,data_manifest,phase6,1894,c2ad1939fc77674d6b0e83715bea83b12dbf16560dfafbc180ef60fb1bad8470,READ_ONLY_NO_RETUNING_OR_OVERWRITE
data/manifests/source_registry.yaml,data_manifest,cross_phase,4610,86feadd3954b348343f16560c029b0026b91a66454c7f7f8a99e9fcaed39682d,READ_ONLY_NO_RETUNING_OR_OVERWRITE
data/manifests/tcga_hnsc/data_manifest.yaml,data_manifest,cross_phase,421052,f4186e44096cc77a9022d33f5713e9d4c491b394edce932c2131e054c293b8a1,READ_ONLY_NO_RETUNING_OR_OVERWRITE
data/manifests/tcga_hnsc/license_notes.md,data_manifest,cross_phase,892,a0bce1d9631b6c562d4bb978d17193e3bec971aaf97fcb707dfa67c6dd591fe4,READ_ONLY_NO_RETUNING_OR_OVERWRITE
data/manifests/tcga_hnsc_gdc_download_summary.json,data_manifest,cross_phase,448048,86e422f26dbb899b4e381e6a2ab750d8d07523c50b57892f76ab2ab83303e296,READ_ONLY_NO_RETUNING_OR_OVERWRITE
data/manifests/templates/data_manifest.yaml,data_manifest,cross_phase,422,43b74c98801c47f71f50c6029ff7e0e733d09c8e561063d879b74a58e72b9c8c,READ_ONLY_NO_RETUNING_OR_OVERWRITE
docs/audits/hancock/cohort_flow.csv,audit_document,cross_phase_hancock,80,7443b0a3155ff5e260606e8dd7a50496657cd0a29bdf8108d137a2a661c706f5,READ_ONLY_HISTORICAL_RECORD
docs/audits/hancock/data_dictionary.csv,audit_document,cross_phase_hancock,112,8e1efe7dda51c1faee3437421a9ae377858461ebe4859fd4dfcf811cfa378e20,READ_ONLY_HISTORICAL_RECORD
docs/audits/hancock/data_manifest.yaml,audit_document,cross_phase_hancock,419,39ac2cb4ccb50d57eab69a4cbd58a0bd2ad5a2b2e9d4443929252ba6b4d0db72,READ_ONLY_HISTORICAL_RECORD
docs/audits/hancock/endpoint_audit.md,audit_document,cross_phase_hancock,722,340d227f1683beafc1bcc0d2c781b3eb7f865008ce99a55fe9f94a74529554e8,READ_ONLY_HISTORICAL_RECORD
docs/audits/hancock/go_no_go.md,audit_document,cross_phase_hancock,537,c7af480b533694af94bba2b67a4774ecd2e6cf0d6d5809ae41b998666973e5ed,READ_ONLY_HISTORICAL_RECORD
docs/audits/hancock/leakage_audit.md,audit_document,cross_phase_hancock,597,0bcc5579d8a4158061c1bcd32f33041e3bce868195f61e8fb8ba3134c0e2fbc5,READ_ONLY_HISTORICAL_RECORD
docs/audits/hancock/license_notes.md,audit_document,cross_phase_hancock,368,a45dc0ba3c0d79e12345c986d78c642003c5c193e9c3c235a229f0daaf2dfa36,READ_ONLY_HISTORICAL_RECORD
docs/audits/hancock/missingness.csv,audit_document,cross_phase_hancock,79,0da7dc7ebf5b246d89c4d8087fbd19ef0c0a3d8369cc163b2062786a307b987b,READ_ONLY_HISTORICAL_RECORD
docs/audits/hancock/split_audit.md,audit_document,cross_phase_hancock,430,3b6e8047571e17164a92e9b1c5f9d1fc1ee3a4cc6cba94974e897f822bd5b62f,READ_ONLY_HISTORICAL_RECORD
docs/audits/phase2/endpoint_audit.md,audit_document,phase2,2066,8c0943ae078c78e008aefd1c87b8056a45de2e8035fa021755286df44986e72d,READ_ONLY_HISTORICAL_RECORD
docs/audits/phase3/authorization.md,audit_document,phase3,1211,95d1a550b0c05f272ebdef438b554d0660ba10cb438b4da8b7b0622649f099ec,READ_ONLY_HISTORICAL_RECORD
docs/audits/phase3/baseline_findings.md,audit_document,phase3,7095,d4fa9e6725695f1e733f03f6f0370a9b8b0cbe8f057ddc950ec06bf3dd342c80,READ_ONLY_HISTORICAL_RECORD
docs/audits/phase3/leakage_audit.md,audit_document,phase3,1332,73253fe84717da54a1f1df6913eb387b5cef39d1759b4df1efcaa4354d58e4fd,READ_ONLY_HISTORICAL_RECORD
docs/audits/phase4/authorization.md,audit_document,phase4,1563,808a2fffc25cae27bdd292cc8ffc50edb7041f76ddbea915c4833403059b975d,READ_ONLY_HISTORICAL_RECORD
docs/audits/phase4/core_findings.md,audit_document,phase4,1294,e8b155ab9f3d85a907e30ff3921dff752ecb57ded664bd58abbc37dcf7fc2c85,READ_ONLY_HISTORICAL_RECORD
docs/audits/phase4/leakage_audit.md,audit_document,phase4,1550,6597cdc66abc709e5686bd6f512f71eb1fd17814330caf3ce147f0e463bc8f73,READ_ONLY_HISTORICAL_RECORD
docs/audits/phase5/development_findings.md,audit_document,phase5,3166,b23e3f4376dfe2bb7e589a908f53cf7d5dda5efa33a6a60c0d112a659088c37f,READ_ONLY_HISTORICAL_RECORD
docs/audits/phase5/final_configuration.md,audit_document,phase5,790,1ae5b57d38ee4504d19d6e0d2c1ec56b77287c0b8b83f89b44b6daa9eac6bf75,READ_ONLY_HISTORICAL_RECORD
docs/audits/phase5/leakage_audit.md,audit_document,phase5,587,2e4a5a0ce7a690f10ed1891d383932f4564bef7f1cd04000015f3770c59cf202,READ_ONLY_HISTORICAL_RECORD
docs/audits/phase5/preanalysis_protocol.md,audit_document,phase5,4655,503d8a06f78d03370455f355014415618111b4bf72df56956c6383fdad505a12,READ_ONLY_HISTORICAL_RECORD
docs/audits/phase6/phase6_final_audit.md,audit_document,phase6,5617,d745a91106c6c09476147df7b4bf55691e960a1e9ac3159fe586bb581e6711de,READ_ONLY_HISTORICAL_RECORD
docs/audits/phase6/radcure_rds_structural_audit.md,audit_document,phase6,1582,eb4092f60052f828d122820cc12ee82177caf79371e8c6aafcc61f21f63cc984,READ_ONLY_HISTORICAL_RECORD
docs/audits/radcure/cohort_flow.csv,audit_document,cross_phase,80,7443b0a3155ff5e260606e8dd7a50496657cd0a29bdf8108d137a2a661c706f5,READ_ONLY_HISTORICAL_RECORD
docs/audits/radcure/data_dictionary.csv,audit_document,cross_phase,112,8e1efe7dda51c1faee3437421a9ae377858461ebe4859fd4dfcf811cfa378e20,READ_ONLY_HISTORICAL_RECORD
docs/audits/radcure/data_manifest.yaml,audit_document,cross_phase,419,29dff7e72ec36cf4d7f8d66b915c5635b31913fa3e8948495706470a529418e7,READ_ONLY_HISTORICAL_RECORD
docs/audits/radcure/endpoint_audit.md,audit_document,cross_phase,722,7b0f1dc1734715e9aefb08d96a970c474ce7aee0a0e679a71a1da303a4345c04,READ_ONLY_HISTORICAL_RECORD
docs/audits/radcure/go_no_go.md,audit_document,cross_phase,537,d9e5922eea8bc2fccec27bfd12d0227a4bb133d46d94456c674eb48864b09aaa,READ_ONLY_HISTORICAL_RECORD
docs/audits/radcure/leakage_audit.md,audit_document,cross_phase,597,5314ac7768300f85fc16d8172e563efdcb1977e103e72f8e5663fe87d3192206,READ_ONLY_HISTORICAL_RECORD
docs/audits/radcure/license_notes.md,audit_document,cross_phase,368,273a61659e725b172e5ed17c4080089522dad73f4e327a511b62a50dc5033fc4,READ_ONLY_HISTORICAL_RECORD
docs/audits/radcure/missingness.csv,audit_document,cross_phase,79,0da7dc7ebf5b246d89c4d8087fbd19ef0c0a3d8369cc163b2062786a307b987b,READ_ONLY_HISTORICAL_RECORD
docs/audits/radcure/split_audit.md,audit_document,cross_phase,430,484bc1e9fe382c050d1bbf065489caf46af1073734970a84881926f437f5bb4f,READ_ONLY_HISTORICAL_RECORD
docs/audits/tcga_geo/cohort_flow.csv,audit_document,cross_phase,80,7443b0a3155ff5e260606e8dd7a50496657cd0a29bdf8108d137a2a661c706f5,READ_ONLY_HISTORICAL_RECORD
docs/audits/tcga_geo/data_dictionary.csv,audit_document,cross_phase,112,8e1efe7dda51c1faee3437421a9ae377858461ebe4859fd4dfcf811cfa378e20,READ_ONLY_HISTORICAL_RECORD
docs/audits/tcga_geo/data_manifest.yaml,audit_document,cross_phase,420,ea8ec53430b16e89dea9fe6ce567de36a6801abf228a4668d9d405587937960b,READ_ONLY_HISTORICAL_RECORD
docs/audits/tcga_geo/endpoint_audit.md,audit_document,cross_phase,723,4f00a12dd07d9edad3f542d1cdec12223f3407959b1e0a17728580c434f5646c,READ_ONLY_HISTORICAL_RECORD
docs/audits/tcga_geo/go_no_go.md,audit_document,cross_phase,538,be73a8a1c032612e52dedc37a477f4bb7ed83cf033ec3f2a62e78ad60fbc5277,READ_ONLY_HISTORICAL_RECORD
docs/audits/tcga_geo/leakage_audit.md,audit_document,cross_phase,598,15165a89cd0d8581483affbdd018c98a07bb4e28b36808646e5564f51e7476ff,READ_ONLY_HISTORICAL_RECORD
docs/audits/tcga_geo/license_notes.md,audit_document,cross_phase,369,956ee56dd91b29b9b73cd3980f48c68d3f6353f05f241160ee8e81115293c0ac,READ_ONLY_HISTORICAL_RECORD
docs/audits/tcga_geo/missingness.csv,audit_document,cross_phase,79,0da7dc7ebf5b246d89c4d8087fbd19ef0c0a3d8369cc163b2062786a307b987b,READ_ONLY_HISTORICAL_RECORD
docs/audits/tcga_geo/split_audit.md,audit_document,cross_phase,431,4c9310ae8c36268688973ef15ef2ecb86ef771bdf2598c55c9906d277a4a75eb,READ_ONLY_HISTORICAL_RECORD
docs/checklists/en/PROBAST_AI_self_assessment.md,reporting_checklist,cross_phase,5781,a35055e1e7251f56b8438c7424a600d6e12c286b97ea22389f359559c4bbd5a0,READ_ONLY_SOURCE_FOR_MANUSCRIPT
docs/checklists/en/TRIPOD_AI_self_assessment.md,reporting_checklist,cross_phase,6199,ed979899969365cceadb181401c9979e0c0188602e2a70ef6cafc523c645f5b7,READ_ONLY_SOURCE_FOR_MANUSCRIPT
docs/checklists/zh-CN/PROBAST_AI_self_assessment.md,reporting_checklist,cross_phase,4736,ff562a9fd0ba3793b93df8b3af66b04d6aa1c58e0ae4f2234ee9be4969d53331,READ_ONLY_SOURCE_FOR_MANUSCRIPT
docs/checklists/zh-CN/TRIPOD_AI_self_assessment.md,reporting_checklist,cross_phase,5085,50721efcb56b82eb293c68abcb3b1ac17ca4aa4b3c208d9784012703aa5940b3,READ_ONLY_SOURCE_FOR_MANUSCRIPT
docs/model_card.md,project_governance,cross_phase,225,e9853a17d534ad0d047d27487ed6e64052edd0bf145d3ee73fa809b99cc846d7,READ_ONLY_SOURCE_FOR_MANUSCRIPT
docs/phase1_acquisition_plan.md,project_governance,phase1,2442,bf728a1c34db45de869edb8917620553231b9eca892fe5fc58beb6e01e4297fc,READ_ONLY_SOURCE_FOR_MANUSCRIPT
docs/plans/manuscript_project/CODEX_MANUSCRIPT_EXECUTION_BRIEF_zh-CN.md,manuscript_or_phase_plan,cross_phase,3473,7cf61ec0ee51e12b9470e87549a089da24aedb5bc998a77576e7582bdb130f66,READ_ONLY_SOURCE_FOR_MANUSCRIPT
docs/plans/manuscript_project/MANUSCRIPT_PROJECT_PLAN_zh-CN.md,manuscript_or_phase_plan,cross_phase,13806,017bed452fa1a2734324f41a30e94b0412b265735de6ce202c60ce6ec1c30feb,READ_ONLY_SOURCE_FOR_MANUSCRIPT
docs/plans/phase7/CODEX_EXECUTION_BRIEF_zh-CN.md,manuscript_or_phase_plan,phase7,2766,faf9c5ff5407856646c760deb7059f6baa39bf7fad46c3d066ff290af7431e4b,READ_ONLY_SOURCE_FOR_MANUSCRIPT
docs/plans/phase7/phase7_paper_project_plan_en.md,manuscript_or_phase_plan,phase7,5886,2043b3d2ed1063903f4314c4a535ffdab2ab3aeea61085e7eac8ed382071ac05,READ_ONLY_SOURCE_FOR_MANUSCRIPT
docs/plans/phase7/phase7_paper_project_plan_zh-CN.md,manuscript_or_phase_plan,phase7,10212,acc7d589da667aa31285e7fadda6514edb8d288eab9b2e508f942a497d321e9e,READ_ONLY_SOURCE_FOR_MANUSCRIPT
docs/reproducibility.md,project_governance,cross_phase,208,cf547c01482fc92f0ed254b421f3d5ec5e0990dff383e0f79e86e58ced0f1f8c,READ_ONLY_SOURCE_FOR_MANUSCRIPT
docs/sap.md,project_governance,cross_phase,212,c25ba3e049b3b79523e0b379fd09ca6110e8ce380fded332f54bf414db2db30d,READ_ONLY_SOURCE_FOR_MANUSCRIPT
docs/work_stage_reports/en/2026-08-07_phase0_completion_report.md,phase_report,phase0,1520,bd34c35979ccfb4bf163445e20e3e34993985568e82dbee4fa1f395b69206047,READ_ONLY_HISTORICAL_RECORD
docs/work_stage_reports/en/2026-08-07_phase1_acquisition_plan.md,phase_report,phase1,2442,bf728a1c34db45de869edb8917620553231b9eca892fe5fc58beb6e01e4297fc,READ_ONLY_HISTORICAL_RECORD
docs/work_stage_reports/en/2026-08-07_phase1_completion_report.md,phase_report,phase1,11328,0db4b6a8e9fa2ffafe81af715a79bad954241ed19aae8e25155af3c60a727e8d,READ_ONLY_HISTORICAL_RECORD
docs/work_stage_reports/en/2026-08-07_phase1_progress_report.md,phase_report,phase1,1603,462754654872037320cfead455aee627ade1a4f64e3e684d3899cc86bebe481a,READ_ONLY_HISTORICAL_RECORD
docs/work_stage_reports/en/2026-08-07_phase2_completion_report.md,phase_report,phase2,9092,f8e48314d389025b6aef5a24a9fa17d826880f3c175dc59e74c44e1fd33c1ed0,READ_ONLY_HISTORICAL_RECORD
docs/work_stage_reports/en/2026-08-07_phase3_completion_report.md,phase_report,phase3,8004,e1cf464a816f25199f49cfc5e320e0870fbb4ba930b346f8b73c1a582fd3a17d,READ_ONLY_HISTORICAL_RECORD
docs/work_stage_reports/en/2026-08-07_phase4_completion_report.md,phase_report,phase4,10671,25f597b78a730759897ecd8247226b6d5ea880b764a37f2872a57146b1c955f0,READ_ONLY_HISTORICAL_RECORD
docs/work_stage_reports/en/2026-08-07_phase5_completion_report.md,phase_report,phase5,6546,3c23a35cc80ef293a537cec182816c57f9693756ea5a8e933533a78475e71e13,READ_ONLY_HISTORICAL_RECORD
docs/work_stage_reports/en/2026-08-07_project_kickoff_decision.md,phase_report,cross_phase,906,5c566005e4b39b5471e97fe47874375044ecdcae7342119e802a40c851d4c9e9,READ_ONLY_HISTORICAL_RECORD
docs/work_stage_reports/en/2026-08-07_project_status.md,phase_report,cross_phase,2893,171c650bd09914d9f2ca1ab0a9fd25076f056249142d2ace4700cbc454d46396,READ_ONLY_HISTORICAL_RECORD
docs/work_stage_reports/en/2026-08-08_phase6_report.md,phase_report,phase6,11738,58fa060e0a1af2b8c10fa045d26c41adaf025141ffc28bd9f4672d8ac0f7229f,READ_ONLY_HISTORICAL_RECORD
docs/work_stage_reports/en/2026-08-09_phase7_comparator_completion_report.md,phase_report,phase7,7355,9786bb78514876606d592b80082f286ff9a30d444126a192d2474656491f8bd5,READ_ONLY_HISTORICAL_RECORD
docs/work_stage_reports/en/2026-08-09_phase7_planning_report.md,phase_report,phase7,1454,ddd51593d99f77bf3435e2e03a451c099bf1c2f79624a39a59110b22082cef04,READ_ONLY_HISTORICAL_RECORD
docs/work_stage_reports/en/2026-08-11_inner_hancock_provenance_reassessment.md,phase_report,cross_phase_hancock,4695,44789300fd532d9a34f9f6ddda65fffa57e264d7839de0dc6a8121dd7c0e0f91,READ_ONLY_HISTORICAL_RECORD
docs/work_stage_reports/en/2026-08-11_phase8_pseudo_private_overlap_simulation_report.md,phase_report,phase8,7011,3cb887d30a81eabab5d0dbc8db5530bef01c9558dbb22e18bb0f64be72266d19,READ_ONLY_HISTORICAL_RECORD
docs/work_stage_reports/README.md,phase_report,cross_phase,3329,1bc2208fdf50c58089aff71648a926280f589ef1c60e88ed228adef5aa4a24e6,READ_ONLY_HISTORICAL_RECORD
docs/work_stage_reports/templates/phase8_pseudo_private_en.md,phase_report,phase8,6146,b6eedbc9da0063339dc0af4aa49f480a41a6480ee6c9327949141be6908fdef2,READ_ONLY_HISTORICAL_RECORD
docs/work_stage_reports/templates/phase8_pseudo_private_zh-CN.md,phase_report,phase8,5528,c1eab20a006c25f90fc92cc5bea8ea8cc8075b67c201201632c9dee9295d0a31,READ_ONLY_HISTORICAL_RECORD
docs/work_stage_reports/zh-CN/2026-08-07_phase0_completion_report.md,phase_report,phase0,1726,0f5d6e3e473ab80ce582745f9768410043342cc7f25d0f92f9a2fe0e1fd9c032,READ_ONLY_HISTORICAL_RECORD
docs/work_stage_reports/zh-CN/2026-08-07_phase1_acquisition_plan.md,phase_report,phase1,2455,ccc19397a58820b3bf53b5f5bbdb33311a099c0258cc53a47cf98e4f9daa27ba,READ_ONLY_HISTORICAL_RECORD
docs/work_stage_reports/zh-CN/2026-08-07_phase1_completion_report.md,phase_report,phase1,11015,46307c33b8e334de9e39785970f9fec846b68b6c9827194d6f1d1ee6627db230,READ_ONLY_HISTORICAL_RECORD
docs/work_stage_reports/zh-CN/2026-08-07_phase1_progress_report.md,phase_report,phase1,1725,b4c94fcfb8556101131cf39611c53067dfc6042193ed789576ae78653b10b9c7,READ_ONLY_HISTORICAL_RECORD
docs/work_stage_reports/zh-CN/2026-08-07_phase2_completion_report.md,phase_report,phase2,8783,7cd8ac1470f860dc85c217637a6de7354584c6024f4b7651eb1d51e47fc1186b,READ_ONLY_HISTORICAL_RECORD
docs/work_stage_reports/zh-CN/2026-08-07_phase3_completion_report.md,phase_report,phase3,7683,2859168bf46802f97c3c14d398516c5ca57ab2828ec069b8821010224482fdba,READ_ONLY_HISTORICAL_RECORD
docs/work_stage_reports/zh-CN/2026-08-07_phase4_completion_report.md,phase_report,phase4,10028,f9f88c7c0a5bc395f4242ae886f13b934d612cdba5a9a5d22e774b84797004b4,READ_ONLY_HISTORICAL_RECORD
docs/work_stage_reports/zh-CN/2026-08-07_phase5_completion_report.md,phase_report,phase5,6241,e0afea783a5e95116797ae428e425f338d9ab9a68c2bad3fb91c0568e0991aaf,READ_ONLY_HISTORICAL_RECORD
docs/work_stage_reports/zh-CN/2026-08-07_project_kickoff_decision.md,phase_report,cross_phase,842,c5bbcfe485a41b17c71bcfe9e89a0027981e3129239cea8e5ce55c8745442ccf,READ_ONLY_HISTORICAL_RECORD
docs/work_stage_reports/zh-CN/2026-08-07_project_status.md,phase_report,cross_phase,2877,cdcc6eed95b154493e03f34d30cefd42eb7f06fcd2f2e75cc4b472e3c1f88d7f,READ_ONLY_HISTORICAL_RECORD
docs/work_stage_reports/zh-CN/2026-08-08_phase6_report.md,phase_report,phase6,10496,dd76dc6ac07cacbe9d26e29b652ce5552aaa70b3c54a3afa9c1febae9ad97dd4,READ_ONLY_HISTORICAL_RECORD
docs/work_stage_reports/zh-CN/2026-08-09_phase7_comparator_completion_report.md,phase_report,phase7,7650,92f1d3b12fa953c8c049c8a5424629007c0be8aca3b4ee50b70a829de2ad6c98,READ_ONLY_HISTORICAL_RECORD
docs/work_stage_reports/zh-CN/2026-08-09_phase7_planning_report.md,phase_report,phase7,1344,f482e3754b458748c70b506d8b0deb064dbe0a3daa14be91a3a492778383c152,READ_ONLY_HISTORICAL_RECORD
docs/work_stage_reports/zh-CN/2026-08-11_inner_hancock_provenance_reassessment.md,phase_report,cross_phase_hancock,4373,b90452dcffc755ebeb984dad848251a76d01567f386295f670a6c331da3fd6e9,READ_ONLY_HISTORICAL_RECORD
docs/work_stage_reports/zh-CN/2026-08-11_phase8_pseudo_private_overlap_simulation_report.md,phase_report,phase8,6393,6b9e74efa2a42899d85bd14fec6f6365a0058cdf660a0cdb2cc17a7826ab71df,READ_ONLY_HISTORICAL_RECORD
paper/figure_legends.md,preexisting_paper_draft,cross_phase,3158,219b4901618b4fa87d3de9028c248e5fb663f604a3546d7d785ac43b22e23e07,READ_ONLY_SOURCE_FOR_MANUSCRIPT
paper/manuscript.md,preexisting_paper_draft,cross_phase,19129,fdf4e7ea94cd4fb57a21f7c2c07447e1777e110212bd3ed41d5a7cc977807af2,READ_ONLY_SOURCE_FOR_MANUSCRIPT
paper/references.bib,preexisting_paper_draft,cross_phase,82,8de3dac75c02225ca1bf3e587d0f287d61c8353976d828f505081df6a0dc4e24,READ_ONLY_SOURCE_FOR_MANUSCRIPT
paper/supplement.md,preexisting_paper_draft,cross_phase,8336,7a77ae36dfb7186285e2c5f70914d7638868309efbfd0c51ed4fa51a0d96de26,READ_ONLY_SOURCE_FOR_MANUSCRIPT
PHASE0_REPORT.md,project_governance,phase0,1520,bd34c35979ccfb4bf163445e20e3e34993985568e82dbee4fa1f395b69206047,READ_ONLY_SOURCE_FOR_MANUSCRIPT
PHASE1_PROGRESS.md,project_governance,phase1,3704,90f417d24d6ce0e3021f0442043769cdafbb1539965f44f61822b64c15b88b35,READ_ONLY_SOURCE_FOR_MANUSCRIPT
PROJECT_STATUS.md,project_governance,cross_phase,4737,490f4021d722c5f15a73a4b37589f914591efc13ac107cd87940d7a06759a479,READ_ONLY_SOURCE_FOR_MANUSCRIPT
results/figures/phase2/event_distribution.svg,result_figure,phase2,1973,4c30244fd8f38c6e28b3c2b588432f3fc7dc59b08fb8282b2de75c9fb4facd78,READ_ONLY_NO_RETUNING_OR_OVERWRITE
results/figures/phase2/kaplan_meier_development_only.svg,result_figure,phase2,69653,6af2933d861453b0c8cb8fdf7a606aaa7fa5c0a6693ad029069f0e8ff0abc78e,READ_ONLY_NO_RETUNING_OR_OVERWRITE
results/figures/phase2/missingness_heatmap.svg,result_figure,phase2,10868,2a948c3d0f3cf10c943b5e3cbd799fee8a3b13493ab28174eb899781b6e71818,READ_ONLY_NO_RETUNING_OR_OVERWRITE
results/figures/phase3/calibration_metric_comparison.svg,result_figure,phase3,86437,a5c9aa30de044d62ea9eced755308abceec36f4cc64294e5a8ea6e13fdb34951,READ_ONLY_NO_RETUNING_OR_OVERWRITE
results/figures/phase3/decision_curve.svg,result_figure,phase3,117848,7fc08a50f2fb70e63bcdd08391a6a848d97a593d5d3233fcf9d6bd1a3efe051e,READ_ONLY_NO_RETUNING_OR_OVERWRITE
results/figures/phase3/oof_metric_comparison.svg,result_figure,phase3,84175,a45143d555ed541f07d6bd9a00e6bf51570c2cd10676bcdf42694b13491af41d,READ_ONLY_NO_RETUNING_OR_OVERWRITE
results/figures/phase4/action_distribution.svg,result_figure,phase4,48944,e810c33265ed5bec8e05d62f3d63bd322fae02e0dfc8e728b35ff3c97b96b4bb,READ_ONLY_NO_RETUNING_OR_OVERWRITE
results/figures/phase4/model_comparison.svg,result_figure,phase4,44954,52ce14acdf6495fa2362dd8086d7dca008ef5d045c548576090ae931472d8123,READ_ONLY_NO_RETUNING_OR_OVERWRITE
results/figures/phase4/risk_coverage.svg,result_figure,phase4,64117,a909c64a6343a753b612497313fb4d988f345b15c2b826188a26eb7b352bb22d,READ_ONLY_NO_RETUNING_OR_OVERWRITE
results/figures/phase5/stress_actions.svg,result_figure,phase5,98225,a87a33cc0da0755382765465009aca3310cdcbf06b8e7686ffea2d172871d81b,READ_ONLY_NO_RETUNING_OR_OVERWRITE
results/figures/phase5/stress_brier.svg,result_figure,phase5,101139,431f7581c8a6f616550e5b309904866194c8db7ef42c1c33dec349bee0922818,READ_ONLY_NO_RETUNING_OR_OVERWRITE
results/figures/phase6/action_distribution.svg,result_figure,phase6,30277,4137b81f16894c9e495b03898e28e41dff488fb42d497434d704d71df86caaca,READ_ONLY_NO_RETUNING_OR_OVERWRITE
results/figures/phase6/cohort_brier.svg,result_figure,phase6,58576,9da4ce2b4cffbc2069e5f07a499db2def772525909ae98bd65edec5d55c6cfcc,READ_ONLY_NO_RETUNING_OR_OVERWRITE
results/figures/phase6/decision_curve.svg,result_figure,phase6,81846,19787b94c040a638ed2909ab113d697f790a83c4de66f54ad261c72766321e2a,READ_ONLY_NO_RETUNING_OR_OVERWRITE
results/figures/phase6/paired_brier_differences.svg,result_figure,phase6,57704,8c6a3adf484d519e7d5ca9aa61ad8fc57280f2eb46bba244ec40657acaece383,READ_ONLY_NO_RETUNING_OR_OVERWRITE
results/figures/phase7_exploratory/development_comparison.svg,result_figure,phase7,70093,a965760c7423ff4d58f81f9434b5f6dfd0041956c481693161f295ae5041ed18,READ_ONLY_NO_RETUNING_OR_OVERWRITE
results/figures/phase7_exploratory/external_comparator_forest.svg,result_figure,phase7,78247,646068765511f31586260af02b7c72635155d37d787028b587f831eb062b8435,READ_ONLY_NO_RETUNING_OR_OVERWRITE
results/figures/phase8_pseudo_private/action_distribution.svg,result_figure,phase8,26672,818487db2ba138349ca284dfe5c8d816588613d2739b0d53b8260dad97b555b6,READ_ONLY_NO_RETUNING_OR_OVERWRITE
results/figures/phase8_pseudo_private/calibration.svg,result_figure,phase8,39842,78249ded782e09a365282d8bb45ad08f3737aca8a763b64474a215ea162e31b7,READ_ONLY_NO_RETUNING_OR_OVERWRITE
results/figures/phase8_pseudo_private/modality_risk_distributions.svg,result_figure,phase8,38073,c7bc8d643a943c8becae6c3c8fb76cc934d93aef8b59d3a5dbee34359d6a4d0a,READ_ONLY_NO_RETUNING_OR_OVERWRITE
results/figures/phase8_pseudo_private/model_comparison.svg,result_figure,phase8,53758,26cfab7e06407d68b3a1e87c86794d5e913d1b4337f07fd52b622854ecf4867a,READ_ONLY_NO_RETUNING_OR_OVERWRITE
results/manifests/phase2_adapter_receipt.json,execution_receipt,phase2,5193,f812566c17677c4170ad8f3d7b19d885658652c11283424ef8946a0c936583c7,READ_ONLY_NO_RETUNING_OR_OVERWRITE
results/manifests/phase3_baseline_receipt.json,execution_receipt,phase3,1883,3e36862aa854d1b48fb3c0b1b2572b4306e200ab105ddf16ece93d8dd546fa9d,READ_ONLY_NO_RETUNING_OR_OVERWRITE
results/manifests/phase4_trust_hn_receipt.json,execution_receipt,phase4,2283,87fec1b2762fa5e78fcc50ab0eede1f6e311f542708c4b0438ffcbff8d748354,READ_ONLY_NO_RETUNING_OR_OVERWRITE
results/manifests/phase5_stress_freeze_receipt.json,execution_receipt,phase5,2659,cccd507a6cbcc52a564950b5047bf5d7b31417163833c4cd730eac79658297c5,READ_ONLY_NO_RETUNING_OR_OVERWRITE
results/manifests/phase6_locked_evaluation_receipt.json,execution_receipt,phase6,3205,982757ef75f9079d95d85dbeb56244f623570a92aeff1b0e63ef0d0351821ca5,READ_ONLY_NO_RETUNING_OR_OVERWRITE
results/manifests/phase6_preunseal_prediction_receipt.json,execution_receipt,phase6,11912,b98829a56adeb4c4ba1f838e1d13870c8d1d455260d311fa7fae5b8f91976ba5,READ_ONLY_NO_RETUNING_OR_OVERWRITE
results/manifests/phase7_exploratory_prediction_receipt.json,execution_receipt,phase7,603,14920083b6a3bd17cf556f4b6067053c6ad631a5590b1f3262b488ad45d7bc7c,READ_ONLY_NO_RETUNING_OR_OVERWRITE
results/manifests/phase7_exploratory_receipt.json,execution_receipt,phase7,1886,70d917a6edd125db29ca10bfd3357f35dfcaad89dcf982c45c613068352518bf,READ_ONLY_NO_RETUNING_OR_OVERWRITE
results/manifests/phase8_pseudo_private_simulation_receipt.json,execution_receipt,phase8,4093,ab9d5db9e5c0686a41e13061bc9a7ef354ab93d00083a8036aacd4b3d4127136,READ_ONLY_NO_RETUNING_OR_OVERWRITE
results/manifests/radcure_rds_structure.json,execution_receipt,cross_phase,2292,6573b35e12fec49ab2c435b0876db62a958fcea271ad77147ab8346b3f6ab7e4,READ_ONLY_NO_RETUNING_OR_OVERWRITE
results/metrics/phase2/cohort_flow.csv,aggregate_metric,phase2,1078,5a0aced0ca84f6ab114efadeb2d91cfce814a73542ce50bcf4e65e15b395b63f,READ_ONLY_NO_RETUNING_OR_OVERWRITE
results/metrics/phase2/composition_comparison.csv,aggregate_metric,phase2,11260,12891e4db44b1dc91507d7d3ae30e1c7ec4781b2fef55f325dad8f5baa7fcff4,READ_ONLY_NO_RETUNING_OR_OVERWRITE
results/metrics/phase2/event_summary_development_only.csv,aggregate_metric,phase2,624,eedde69c6d30d75b15d30957d3de810e5fff3f96c3dbc1b1278dad6fa7f4cfa9,READ_ONLY_NO_RETUNING_OR_OVERWRITE
results/metrics/phase2/kaplan_meier_development_only.csv,aggregate_metric,phase2,116453,7c350a646ebed5e913c8627adab027f8cf30c0f9ad6afb2ae905d48f730859db,READ_ONLY_NO_RETUNING_OR_OVERWRITE
results/metrics/phase2/missingness_summary.csv,aggregate_metric,phase2,3195,8e4cbc7ddf5a66b4b60a748aa50d3d8de354b5e48cd020aa312e2e6d6bd12d59,READ_ONLY_NO_RETUNING_OR_OVERWRITE
results/metrics/phase2/table1_candidates.csv,aggregate_metric,phase2,30235,30f814e58012155a334398275c0a11fa0d001389175bdf7edbc27a74b54ab5da,READ_ONLY_NO_RETUNING_OR_OVERWRITE
results/metrics/phase3/calibration_metrics.csv,aggregate_metric,phase3,17979,c13813e7d0ce7f9270557d53abad96e27924cd30a7c984258795eac9e6ab9372,READ_ONLY_NO_RETUNING_OR_OVERWRITE
results/metrics/phase3/decision_curve.csv,aggregate_metric,phase3,145508,4b7f40e3c20caa7055cbb4481ed2cc69b3192e037082c09a2574319d1d65c795,READ_ONLY_NO_RETUNING_OR_OVERWRITE
results/metrics/phase3/model_status.csv,aggregate_metric,phase3,3846,fc167d0d8a761c6987d4e9f495d68fe45dba27e72f09ef45f730fe4a81f3ff60,READ_ONLY_NO_RETUNING_OR_OVERWRITE
results/metrics/phase3/oof_metrics.csv,aggregate_metric,phase3,19371,607fb42af5d77d3d7a556dfb90d1a5040217dd9732a4ae475a60b7d4571d628d,READ_ONLY_NO_RETUNING_OR_OVERWRITE
results/metrics/phase3/stability_summary.csv,aggregate_metric,phase3,10981,71b604f16e116cdd12c7efcf2a189c4f017ea303dd7daf0107bd656bdc34ca52,READ_ONLY_NO_RETUNING_OR_OVERWRITE
results/metrics/phase4/action_summary.csv,aggregate_metric,phase4,9470,b8f7adbc5cd46e11983f37813c8c500296efb5121fa2df12283472845488c4c0,READ_ONLY_NO_RETUNING_OR_OVERWRITE
results/metrics/phase4/gate_metrics.csv,aggregate_metric,phase4,11304,5edf7e154080f6fb80fa11c77e30a11609abe18da1c95f22701d5500c9ea56b3,READ_ONLY_NO_RETUNING_OR_OVERWRITE
results/metrics/phase4/model_metrics.csv,aggregate_metric,phase4,11556,2b3482c02f6c5d162f872f4c35d79b7b39f8797a83942cc9846b07d7a4fa385a,READ_ONLY_NO_RETUNING_OR_OVERWRITE
results/metrics/phase4/model_status.csv,aggregate_metric,phase4,623,69603ad1130ce475ab3aa385293fd842eff6af8f85dae2891b263d1f09ab31de,READ_ONLY_NO_RETUNING_OR_OVERWRITE
results/metrics/phase4/reliability_diagnostics.csv,aggregate_metric,phase4,49489,4d23dc4a590a5f8f4a9e70a92baa4224c30abe6f7310cebf0b63f25844635549,READ_ONLY_NO_RETUNING_OR_OVERWRITE
results/metrics/phase4/risk_coverage.csv,aggregate_metric,phase4,34475,e8e837bea6db671dd5ad10bdcb6c13d617f13a0d55728e0e664ac72faf8a9c25,READ_ONLY_NO_RETUNING_OR_OVERWRITE
results/metrics/phase4/thresholds.csv,aggregate_metric,phase4,1423,bf85da4564b5082ccc0a4b938c27af16e2e81d86c8833d432b8ae2c82fcb4c26,READ_ONLY_NO_RETUNING_OR_OVERWRITE
results/metrics/phase5/acceptance_checks.csv,aggregate_metric,phase5,581,33b662a1c7874f439e0591ff5ad93a3d3ef0d7a3b34c2db43c1f4e1d83c23330,READ_ONLY_NO_RETUNING_OR_OVERWRITE
results/metrics/phase5/action_summary.csv,aggregate_metric,phase5,318958,fef43fbd02df3bc8ffbf51a51440802e90f79f505a1b2d5148866d90d744aa8d,READ_ONLY_NO_RETUNING_OR_OVERWRITE
results/metrics/phase5/detection_summary.csv,aggregate_metric,phase5,11664,9133ff8161ee9698f5ee36b2d17c1c85af7d70c917e9283adabf91096c110561,READ_ONLY_NO_RETUNING_OR_OVERWRITE
results/metrics/phase5/learned_gate_weights.csv,aggregate_metric,phase5,5040,1306845e5da9cfc4f2b8347f2b8ac8d2c1c5a94c657a6d2664c191ef9e1bc46f,READ_ONLY_NO_RETUNING_OR_OVERWRITE
results/metrics/phase5/model_status.csv,aggregate_metric,phase5,325,00d58275f8eb81f1154b102d925bc881c993c95e0d9d0ab745c6d29c6018ad74,READ_ONLY_NO_RETUNING_OR_OVERWRITE
results/metrics/phase5/representation_metrics.csv,aggregate_metric,phase5,10641,0790836b9e59a8b12a0c0e64949450a5b155986c677877352eaf36498d9d5bcc,READ_ONLY_NO_RETUNING_OR_OVERWRITE
results/metrics/phase5/stress_metrics.csv,aggregate_metric,phase5,412839,34a9c5e29baaefbed17d74ad58479bc7eb3dc7219cd666c904d64cc802bcc48e,READ_ONLY_NO_RETUNING_OR_OVERWRITE
results/metrics/phase5/subgroup_metrics.csv,aggregate_metric,phase5,55477,ae27a91d76548ba84b78beab6a5a1f693a87f0c5e30f7f44e5a1dbcc1d852b8a,READ_ONLY_NO_RETUNING_OR_OVERWRITE
results/metrics/phase5/worst_group_regret.csv,aggregate_metric,phase5,10773,81532434c32bd35cad9c8776600bdc1e99f3ba506a37307090b8e7e74a3b0bfb,READ_ONLY_NO_RETUNING_OR_OVERWRITE
results/metrics/phase5/worst_group_summary.csv,aggregate_metric,phase5,17214,f475a806d616ac8a9f72632282173da37d024464583cb717ce3129af431846ae,READ_ONLY_NO_RETUNING_OR_OVERWRITE
results/metrics/phase6/action_summary.csv,aggregate_metric,phase6,2052,0628e0a0ec1b2f26ba2fdc659595cd309d0c80ba82e128b42bd3a235c8ce40d6,READ_ONLY_NO_RETUNING_OR_OVERWRITE
results/metrics/phase6/bootstrap_confidence_intervals.csv,aggregate_metric,phase6,6717,20ab90e9821a02bc986ea2c7df465076a703d88e18740996aab83ab3492548d4,READ_ONLY_NO_RETUNING_OR_OVERWRITE
results/metrics/phase6/cohort_metrics.csv,aggregate_metric,phase6,3842,ceeaa92a608cfd97122a6e5c075f3207d97cffda6262c1e53b7bd7db897eaae4,READ_ONLY_NO_RETUNING_OR_OVERWRITE
results/metrics/phase6/decision_curve.csv,aggregate_metric,phase6,7330,b8b34883b33fabc8beb86c78168500c6d6f8dd7b4373239409a46e4d06ded4e0,READ_ONLY_NO_RETUNING_OR_OVERWRITE
results/metrics/phase6/paired_comparisons.csv,aggregate_metric,phase6,6477,938d6a80d8681c8e71dc35f6b7beaff9432d7d752c29c47285f1d7ee9c063b33,READ_ONLY_NO_RETUNING_OR_OVERWRITE
results/metrics/phase6/radcure_negative_controls.csv,aggregate_metric,phase6,9641,8c0a284533efbd6224ef5ecb97e1993735542ac04576d5ff5fed0dc0c8613288,READ_ONLY_NO_RETUNING_OR_OVERWRITE
results/metrics/phase7_exploratory/development_metrics_by_seed.csv,aggregate_metric,phase7,31098,90c86acea525ebe58bc06abb1a10844e1d460b202a25e3cdaab03d0dc163581a,READ_ONLY_NO_RETUNING_OR_OVERWRITE
results/metrics/phase7_exploratory/development_metrics_summary.csv,aggregate_metric,phase7,8362,e39e30f2af8e840566a4b6266a112554a422bdd309b1053c9acb370c91366e40,READ_ONLY_NO_RETUNING_OR_OVERWRITE
results/metrics/phase7_exploratory/external_benchmark_combined.csv,aggregate_metric,phase7,8704,18f8bbfd98565d3e68796701595fde9dd48447b8fc8f10601a5b8654916510d2,READ_ONLY_NO_RETUNING_OR_OVERWRITE
results/metrics/phase7_exploratory/external_metrics.csv,aggregate_metric,phase7,4222,596fd84184ace4bb7335327258ad46c8442139e609f6055322a6be50a040436d,READ_ONLY_NO_RETUNING_OR_OVERWRITE
results/metrics/phase7_exploratory/paired_comparisons.csv,aggregate_metric,phase7,19432,9a96b6af49d9dbaec29bfe48e9df3ba79a4c8dfde836d342f346be7219a54bac,READ_ONLY_NO_RETUNING_OR_OVERWRITE
results/metrics/phase8_pseudo_private/action_summary.csv,aggregate_metric,phase8,244,faca30ff4dbe59a946791a1e43dc6213c27bf9de54832c761f146a7993a081b2,READ_ONLY_NO_RETUNING_OR_OVERWRITE
results/metrics/phase8_pseudo_private/bootstrap_confidence_intervals.csv,aggregate_metric,phase8,5251,79e2f5972cd6b9be75c795120684d6a50c045672c82c8dc1f43105ee792ddbbf,READ_ONLY_NO_RETUNING_OR_OVERWRITE
results/metrics/phase8_pseudo_private/model_metrics.csv,aggregate_metric,phase8,3635,4fbbd0eac78ce3930199567104a3d5cce558bf946b7653e1386bf32706097d8e,READ_ONLY_NO_RETUNING_OR_OVERWRITE
results/metrics/phase8_pseudo_private/paired_comparisons.csv,aggregate_metric,phase8,2689,4e7154b165a5d9ea793f21c0c65b7af85102528afd09e9f627caf0aa13ae1b6f,READ_ONLY_NO_RETUNING_OR_OVERWRITE
results/predictions/phase6/gse41613__original__aggregate100.csv,patient_level_prediction,phase6,23270,870a7b9f9d30edd8bfbdffb01e3310d8e57b115bd6b094f04e1d65d6fdc302f4,READ_ONLY_NO_RETUNING_OR_OVERWRITE
results/predictions/phase6/gse41613__original__aggregate80.csv,patient_level_prediction,phase6,23159,541333d135c41579c27cce7f239f0175c4ea7e5540a599d14e4a2cbb0df9ff85,READ_ONLY_NO_RETUNING_OR_OVERWRITE
results/predictions/phase6/gse41613__original__aggregate90.csv,patient_level_prediction,phase6,23169,583d9a157593811decec4bfd6e9d32124cf8f8db4d6e79e4561e53511c87802c,READ_ONLY_NO_RETUNING_OR_OVERWRITE
results/predictions/phase6/gse41613__original__seed101.csv,patient_level_prediction,phase6,110947,109ec496fd95f773a1b5d472d0f4467c39cde504948e231085e3a4950ec6e61d,READ_ONLY_NO_RETUNING_OR_OVERWRITE
results/predictions/phase6/gse41613__original__seed17.csv,patient_level_prediction,phase6,111027,e7e5e476d9d9ceb3f9187cb22fbc6593ca7928e9412ebd719843f9f33df57d8d,READ_ONLY_NO_RETUNING_OR_OVERWRITE
results/predictions/phase6/gse41613__original__seed29.csv,patient_level_prediction,phase6,111834,fced45a3ba5cf8228e6d972ce32acf752ac4bfc197ebdc529de1c8565e756e72,READ_ONLY_NO_RETUNING_OR_OVERWRITE
results/predictions/phase6/gse41613__original__seed43.csv,patient_level_prediction,phase6,112200,55684ba9a8868aaff2269edc95bf1e482ff24119c4abc1a4131e7a160b54cf21,READ_ONLY_NO_RETUNING_OR_OVERWRITE
results/predictions/phase6/gse41613__original__seed71.csv,patient_level_prediction,phase6,111878,d85b0499a806654b1cdb46c2a9004d7df74daf3703addd44fcd52b33b935c954,READ_ONLY_NO_RETUNING_OR_OVERWRITE
results/predictions/phase6/gse65858__original__aggregate100.csv,patient_level_prediction,phase6,58258,37366da912519564f053713b2227c766f823535a223c048f93a9f2978753e312,READ_ONLY_NO_RETUNING_OR_OVERWRITE
results/predictions/phase6/gse65858__original__aggregate80.csv,patient_level_prediction,phase6,56963,ea0c6e65efabad0314e5e4e38d5c1c6f9507b59b49f121987b5194a937eeeb7d,READ_ONLY_NO_RETUNING_OR_OVERWRITE
results/predictions/phase6/gse65858__original__aggregate90.csv,patient_level_prediction,phase6,57662,68edde64dce2784599326476c6f30bab6facd4929a56c80cf5119e0e7063d093,READ_ONLY_NO_RETUNING_OR_OVERWRITE
results/predictions/phase6/gse65858__original__seed101.csv,patient_level_prediction,phase6,275312,09e0e20cc72aaa4d4997d4abb87b0d9a57a93a8d47fce515f83ee37c6e0f022d,READ_ONLY_NO_RETUNING_OR_OVERWRITE
results/predictions/phase6/gse65858__original__seed17.csv,patient_level_prediction,phase6,276880,88a8578aaa271c2a9aab8ab2e1fcc324b46ad93892317235b995f14e280d245c,READ_ONLY_NO_RETUNING_OR_OVERWRITE
results/predictions/phase6/gse65858__original__seed29.csv,patient_level_prediction,phase6,275294,9da56d0a93cf93ee0a8212ecf31d88490a7cd886438f0a0faf881a53a7e80ae6,READ_ONLY_NO_RETUNING_OR_OVERWRITE
results/predictions/phase6/gse65858__original__seed43.csv,patient_level_prediction,phase6,277935,ea18866a1244aa95f955856fb980105eefbec7a66447a3817cdd1114ad12dc90,READ_ONLY_NO_RETUNING_OR_OVERWRITE
results/predictions/phase6/gse65858__original__seed71.csv,patient_level_prediction,phase6,275699,f7dae10e2c54c7bf88c6a227f5c637e606621126ca7a99627f76a7e05454e4f2,READ_ONLY_NO_RETUNING_OR_OVERWRITE
results/predictions/phase6/hancock__original__aggregate100.csv,patient_level_prediction,phase6,35487,688bf435676cb278d56923682ed3a3ff3096ec1a5e25920f8fd23e81de0d26ae,READ_ONLY_NO_RETUNING_OR_OVERWRITE
results/predictions/phase6/hancock__original__aggregate80.csv,patient_level_prediction,phase6,34105,f47be17110bec15bb695ed1fe9496929afeb0a904a04e44db9bfbe49d565a13d,READ_ONLY_NO_RETUNING_OR_OVERWRITE
results/predictions/phase6/hancock__original__aggregate90.csv,patient_level_prediction,phase6,34633,0b301844b592ab52b7b042b68023ae34fcac54630b1771f7f677991924b6a22f,READ_ONLY_NO_RETUNING_OR_OVERWRITE
results/predictions/phase6/hancock__original__seed101.csv,patient_level_prediction,phase6,182153,fab9784beecf852ae5623264efb4577f077df83fdf60f919d8b52e3d3fbb52b9,READ_ONLY_NO_RETUNING_OR_OVERWRITE
results/predictions/phase6/hancock__original__seed17.csv,patient_level_prediction,phase6,181789,137f3d0c6ded101b594b1397be177bc91599befce564708de119a295b514a7bb,READ_ONLY_NO_RETUNING_OR_OVERWRITE
results/predictions/phase6/hancock__original__seed29.csv,patient_level_prediction,phase6,181644,ae114913376bf3b1197754217fc35f95af4b5fe23e8790eb3dcfdff26a8ec408,READ_ONLY_NO_RETUNING_OR_OVERWRITE
results/predictions/phase6/hancock__original__seed43.csv,patient_level_prediction,phase6,181565,cbb9907209a93b18ccd0fa959b628676b7b4828c209c0bc2f334cc3066bbf60b,READ_ONLY_NO_RETUNING_OR_OVERWRITE
results/predictions/phase6/hancock__original__seed71.csv,patient_level_prediction,phase6,182009,c1454dba9b357d01769106dec4af40506da2968bfa6b0604f5897856a84475c3,READ_ONLY_NO_RETUNING_OR_OVERWRITE
results/predictions/phase6/radcure__original__aggregate100.csv,patient_level_prediction,phase6,152155,5594c624c5493e4aabb5edb0198667612930908c231b16682fa517d7b23bc4db,READ_ONLY_NO_RETUNING_OR_OVERWRITE
results/predictions/phase6/radcure__original__aggregate80.csv,patient_level_prediction,phase6,148048,48fbbd9ce617b67e08ede0b4051303884eb551413dafbcb79c91d7b3bb88f503,READ_ONLY_NO_RETUNING_OR_OVERWRITE
results/predictions/phase6/radcure__original__aggregate90.csv,patient_level_prediction,phase6,150101,7513eb5448218795f2c14eae8c0f1054ed4fd6c5d97bf5c67219ea969d75f2d0,READ_ONLY_NO_RETUNING_OR_OVERWRITE
results/predictions/phase6/radcure__original__seed101.csv,patient_level_prediction,phase6,758171,a7141f23b3e4298902755a07ddc2138e41a6153feb1ab0b707204e90793e8f85,READ_ONLY_NO_RETUNING_OR_OVERWRITE
results/predictions/phase6/radcure__original__seed17.csv,patient_level_prediction,phase6,757821,c16fdda51f9afbbe5db874aa2c63f1659dd27bddb8c432d4243f309f943884f1,READ_ONLY_NO_RETUNING_OR_OVERWRITE
results/predictions/phase6/radcure__original__seed29.csv,patient_level_prediction,phase6,758374,22af067d4b01ebc92b4efeee9d001b6965ffffc348e6c12f59c19c770fe1e71a,READ_ONLY_NO_RETUNING_OR_OVERWRITE
results/predictions/phase6/radcure__original__seed43.csv,patient_level_prediction,phase6,758534,57ede10038c6f66a29011b8b4c401cb43650e802e3785e8a343304f3dae7914b,READ_ONLY_NO_RETUNING_OR_OVERWRITE
results/predictions/phase6/radcure__original__seed71.csv,patient_level_prediction,phase6,757784,0a151ce9e90dedde02bd6021ad94d7f7e90f842ef193aca09fb7d06f528bf22c,READ_ONLY_NO_RETUNING_OR_OVERWRITE
results/predictions/phase6/radcure__randomized_sampled_full__aggregate100.csv,patient_level_prediction,phase6,161523,604f04afa6c4e1930f7318819cd7d4f23224b6eb4d1c3394f4cb0d49ce71f6a7,READ_ONLY_NO_RETUNING_OR_OVERWRITE
results/predictions/phase6/radcure__randomized_sampled_full__aggregate80.csv,patient_level_prediction,phase6,157391,efb43ab288d0dc1ef0613fe5c16b6d6e71f7adbae4124f4b77d3ef661e68c517,READ_ONLY_NO_RETUNING_OR_OVERWRITE
results/predictions/phase6/radcure__randomized_sampled_full__aggregate90.csv,patient_level_prediction,phase6,159493,b5f65a247bdef3f30b8a72b13eda7d2d5f546e844d377677f0788eee90bd27db,READ_ONLY_NO_RETUNING_OR_OVERWRITE
results/predictions/phase6/radcure__randomized_sampled_full__seed101.csv,patient_level_prediction,phase6,767536,6e908f77e00d632b1c86f7479b884cbee7295255929fd2a1b6f5f6e1ad70e3f5,READ_ONLY_NO_RETUNING_OR_OVERWRITE
results/predictions/phase6/radcure__randomized_sampled_full__seed17.csv,patient_level_prediction,phase6,766533,ae940e17ad2e4fc03a2300283fd3c42d76df7d248cb8c7dbe6e0375c8dbf6b14,READ_ONLY_NO_RETUNING_OR_OVERWRITE
results/predictions/phase6/radcure__randomized_sampled_full__seed29.csv,patient_level_prediction,phase6,767193,a582f68a20ba4ad37dcd5f29f008a9861d983c57cdcbe9ac2847eefbacf0d675,READ_ONLY_NO_RETUNING_OR_OVERWRITE
results/predictions/phase6/radcure__randomized_sampled_full__seed43.csv,patient_level_prediction,phase6,767319,2a37d72c7c1d9ba76141215065960f2efe0719554b30022439daf122e8daf528,READ_ONLY_NO_RETUNING_OR_OVERWRITE
results/predictions/phase6/radcure__randomized_sampled_full__seed71.csv,patient_level_prediction,phase6,767694,24d122d4a002ed1dccb83c06bf0ae01d52253fb76b1f338ef753123a7dd4c929,READ_ONLY_NO_RETUNING_OR_OVERWRITE
results/predictions/phase6/radcure__shuffled_full__aggregate100.csv,patient_level_prediction,phase6,155218,1a6ef51b06596fbd71988e65ca42a4c50eae2a3bcf97ea7e15c257135b765c4c,READ_ONLY_NO_RETUNING_OR_OVERWRITE
results/predictions/phase6/radcure__shuffled_full__aggregate80.csv,patient_level_prediction,phase6,151147,e0a8582b28cc17ea2c7e32547bebab0d7b06db87a44542a937ef0750378e59cc,READ_ONLY_NO_RETUNING_OR_OVERWRITE
results/predictions/phase6/radcure__shuffled_full__aggregate90.csv,patient_level_prediction,phase6,153239,4ac6ebd62d833c228f6929e0f5a2fcd5611ab7131d96a1b2acc0a08b2581e39d,READ_ONLY_NO_RETUNING_OR_OVERWRITE
results/predictions/phase6/radcure__shuffled_full__seed101.csv,patient_level_prediction,phase6,760951,12ab489e7cac6eccf97fafb61c94e8a2c85f31c1066d452c7652fab26f86fbdf,READ_ONLY_NO_RETUNING_OR_OVERWRITE
results/predictions/phase6/radcure__shuffled_full__seed17.csv,patient_level_prediction,phase6,760930,09992cb2f6f9eaf081ffccb9eb7a6150d2e27ca0d3304239c64c708476950bf6,READ_ONLY_NO_RETUNING_OR_OVERWRITE
results/predictions/phase6/radcure__shuffled_full__seed29.csv,patient_level_prediction,phase6,760715,33ef0786ed622447c511b6f7f2290d8c530ac9520663323e0ef5a419bc4e9eb3,READ_ONLY_NO_RETUNING_OR_OVERWRITE
results/predictions/phase6/radcure__shuffled_full__seed43.csv,patient_level_prediction,phase6,761470,7a5485eb3bb48a57008cfddf8966e76b4631aa31d350c6bb832cac26ea54cef9,READ_ONLY_NO_RETUNING_OR_OVERWRITE
results/predictions/phase6/radcure__shuffled_full__seed71.csv,patient_level_prediction,phase6,761735,56d83b7a03cc1c4e0ff0fc6c24a08a880457e60461c1e1f59835246c6574ff03,READ_ONLY_NO_RETUNING_OR_OVERWRITE
results/predictions/phase7_exploratory/development_predictions.csv,patient_level_prediction,phase7,4300456,b33716a9849b37ca06afb9fb95c6b553cfe321043a072ccaf796d61deffc627e,READ_ONLY_NO_RETUNING_OR_OVERWRITE
results/predictions/phase7_exploratory/external_predictions_aggregate.csv,patient_level_prediction,phase7,290167,843f3c6a3513a0e1d83d71a09231fc8c9d178c80d97cdd76af25fedcb50f0023,READ_ONLY_NO_RETUNING_OR_OVERWRITE
results/predictions/phase7_exploratory/external_predictions_by_seed.csv,patient_level_prediction,phase7,1477757,d2ee096131a91de9f0f7c2afaaa249cf13c22f67bbaf3fc4763f5f139415b5f5,READ_ONLY_NO_RETUNING_OR_OVERWRITE
results/predictions/phase8_pseudo_private/inner_hancock_predictions_aggregate.csv,patient_level_prediction,phase8,80040,0969a2e2f043334fc2dca1b2c1b5a5e716615512b68e5db3a3008537da6ffce1,READ_ONLY_NO_RETUNING_OR_OVERWRITE
results/predictions/phase8_pseudo_private/inner_hancock_predictions_by_seed.csv,patient_level_prediction,phase8,192417,8e1244323ba17e60e4e5f9531bdfd74f2c338a8db58d5b00ee96c0d929119396,READ_ONLY_NO_RETUNING_OR_OVERWRITE
