analysis_label,study,cohort,partition,model,seed,runtime_seconds,status,n,events,ipcw_evaluable_weight,ipcw_brier,harrell_c,uno_c,auc_horizon,calibration_in_the_large,calibration_slope,mean_predicted_risk
post hoc exploratory benchmark,RADCURE,RADCURE,development_oof,C1,17,11.693685300000652,OK,1215.0,526.0,1214.9945264553016,0.14049139705207545,0.7249833562348553,0.755975052410384,0.777796475551151,-0.06188990175539494,1.437243504983274,0.21696101690012276
post hoc exploratory benchmark,RADCURE,RADCURE,calibration,C1,17,4.627890300000217,OK,303.0,119.0,302.74654266925387,0.14839226991926363,0.7060068001511145,0.7228099389614919,0.7462204636062708,-0.04632943339465327,1.118312477650503,0.21178592136749813
post hoc exploratory benchmark,RADCURE,RADCURE,development_oof,C2,17,13.71354539999993,OK,1215.0,526.0,1214.9945264553016,0.13824503291098433,0.7319289059050061,0.7620343696018851,0.7853295800021605,-0.08180195207609832,0.8889571442945814,0.21833278611218457
post hoc exploratory benchmark,RADCURE,RADCURE,calibration,C2,17,2.4923446000002514,OK,303.0,119.0,302.74654266925387,0.14538381082879126,0.7321496033245183,0.7471491482011489,0.7698659303385826,-0.042451806663641206,0.7750023487496241,0.2103993183814727
post hoc exploratory benchmark,RADCURE,RADCURE,development_oof,C3,17,3.4094206999998278,OK,1215.0,526.0,1214.9945264553016,0.1390859786965464,0.7309964067399963,0.7533637347811353,0.7801035071024125,-0.002272132077568822,1.1984051240261457,0.2080017865533105
post hoc exploratory benchmark,RADCURE,RADCURE,calibration,C3,17,1.2501694000002317,OK,303.0,119.0,302.74654266925387,0.14432083254450778,0.7369474877219494,0.7564371681184395,0.7810986653785793,-0.03576115475428932,0.5948912501149576,0.2097390927559126
post hoc exploratory benchmark,RADCURE,RADCURE,development_oof,C4,17,2.769581599999583,OK,1215.0,526.0,1214.9945264553016,0.1405147277273572,0.7305234324038977,0.7491938429345106,0.7735852998722891,-0.048033195633738354,1.1911066522584577,0.21473365909861417
post hoc exploratory benchmark,RADCURE,RADCURE,calibration,C4,17,0.5350381999996898,OK,303.0,119.0,302.74654266925387,0.1488895621263134,0.7253494522100491,0.7416278157887183,0.7639521612377953,-0.05133318453945147,0.49415867450182194,0.21222053740077224
post hoc exploratory benchmark,RADCURE,RADCURE,development_oof,C1,29,10.497681799999555,OK,1215.0,526.0,1214.9945264553016,0.13829030682012122,0.7266342832421382,0.7622261303467933,0.7852538795192229,-0.06403222890856713,1.5185849988888664,0.21730716054527474
post hoc exploratory benchmark,RADCURE,RADCURE,calibration,C1,29,3.1206806000000142,OK,303.0,119.0,302.74654266925387,0.1487666692364127,0.7005666792595391,0.7135840916918377,0.73364615209577,-0.04873585239795608,1.1017783962665224,0.21214309378404508
post hoc exploratory benchmark,RADCURE,RADCURE,development_oof,C2,29,17.176184200000534,OK,1215.0,526.0,1214.9945264553016,0.13491285205083664,0.7339956468428402,0.7693728228692952,0.7945383817385916,-0.08071966634948195,0.9465305441320038,0.21839776343296824
post hoc exploratory benchmark,RADCURE,RADCURE,calibration,C2,29,3.732466299999942,OK,303.0,119.0,302.74654266925387,0.14388622037401727,0.7365697015489233,0.7510665962167442,0.7740968780788702,-0.047850343757234425,0.757414089301608,0.2111110147169088
post hoc exploratory benchmark,RADCURE,RADCURE,development_oof,C3,29,5.225461400000313,OK,1215.0,526.0,1214.9945264553016,0.13835069914613968,0.7342018726197175,0.7550194130570619,0.7820208796309902,-4.8624203059199244e-05,1.2635046514499306,0.20770131858156335
post hoc exploratory benchmark,RADCURE,RADCURE,calibration,C3,29,0.7727267000000211,OK,303.0,119.0,302.74654266925387,0.1441421051719,0.7369474877219494,0.7565566170526896,0.780964835676038,-0.035620916815755715,0.593953574314972,0.20968659782844026
post hoc exploratory benchmark,RADCURE,RADCURE,development_oof,C4,29,3.1227161999995587,OK,1215.0,526.0,1214.9945264553016,0.13902959255799477,0.7325363753129812,0.751019584013656,0.7756174598712497,-0.03528699204124953,1.2944056652933604,0.21290924564285754
post hoc exploratory benchmark,RADCURE,RADCURE,calibration,C4,29,0.6264287000003605,OK,303.0,119.0,302.74654266925387,0.1488895621263134,0.7253494522100491,0.7416278157887183,0.7639521612377953,-0.05133318453945147,0.49415867450182194,0.21222053740077224
post hoc exploratory benchmark,RADCURE,RADCURE,development_oof,C1,43,11.582400700000107,OK,1215.0,526.0,1214.9945264553016,0.14170615356347166,0.7152772952144412,0.7479713494248755,0.770164779516218,-0.0815258159771527,1.310748710792697,0.21986858671306256
post hoc exploratory benchmark,RADCURE,RADCURE,calibration,C1,43,3.5256795000004786,OK,303.0,119.0,302.74654266925387,0.14846128018928917,0.7013978088401964,0.7171064828171929,0.7395682005677533,-0.04590236069428348,1.1039256441290015,0.21168107678301973
post hoc exploratory benchmark,RADCURE,RADCURE,development_oof,C2,43,13.117435899999691,OK,1215.0,526.0,1214.9945264553016,0.138989444988253,0.7285373885091894,0.7569863792480529,0.7822015546209784,-0.12790021145406455,0.837009076168735,0.22419676558754623
post hoc exploratory benchmark,RADCURE,RADCURE,calibration,C2,43,3.184681400000045,OK,303.0,119.0,302.74654266925387,0.14679341218537345,0.7343785417453721,0.7481045358331916,0.7721523234798009,-0.016619221420628685,0.7567836723632391,0.20710536770391763
post hoc exploratory benchmark,RADCURE,RADCURE,development_oof,C3,43,4.170905199999652,OK,1215.0,526.0,1214.9945264553016,0.13897153665649462,0.7300414917296739,0.7507666278912576,0.7775359354661768,-0.026389576944273498,1.1722333300941932,0.2113881359425942
post hoc exploratory benchmark,RADCURE,RADCURE,calibration,C3,43,0.759823100000176,OK,303.0,119.0,302.74654266925387,0.14384018988207692,0.7377408386853042,0.7575079107155387,0.7817042783256339,-0.01369694480186045,0.6207130220691933,0.20668335361174062
post hoc exploratory benchmark,RADCURE,RADCURE,development_oof,C4,43,2.9731657000002087,OK,1215.0,526.0,1214.9945264553016,0.14128454405806656,0.7264818554940116,0.7445608470359821,0.7692285173138875,-0.05693618012294985,1.1612153625780144,0.21599488551897872
post hoc exploratory benchmark,RADCURE,RADCURE,calibration,C4,43,0.5429478999994899,OK,303.0,119.0,302.74654266925387,0.1488895621263134,0.7253494522100491,0.7416278157887183,0.7639521612377953,-0.05133318453945147,0.49415867450182194,0.21222053740077224
post hoc exploratory benchmark,RADCURE,RADCURE,development_oof,C1,71,11.116645799999787,OK,1215.0,526.0,1214.9945264553016,0.14012843082727908,0.7261422554375236,0.7602293047979154,0.7828664877492153,-0.06656802441937312,1.4347480059092559,0.21764068890435312
post hoc exploratory benchmark,RADCURE,RADCURE,calibration,C1,71,2.928949900000589,OK,303.0,119.0,302.74654266925387,0.14963941861320282,0.6975066112580279,0.7130635777175582,0.7354005778766561,-0.035563694548761404,1.0497845575592908,0.21012401511867967
post hoc exploratory benchmark,RADCURE,RADCURE,development_oof,C2,71,13.99585980000029,OK,1215.0,526.0,1214.9945264553016,0.13701199365782143,0.7344506885026888,0.7657737630208309,0.7921571465821786,-0.10384295089061082,0.8861974330281269,0.22113368744667203
post hoc exploratory benchmark,RADCURE,RADCURE,calibration,C2,71,3.382630799999788,OK,303.0,119.0,302.74654266925387,0.14737413154668702,0.7365319229316207,0.750839412612341,0.7737652326648224,-0.03959059623614302,0.7374886118651287,0.20999332664975523
post hoc exploratory benchmark,RADCURE,RADCURE,development_oof,C3,71,4.291756300000088,OK,1215.0,526.0,1214.9945264553016,0.13848081916065869,0.7314469652307823,0.751701234366461,0.7788106227194976,-0.014781236060426374,1.2030080818423425,0.2098062974351907
post hoc exploratory benchmark,RADCURE,RADCURE,calibration,C3,71,0.7241016000007221,OK,303.0,119.0,302.74654266925387,0.14372449469740736,0.7378919531545145,0.7575674131269649,0.7817716472764994,-0.031052477150842805,0.6185460516153549,0.20909468955509328
post hoc exploratory benchmark,RADCURE,RADCURE,development_oof,C4,71,2.8273622999995496,OK,1215.0,526.0,1214.9945264553016,0.14000551187304522,0.7310008899090589,0.7488939797725562,0.7731327047920744,-0.04737238282599842,1.1225061945043866,0.21463008788358515
post hoc exploratory benchmark,RADCURE,RADCURE,calibration,C4,71,0.5372933999997258,OK,303.0,119.0,302.74654266925387,0.1488895621263134,0.7253494522100491,0.7416278157887183,0.7639521612377953,-0.05133318453945147,0.49415867450182194,0.21222053740077224
post hoc exploratory benchmark,RADCURE,RADCURE,development_oof,C1,101,10.905418800000007,OK,1215.0,526.0,1214.9945264553016,0.1386912653084738,0.7272036457130817,0.7613099040179241,0.7841606395839078,-0.06708020995967323,1.4975342643931873,0.21779635717453588
post hoc exploratory benchmark,RADCURE,RADCURE,calibration,C1,101,3.0435065000001487,OK,303.0,119.0,302.74654266925387,0.14875973465809667,0.7002644503211183,0.7134192122887971,0.734728215251554,-0.04992049408792069,1.0960952417349346,0.21232538021549816
post hoc exploratory benchmark,RADCURE,RADCURE,development_oof,C2,101,11.637340199999926,OK,1215.0,526.0,1214.9945264553016,0.13645018995711553,0.7317697534032858,0.7613839236001935,0.7856323691472018,-0.1021623522519585,0.8683019350727803,0.22079508743978096
post hoc exploratory benchmark,RADCURE,RADCURE,calibration,C2,101,2.571015599999555,OK,303.0,119.0,302.74654266925387,0.14713872696186808,0.7322251605591236,0.745895798219301,0.7677793104344118,-0.03688152582927509,0.7526163325304761,0.20977008459942598
post hoc exploratory benchmark,RADCURE,RADCURE,development_oof,C3,101,3.5473888999995324,OK,1215.0,526.0,1214.9945264553016,0.13836203348251508,0.7340247874417468,0.7546499324288364,0.7826107907884243,-0.01744786919877546,1.1858532847289243,0.2101275764812673
post hoc exploratory benchmark,RADCURE,RADCURE,calibration,C3,101,0.7735703000007561,OK,303.0,119.0,302.74654266925387,0.14418290148420315,0.7369474877219494,0.7563785335456131,0.7808304572642595,-0.023194262681556374,0.6029392732861473,0.20798962191697737
post hoc exploratory benchmark,RADCURE,RADCURE,development_oof,C4,101,2.669144399999823,OK,1215.0,526.0,1214.9945264553016,0.14025082287369847,0.7333769695122088,0.7507993663855819,0.7757219944086735,-0.050096219102954836,1.1957649249284916,0.21502695274643854
post hoc exploratory benchmark,RADCURE,RADCURE,calibration,C4,101,0.5915745000002062,OK,303.0,119.0,302.74654266925387,0.1488895621263134,0.7253494522100491,0.7416278157887183,0.7639521612377953,-0.05133318453945147,0.49415867450182194,0.21222053740077224
post hoc exploratory benchmark,HANCOCK,HANCOCK,development_oof,C1,17,1.3758778000001257,OK,489.0,135.0,488.8486702563916,0.10763845567520099,0.6598161726737581,0.7179303977429526,0.7478916636942321,-0.0011261020057489642,1.934501631285255,0.13661825207134
post hoc exploratory benchmark,HANCOCK,HANCOCK,calibration,C1,17,0.34724029999961203,OK,122.0,38.0,121.33108167594078,0.13538281686710174,0.732162868883078,0.7675284727136282,0.7940392437998982,0.37982766574737553,4.089143359383634,0.13679784689835728
post hoc exploratory benchmark,HANCOCK,HANCOCK,development_oof,C2,17,0.616974499999742,OK,489.0,135.0,488.8486702563916,0.1034981893608665,0.6649540431684395,0.7314833023323991,0.7575578454456775,0.06419611331274504,0.9462824335751371,0.13429613487723796
post hoc exploratory benchmark,HANCOCK,HANCOCK,calibration,C2,17,0.13439680000010412,OK,122.0,38.0,121.33108167594078,0.12908826331863338,0.6578259245423982,0.6997688088135164,0.7197074829199442,0.49865357231290924,1.1593422832188511,0.13278159378272503
post hoc exploratory benchmark,HANCOCK,HANCOCK,development_oof,C3,17,0.4699328999995487,OK,489.0,135.0,488.8486702563916,0.10636177114680706,0.6760817928327998,0.7163687765336534,0.7380755171622748,0.011939331996203718,1.1440167060882318,0.13678826677651107
post hoc exploratory benchmark,HANCOCK,HANCOCK,calibration,C3,17,0.10319590000017342,OK,122.0,38.0,121.33108167594078,0.12589420797586337,0.7019051176690325,0.7701535298878476,0.8035109461438551,0.41322236805416385,2.437956313163909,0.14127729841136522
post hoc exploratory benchmark,HANCOCK,HANCOCK,development_oof,C4,17,0.2915504000002329,OK,489.0,135.0,488.8486702563916,0.10602172136906839,0.6759268821646184,0.7193705349827106,0.7405752337886146,-0.00437833597792182,1.2753123045565298,0.13851308910614918
post hoc exploratory benchmark,HANCOCK,HANCOCK,calibration,C4,17,0.061204499999803375,OK,122.0,38.0,121.33108167594078,0.12758256695847323,0.6948076204706761,0.7594409222124383,0.7872786501162948,0.36245565346604275,2.421428292211717,0.14414376102975188
post hoc exploratory benchmark,HANCOCK,HANCOCK,development_oof,C1,29,1.3354687000000922,OK,489.0,135.0,488.8486702563916,0.10607737775428075,0.6685169885366106,0.7245939947930234,0.7526311900910991,-0.004346065150108469,1.9565337016054922,0.13610275311820108
post hoc exploratory benchmark,HANCOCK,HANCOCK,calibration,C1,29,0.368293999999878,OK,122.0,38.0,121.33108167594078,0.13799044361453272,0.711243929772133,0.7420646897350563,0.7731208050663695,0.38808582814858994,3.6902782070741873,0.13647790269300217
post hoc exploratory benchmark,HANCOCK,HANCOCK,development_oof,C2,29,0.6208602000006067,OK,489.0,135.0,488.8486702563916,0.10014143632044542,0.6861251678198905,0.7506081893896922,0.7814506045207595,0.0824100858916306,1.0405005968725607,0.12982622736619395
post hoc exploratory benchmark,HANCOCK,HANCOCK,calibration,C2,29,0.13372369999979128,OK,122.0,38.0,121.33108167594078,0.1319176045723706,0.6567052670900262,0.7025127213156149,0.7286579567440923,0.5065847019626281,1.1835681406981113,0.13198406348290534
post hoc exploratory benchmark,HANCOCK,HANCOCK,development_oof,C3,29,0.4703899000005549,OK,489.0,135.0,488.8486702563916,0.1052635400088364,0.6851957038108024,0.7341647249738827,0.7569755660854041,0.009077056269582138,1.2076763562976758,0.13521545718476566
post hoc exploratory benchmark,HANCOCK,HANCOCK,calibration,C3,29,0.09996250000040163,OK,122.0,38.0,121.33108167594078,0.12492980244500587,0.6996638027642884,0.7673717454125605,0.800049014975673,0.4133911377081932,2.32714087547476,0.14206525533485703
post hoc exploratory benchmark,HANCOCK,HANCOCK,development_oof,C4,29,0.30630070000006526,OK,489.0,135.0,488.8486702563916,0.1038633491736886,0.6945419807910771,0.7447815632661505,0.7662933767155237,-0.015134505644874917,1.4090192764016172,0.13771895599310496
post hoc exploratory benchmark,HANCOCK,HANCOCK,calibration,C4,29,0.06766009999955713,OK,122.0,38.0,121.33108167594078,0.12758256695847323,0.6948076204706761,0.7594409222124383,0.7872786501162948,0.36245565346604275,2.421428292211717,0.14414376102975188
post hoc exploratory benchmark,HANCOCK,HANCOCK,development_oof,C1,43,1.4220682999994096,OK,489.0,135.0,488.8486702563916,0.10534894588701807,0.6818393060002066,0.7573857470831166,0.7848667774303116,-0.027939467557669604,2.195747067501738,0.1374446519982995
post hoc exploratory benchmark,HANCOCK,HANCOCK,calibration,C1,43,0.41484309999941615,OK,122.0,38.0,121.33108167594078,0.13744686625365252,0.7101232723197609,0.7431836089238104,0.7700375350528115,0.38282007617434294,3.4856343855247434,0.13596941225527065
post hoc exploratory benchmark,HANCOCK,HANCOCK,development_oof,C2,43,0.7090624000002208,OK,489.0,135.0,488.8486702563916,0.10215239368204737,0.6941547041206237,0.7589373539631712,0.7870457525900989,0.07313200103854092,1.0352452652249604,0.1306713465339698
post hoc exploratory benchmark,HANCOCK,HANCOCK,calibration,C2,43,0.1298373999998148,OK,122.0,38.0,121.33108167594078,0.12781328803801478,0.6525961897646619,0.7021263892893443,0.7245219842800054,0.4638572942373728,1.1896641788034126,0.13684621700780364
post hoc exploratory benchmark,HANCOCK,HANCOCK,development_oof,C3,43,0.5105063999999402,OK,489.0,135.0,488.8486702563916,0.10716371321657175,0.6745585045956831,0.7286808375376744,0.750069663481431,-0.0032296191150845113,0.8885381264576957,0.13609245417733318
post hoc exploratory benchmark,HANCOCK,HANCOCK,calibration,C3,43,0.10359750000043277,OK,122.0,38.0,121.33108167594078,0.124935413235563,0.6802390735898394,0.7448634569709797,0.7714417262405456,0.40996707358815154,2.160707917623929,0.14212112638513238
post hoc exploratory benchmark,HANCOCK,HANCOCK,development_oof,C4,43,0.45649649999995745,OK,489.0,135.0,488.8486702563916,0.10511057434513596,0.6692140865434266,0.7249940833156022,0.744692620440432,-0.028116851188735262,1.191319672349537,0.13864986256416617
post hoc exploratory benchmark,HANCOCK,HANCOCK,calibration,C4,43,0.12162629999966157,OK,122.0,38.0,121.33108167594078,0.12758256695847323,0.6948076204706761,0.7594409222124383,0.7872786501162948,0.36245565346604275,2.421428292211717,0.14414376102975188
post hoc exploratory benchmark,HANCOCK,HANCOCK,development_oof,C1,71,2.3830196999997497,OK,489.0,135.0,488.8486702563916,0.1054612174266868,0.6973691004853868,0.749205501459888,0.7763189253415911,-0.017058901034447703,2.1818289053461215,0.13770200788576095
post hoc exploratory benchmark,HANCOCK,HANCOCK,calibration,C1,71,0.6368087999999261,OK,122.0,38.0,121.33108167594078,0.1387025061303769,0.7007844602166604,0.7304542023317051,0.7534337939005753,0.37560466765188427,3.2840082088756373,0.13830286453970084
post hoc exploratory benchmark,HANCOCK,HANCOCK,development_oof,C2,71,1.0986257000004116,OK,489.0,135.0,488.8486702563916,0.10209956713674807,0.6925281421047196,0.7606592032404387,0.7869121549195743,0.04106369457530058,1.0042060684464762,0.13379063839446265
post hoc exploratory benchmark,HANCOCK,HANCOCK,calibration,C2,71,0.22807060000013735,OK,122.0,38.0,121.33108167594078,0.12862775648344604,0.6443780351139335,0.6976173121386556,0.7215739731234645,0.48232125742377563,1.253235296666685,0.13562882142785315
post hoc exploratory benchmark,HANCOCK,HANCOCK,development_oof,C3,71,1.001353300000119,OK,489.0,135.0,488.8486702563916,0.10379547068272188,0.6882422802850356,0.7356001868796956,0.7586275373703347,0.006548416258490178,1.3376681294808088,0.135816519086819
post hoc exploratory benchmark,HANCOCK,HANCOCK,calibration,C3,71,0.23668529999940802,OK,122.0,38.0,121.33108167594078,0.1271147425244952,0.7090026148673889,0.7760443524644473,0.8097474340982828,0.42551729821004103,2.557280424880935,0.13926834859952866
post hoc exploratory benchmark,HANCOCK,HANCOCK,development_oof,C4,71,0.5506425000003219,OK,489.0,135.0,488.8486702563916,0.10470670290421252,0.681968398223691,0.7285853221352165,0.7510441809605071,-0.02026357150840615,1.318482288300358,0.13874338302233752
post hoc exploratory benchmark,HANCOCK,HANCOCK,calibration,C4,71,0.05964829999993526,OK,122.0,38.0,121.33108167594078,0.12758256695847323,0.6948076204706761,0.7594409222124383,0.7872786501162948,0.36245565346604275,2.421428292211717,0.14414376102975188
post hoc exploratory benchmark,HANCOCK,HANCOCK,development_oof,C1,101,1.2963951000001543,OK,489.0,135.0,488.8486702563916,0.10724272443096095,0.6580605184343695,0.7098208636503919,0.7348004897780904,-0.0016273551089512521,1.9495088279658546,0.13552459366111194
post hoc exploratory benchmark,HANCOCK,HANCOCK,calibration,C1,101,0.35149040000032983,OK,122.0,38.0,121.33108167594078,0.13551799923606925,0.7217033993276055,0.750807858278488,0.7776636218222343,0.3820847974950656,3.8263831461969677,0.1372678712808861
post hoc exploratory benchmark,HANCOCK,HANCOCK,development_oof,C2,101,1.018477300000086,OK,489.0,135.0,488.8486702563916,0.10604632675990593,0.6508829908086337,0.703471311461679,0.7262779648928984,0.11393456640954812,0.814114261151713,0.12758873497376153
post hoc exploratory benchmark,HANCOCK,HANCOCK,calibration,C2,101,0.23127049999948213,OK,122.0,38.0,121.33108167594078,0.1292720073958758,0.6499813223757938,0.6955393866836203,0.7135245503372722,0.4644004767855889,1.204908849396176,0.13317444583731886
post hoc exploratory benchmark,HANCOCK,HANCOCK,development_oof,C3,101,1.002232599999843,OK,489.0,135.0,488.8486702563916,0.1049960811666848,0.6815036662191469,0.7264023132772155,0.7458555366733397,0.013363588522160812,1.2347533228060026,0.1343573521078481
post hoc exploratory benchmark,HANCOCK,HANCOCK,calibration,C3,101,0.2308130000001256,OK,122.0,38.0,121.33108167594078,0.12717685281522498,0.6974224878595443,0.764579546487928,0.7970237032498925,0.40165763572001234,2.578526285938733,0.14121671618731685
post hoc exploratory benchmark,HANCOCK,HANCOCK,development_oof,C4,101,0.5769828000002235,OK,489.0,135.0,488.8486702563916,0.10619089151713425,0.6729835794691728,0.7153195039873231,0.7337842655699506,-0.002240423909337117,1.228519596705958,0.13574001405597538
post hoc exploratory benchmark,HANCOCK,HANCOCK,calibration,C4,101,0.11932789999991655,OK,122.0,38.0,121.33108167594078,0.12758256695847323,0.6948076204706761,0.7594409222124383,0.7872786501162948,0.36245565346604275,2.421428292211717,0.14414376102975188
post hoc exploratory benchmark,TCGA-HNSC,TCGA-HNSC,development_oof,C1,17,35.55063500000051,OK,415.0,177.0,414.646498814596,0.21229559640353055,0.6203327420912009,0.6300814282112266,0.6539907226530964,-0.11317514661199288,1.146267670854689,0.3579629412162913
post hoc exploratory benchmark,TCGA-HNSC,TCGA-HNSC,calibration,C1,17,6.209777400000348,OK,104.0,44.0,107.37347592126233,0.23266909534967029,0.5902679830747531,0.5835311792768934,0.5802026851087019,-0.03957746134429481,0.6905587214170363,0.35984693912697807
post hoc exploratory benchmark,TCGA-HNSC,TCGA-HNSC,development_oof,C2,17,46.68722119999984,OK,415.0,177.0,414.646498814596,0.22013181178878216,0.6346123621994207,0.6390334255866051,0.6650005468149034,-0.2509180085507507,0.5036860671945008,0.37920356218744544
post hoc exploratory benchmark,TCGA-HNSC,TCGA-HNSC,calibration,C2,17,8.133760799999436,OK,104.0,44.0,107.37347592126233,0.24746675815216268,0.5744005641748943,0.5706537185321141,0.5937375791111229,-0.1318220576152227,0.303427610151824,0.3873490583008612
post hoc exploratory benchmark,TCGA-HNSC,TCGA-HNSC,development_oof,C3,17,25.45705839999937,OK,415.0,177.0,414.646498814596,0.21015231020789724,0.6277868834055547,0.6311764537704723,0.6522396042550627,0.0061230529176897796,1.1609785331327827,0.3333082433699226
post hoc exploratory benchmark,TCGA-HNSC,TCGA-HNSC,calibration,C3,17,4.259885899999972,OK,104.0,44.0,107.37347592126233,0.2396138336778232,0.580394922425952,0.5623749704290366,0.559965946798448,0.07111046786996637,0.36463643145503666,0.3321808530319293
post hoc exploratory benchmark,TCGA-HNSC,TCGA-HNSC,development_oof,C4,17,20.67950010000004,OK,415.0,177.0,414.646498814596,0.2181656939396718,0.6169200026942679,0.6269821579211133,0.6598828854884857,-0.14961082866128625,0.503095047153554,0.36056042998541266
post hoc exploratory benchmark,TCGA-HNSC,TCGA-HNSC,calibration,C4,17,4.214134599999852,OK,104.0,44.0,107.37347592126233,0.2696076819797085,0.6142454160789845,0.6071806569445063,0.6201565611371922,-0.07229522279096179,0.1901278453480677,0.3603552727817952
post hoc exploratory benchmark,TCGA-HNSC,TCGA-HNSC,development_oof,C1,29,22.342978399999993,OK,415.0,177.0,414.646498814596,0.21180096161969045,0.6176384741462538,0.6247099427348015,0.6472689984404434,-0.11056280333228896,1.1421889559897866,0.3574090323804686
post hoc exploratory benchmark,TCGA-HNSC,TCGA-HNSC,calibration,C1,29,4.654040200000054,OK,104.0,44.0,107.37347592126233,0.23010507648464296,0.5983779971791255,0.5968776141324655,0.6036318667835185,-0.03290170922643224,0.8704199488737003,0.358223339693497
post hoc exploratory benchmark,TCGA-HNSC,TCGA-HNSC,development_oof,C2,29,27.35617850000017,OK,415.0,177.0,414.646498814596,0.22330441678169208,0.6217921372280474,0.6284895216097013,0.6481350795348733,-0.24223393731361192,0.5063990270138082,0.3766450444011439
post hoc exploratory benchmark,TCGA-HNSC,TCGA-HNSC,calibration,C2,29,5.704465699999673,OK,104.0,44.0,107.37347592126233,0.2508600056627716,0.5564174894217208,0.5505023771273941,0.5590674372240991,-0.14213683700780783,0.2845654575105842,0.38812756508339363
post hoc exploratory benchmark,TCGA-HNSC,TCGA-HNSC,development_oof,C3,29,21.47778500000004,OK,415.0,177.0,414.646498814596,0.20882950511490478,0.6337816295830621,0.6345696213184906,0.6535529726641636,-0.010177777602168585,1.3028633133150478,0.3378591046659972
post hoc exploratory benchmark,TCGA-HNSC,TCGA-HNSC,calibration,C3,29,4.275271299999986,OK,104.0,44.0,107.37347592126233,0.24334566994486012,0.6167136812411848,0.6052169933737294,0.6121469695331732,0.06416544217581076,0.37655857287262573,0.33362286162786814
post hoc exploratory benchmark,TCGA-HNSC,TCGA-HNSC,development_oof,C4,29,20.909537600000476,OK,415.0,177.0,414.646498814596,0.20864640206093463,0.6362064707335144,0.6392692692976457,0.6736414760365033,-0.12112730096956109,0.6442807088765637,0.3591065503167494
post hoc exploratory benchmark,TCGA-HNSC,TCGA-HNSC,calibration,C4,29,4.324105199999394,OK,104.0,44.0,107.37347592126233,0.2696076819797085,0.6142454160789845,0.6071806569445063,0.6201565611371922,-0.07229522279096179,0.1901278453480677,0.3603552727817952
post hoc exploratory benchmark,TCGA-HNSC,TCGA-HNSC,development_oof,C1,43,22.617851999999402,OK,415.0,177.0,414.646498814596,0.21506279240598547,0.6138889512562025,0.6174064538259373,0.6246969893948602,-0.12896641692141847,0.981576877725144,0.3583774136008172
post hoc exploratory benchmark,TCGA-HNSC,TCGA-HNSC,calibration,C1,43,4.667661599999519,OK,104.0,44.0,107.37347592126233,0.22975211658927044,0.5955571227080395,0.5895996387177993,0.5959350497028486,-0.03272118367287231,0.8697658143997863,0.3569752263550974
post hoc exploratory benchmark,TCGA-HNSC,TCGA-HNSC,development_oof,C2,43,27.612722899999426,OK,415.0,177.0,414.646498814596,0.23941927300006008,0.6047059880105077,0.6049215473939772,0.6121053782564411,-0.22895983245757007,0.3327871359731331,0.3690682175763775
post hoc exploratory benchmark,TCGA-HNSC,TCGA-HNSC,calibration,C2,43,5.611031399999774,OK,104.0,44.0,107.37347592126233,0.2491296883869395,0.5511283497884344,0.5485847382526584,0.5628027496706373,-0.11544570015862249,0.24975240918012634,0.3861077598237074
post hoc exploratory benchmark,TCGA-HNSC,TCGA-HNSC,development_oof,C3,43,21.212834200000543,OK,415.0,177.0,414.646498814596,0.2170228848454926,0.6014279620108219,0.6023638772664435,0.6066867412204219,-0.004003811558293932,0.6808487845598312,0.33428592215167174
post hoc exploratory benchmark,TCGA-HNSC,TCGA-HNSC,calibration,C3,43,4.34475090000069,OK,104.0,44.0,107.37347592126233,0.2371262745456581,0.5567700987306065,0.5345852163195951,0.5270013744620292,0.07411124019673494,0.37954687628995937,0.33182226851718283
post hoc exploratory benchmark,TCGA-HNSC,TCGA-HNSC,development_oof,C4,43,20.969157399999858,OK,415.0,177.0,414.646498814596,0.23158084375087773,0.5954107636004401,0.6010056511391657,0.6167588332394751,-0.15261726770023806,0.3620171083874042,0.3608850519995175
post hoc exploratory benchmark,TCGA-HNSC,TCGA-HNSC,calibration,C4,43,4.243481900000006,OK,104.0,44.0,107.37347592126233,0.2696076819797085,0.6142454160789845,0.6071806569445063,0.6201565611371922,-0.07229522279096179,0.1901278453480677,0.3603552727817952
post hoc exploratory benchmark,TCGA-HNSC,TCGA-HNSC,development_oof,C1,71,22.539942800000063,OK,415.0,177.0,414.646498814596,0.2177794843801616,0.6029547138462921,0.6034619199852673,0.6152794284583379,-0.10253518112864825,0.8240458856624133,0.3536271320548004
post hoc exploratory benchmark,TCGA-HNSC,TCGA-HNSC,calibration,C1,71,4.648138599999584,OK,104.0,44.0,107.37347592126233,0.23472949814977068,0.581805359661495,0.5734727012688227,0.5730398996016688,-0.041142604664994316,0.5635037904958746,0.3601019850782388
post hoc exploratory benchmark,TCGA-HNSC,TCGA-HNSC,development_oof,C2,71,27.145020300000397,OK,415.0,177.0,414.646498814596,0.23471727109123944,0.6059184085857339,0.6075686328996918,0.6193283253302189,-0.21461785866943667,0.3448032808360827,0.3681603757214649
post hoc exploratory benchmark,TCGA-HNSC,TCGA-HNSC,calibration,C2,71,5.563891900000272,OK,104.0,44.0,107.37347592126233,0.2629893724476014,0.5349083215796897,0.5280259892137523,0.535803631007926,-0.1506738020681477,0.1044744048842713,0.39392379290208585
post hoc exploratory benchmark,TCGA-HNSC,TCGA-HNSC,development_oof,C3,71,21.011255299999902,OK,415.0,177.0,414.646498814596,0.2140508001110404,0.6089045555580502,0.6082372156984631,0.61722900940415,-0.0034370608834364998,0.8780138153940774,0.33365320548983074
post hoc exploratory benchmark,TCGA-HNSC,TCGA-HNSC,calibration,C3,71,4.290109100000336,OK,104.0,44.0,107.37347592126233,0.2361230717393944,0.6047249647390691,0.592122860083654,0.5952099278952719,0.05424454050647299,0.5170144050848144,0.3362305389702675
post hoc exploratory benchmark,TCGA-HNSC,TCGA-HNSC,development_oof,C4,71,20.85708160000013,OK,415.0,177.0,414.646498814596,0.21951772805476383,0.6126765306809763,0.6153361087806446,0.6367854174308311,-0.15218140766244334,0.4906937245242318,0.35965295030399613
post hoc exploratory benchmark,TCGA-HNSC,TCGA-HNSC,calibration,C4,71,4.234884600000441,OK,104.0,44.0,107.37347592126233,0.2696076819797085,0.6142454160789845,0.6071806569445063,0.6201565611371922,-0.07229522279096179,0.1901278453480677,0.3603552727817952
post hoc exploratory benchmark,TCGA-HNSC,TCGA-HNSC,development_oof,C1,101,22.553320099999837,OK,415.0,177.0,414.646498814596,0.20947309906545963,0.6270908641864433,0.6378034253759816,0.6670858500140618,-0.11915090847481559,1.287942372165505,0.3587919401891184
post hoc exploratory benchmark,TCGA-HNSC,TCGA-HNSC,calibration,C1,101,4.6929762999998275,OK,104.0,44.0,107.37347592126233,0.22894019590199474,0.6011988716502116,0.5967353742568767,0.6001144935605821,-0.033688532712631614,0.9320064732510049,0.3571669853165149
post hoc exploratory benchmark,TCGA-HNSC,TCGA-HNSC,development_oof,C2,101,27.495667900000626,OK,415.0,177.0,414.646498814596,0.22292991956607616,0.6204674554884483,0.6267764473153004,0.6542080403759047,-0.24660413015054927,0.4766240015944461,0.3796856901680763
post hoc exploratory benchmark,TCGA-HNSC,TCGA-HNSC,calibration,C2,101,5.617131699999845,OK,104.0,44.0,107.37347592126233,0.24645594646157526,0.5744005641748943,0.5727629025759946,0.5868796635591411,-0.09237139149430972,0.3151309125190291,0.37802886892845866
post hoc exploratory benchmark,TCGA-HNSC,TCGA-HNSC,development_oof,C3,101,21.182171100000232,OK,415.0,177.0,414.646498814596,0.20751445783193886,0.6329059925009543,0.6286459979938606,0.6475873433944663,-0.009301712024459612,1.2235910509023156,0.3377807035568706
post hoc exploratory benchmark,TCGA-HNSC,TCGA-HNSC,calibration,C3,101,4.306973799999469,OK,104.0,44.0,107.37347592126233,0.2447143178182874,0.5902679830747531,0.575304748592207,0.577992640661951,0.06980170089551564,0.31283750742800254,0.33208826411737263
post hoc exploratory benchmark,TCGA-HNSC,TCGA-HNSC,development_oof,C4,101,20.869590100000096,OK,415.0,177.0,414.646498814596,0.21344840124953526,0.6284155459260423,0.624166468788555,0.647790655278351,-0.13722831307993325,0.5763490271122894,0.36389288502201483
post hoc exploratory benchmark,TCGA-HNSC,TCGA-HNSC,calibration,C4,101,4.245914600000106,OK,104.0,44.0,107.37347592126233,0.2696076819797085,0.6142454160789845,0.6071806569445063,0.6201565611371922,-0.07229522279096179,0.1901278453480677,0.3603552727817952
