study,seed,subgroup_variable,subgroup,model,parent_n,coverage,n,events,ipcw_evaluable_weight,ipcw_brier,harrell_c,uno_c,auc_horizon,calibration_in_the_large,calibration_slope,mean_predicted_risk
HANCOCK,17,sex,0,B2,91,1.0,91.0,28.0,88.9593227647629,0.14134533428831464,0.6201157742402316,0.6520199735218379,0.6795506110294908,0.3342308106389265,2.340405596222991,0.13782593418620745
HANCOCK,17,sex,0,B6,91,1.0,91.0,28.0,88.9593227647629,0.11759362300004733,0.7170767004341534,0.820586116721766,0.8511794196847818,0.34253307046576303,3.413965405906386,0.1456749498337722
HANCOCK,17,sex,0,B7_full_equal_weight_90,91,0.9120879120879121,83.0,25.0,81.84799292676068,0.13313006988694054,0.6218181818181818,0.7102085968748001,0.7330403156740677,0.4116292037554946,2.3231219871280566,0.12301599587298404
HANCOCK,17,sex,1,B2,31,1.0,31.0,10.0,32.3717589111779,0.15976977358623312,0.6767676767676768,0.6863155878573036,0.7040014910368972,0.44426358267458677,3.2120847525439475,0.13688883320100534
HANCOCK,17,sex,1,B6,31,1.0,31.0,10.0,32.3717589111779,0.16136672231449947,0.6464646464646465,0.5850567477038257,0.5839638106986016,0.4755946712347069,1.0447443755443158,0.1314094338406217
HANCOCK,17,sex,1,B7_full_equal_weight_90,31,0.8709677419354839,27.0,6.0,28.140292113983293,0.07769624876646841,0.7640449438202247,0.6361458269263118,0.6201689031976035,-0.5876974129571437,0.31479982360002856,0.1243757810874427
HANCOCK,17,age_group,<65,B2,73,1.0,73.0,24.0,75.43917997029078,0.15034343144657633,0.6284860557768924,0.6651827272918014,0.6859327707708914,0.424743223276966,2.6965168401427424,0.1270256045074011
HANCOCK,17,age_group,<65,B6,73,1.0,73.0,24.0,75.43917997029078,0.12767899628068796,0.6832669322709163,0.7542666748345733,0.7830537426239885,0.4052900238010769,2.903972759299346,0.13895160733407796
HANCOCK,17,age_group,<65,B7_full_equal_weight_90,73,0.8767123287671232,64.0,19.0,66.27480813034677,0.12088177465468428,0.6180124223602484,0.6973255891098761,0.7076048120251819,0.2615414351529371,2.1320486457207415,0.11300109276780354
HANCOCK,17,age_group,>=65,B2,49,1.0,49.0,14.0,45.89190170565001,0.13959628379203648,0.675,0.7128223588832905,0.7649103663585478,0.27420009141355417,3.82534893898628,0.15332336145175027
HANCOCK,17,age_group,>=65,B6,49,1.0,49.0,14.0,45.89190170565001,0.13026166033190958,0.66,0.7171466896237205,0.7400617661685513,0.3405857766629357,2.07839463250045,0.14666623568458878
HANCOCK,17,age_group,>=65,B7_full_equal_weight_90,49,0.9387755102040817,46.0,12.0,43.71347691039723,0.11763393346545473,0.5889967637540453,0.6377378144687984,0.6587456282921587,0.13372117912979525,1.5815908490217734,0.1377479089060696
HANCOCK,17,site_group,other,B2,122,1.0,122.0,38.0,121.33108167594078,0.14602695410991687,0.6327979081060889,0.6596807967156807,0.690132279155643,0.36438918326351993,2.6173690173520994,0.1375878183620987
HANCOCK,17,site_group,other,B6,122,1.0,122.0,38.0,121.33108167594078,0.12871629577667043,0.6847217033993276,0.7516647493443939,0.7829538859708781,0.3796142444346632,2.496172320944543,0.14205010560600445
HANCOCK,17,site_group,other,B7_full_equal_weight_90,122,0.9016393442622951,110.0,31.0,109.98828504074395,0.11952358652100646,0.622437971952535,0.6875944944776541,0.7035607009164697,0.20785156831931118,1.7192310164544153,0.1233497613347148
HANCOCK,17,stage_group,unknown,B2,122,1.0,122.0,38.0,121.33108167594078,0.14602695410991687,0.6327979081060889,0.6596807967156807,0.690132279155643,0.36438918326351993,2.6173690173520994,0.1375878183620987
HANCOCK,17,stage_group,unknown,B6,122,1.0,122.0,38.0,121.33108167594078,0.12871629577667043,0.6847217033993276,0.7516647493443939,0.7829538859708781,0.3796142444346632,2.496172320944543,0.14205010560600445
HANCOCK,17,stage_group,unknown,B7_full_equal_weight_90,122,0.9016393442622951,110.0,31.0,109.98828504074395,0.11952358652100646,0.622437971952535,0.6875944944776541,0.7035607009164697,0.20785156831931118,1.7192310164544153,0.1233497613347148
HANCOCK,17,hpv_group,unknown,B2,122,1.0,122.0,38.0,121.33108167594078,0.14602695410991687,0.6327979081060889,0.6596807967156807,0.690132279155643,0.36438918326351993,2.6173690173520994,0.1375878183620987
HANCOCK,17,hpv_group,unknown,B6,122,1.0,122.0,38.0,121.33108167594078,0.12871629577667043,0.6847217033993276,0.7516647493443939,0.7829538859708781,0.3796142444346632,2.496172320944543,0.14205010560600445
HANCOCK,17,hpv_group,unknown,B7_full_equal_weight_90,122,0.9016393442622951,110.0,31.0,109.98828504074395,0.11952358652100646,0.622437971952535,0.6875944944776541,0.7035607009164697,0.20785156831931118,1.7192310164544153,0.1233497613347148
HANCOCK,17,natural_modality_missingness,complete,B2,86,1.0,86.0,25.0,86.00897189225475,0.15549053200881235,0.5924242424242424,0.6076860893897195,0.6503398367452526,0.41519107938153643,2.4216798648840276,0.13990965124843796
HANCOCK,17,natural_modality_missingness,complete,B6,86,1.0,86.0,25.0,86.00897189225475,0.1409123068606658,0.7083333333333334,0.7804363217217063,0.8186706271689647,0.465910993173801,3.0477473118311713,0.14384407486594325
HANCOCK,17,natural_modality_missingness,complete,B7_full_equal_weight_90,86,0.8837209302325582,76.0,20.0,76.90524572671634,0.12149064025553392,0.6194285714285714,0.6977050291771482,0.7252179970086721,0.20674776875543385,2.010604907445944,0.12704486518921215
HANCOCK,17,natural_modality_missingness,missing,B2,36,1.0,36.0,13.0,35.322109783686,0.12341951801811102,0.7217391304347827,0.762092769950278,0.7538077668824325,0.22703304279002426,2.876313755884879,0.13204121757806597
HANCOCK,17,natural_modality_missingness,missing,B6,36,1.0,36.0,13.0,35.322109783686,0.09958138040934816,0.6130434782608696,0.6419219012128287,0.6477636390740488,0.1395601996091373,1.5800419641079593,0.1377645123739285
HANCOCK,17,natural_modality_missingness,missing,B7_full_equal_weight_90,36,0.9444444444444444,34.0,11.0,33.08303931402762,0.11512664287912157,0.6079545454545454,0.6265160615203028,0.6111594240656187,0.21052456804271677,0.9043327750887103,0.1150901174246619
HANCOCK,29,sex,0,B2,91,1.0,91.0,28.0,88.9593227647629,0.14134533428831464,0.6201157742402316,0.6520199735218379,0.6795506110294908,0.3342308106389265,2.340405596222991,0.13782593418620745
HANCOCK,29,sex,0,B6,91,1.0,91.0,28.0,88.9593227647629,0.11785187310716567,0.711287988422576,0.816565514411086,0.8451857659058234,0.3402131243834787,3.5472725481760525,0.14540143667010394
HANCOCK,29,sex,0,B7_full_equal_weight_90,91,0.9120879120879121,83.0,26.0,83.08706339641905,0.13275210244819494,0.6267482517482518,0.7207636486558561,0.7460711815345531,0.38151519989014887,2.6849154936369377,0.124213237146671
HANCOCK,29,sex,1,B2,31,1.0,31.0,10.0,32.3717589111779,0.15976977358623312,0.6767676767676768,0.6863155878573036,0.7040014910368972,0.44426358267458677,3.2120847525439475,0.13688883320100534
HANCOCK,29,sex,1,B6,31,1.0,31.0,10.0,32.3717589111779,0.16177487971073465,0.6212121212121212,0.5562213397832595,0.5459537329798867,0.4736326730378172,0.9635179619888322,0.13161314929197293
HANCOCK,29,sex,1,B7_full_equal_weight_90,31,0.8709677419354839,27.0,6.0,28.140292113983293,0.07806258282875664,0.7528089887640449,0.6166795330637442,0.5736711397285402,-0.5856865541110411,0.12063442127701678,0.12423141477441361
HANCOCK,29,age_group,<65,B2,73,1.0,73.0,24.0,75.43917997029078,0.15034343144657633,0.6284860557768924,0.6651827272918014,0.6859327707708914,0.424743223276966,2.6965168401427424,0.1270256045074011
HANCOCK,29,age_group,<65,B6,73,1.0,73.0,24.0,75.43917997029078,0.1280324626738846,0.6772908366533864,0.7458069344348413,0.7762314506750884,0.39048659955005816,2.8879725961466884,0.13996832379381563
HANCOCK,29,age_group,<65,B7_full_equal_weight_90,73,0.8904109589041096,65.0,20.0,67.51387860000513,0.11824232837629445,0.618978102189781,0.6929181079368328,0.7052095065175302,0.21674000160545726,2.655211705019125,0.11500292942574086
HANCOCK,29,age_group,>=65,B2,49,1.0,49.0,14.0,45.89190170565001,0.13959628379203648,0.675,0.7128223588832905,0.7649103663585478,0.27420009141355417,3.82534893898628,0.15332336145175027
HANCOCK,29,age_group,>=65,B6,49,1.0,49.0,14.0,45.89190170565001,0.130472896910026,0.66,0.7222379344594879,0.7410039286830216,0.35703436772432984,2.0525212956025882,0.1447724638384097
HANCOCK,29,age_group,>=65,B7_full_equal_weight_90,49,0.9183673469387755,45.0,12.0,43.71347691039723,0.12089695322483264,0.5980392156862745,0.6539550947702004,0.6636537503393325,0.14422441180376833,1.4810074089366148,0.13752792154243781
HANCOCK,29,site_group,other,B2,122,1.0,122.0,38.0,121.33108167594078,0.14602695410991687,0.6327979081060889,0.6596807967156807,0.690132279155643,0.36438918326351993,2.6173690173520994,0.1375878183620987
HANCOCK,29,site_group,other,B6,122,1.0,122.0,38.0,121.33108167594078,0.12901263708020372,0.6791184161374673,0.7455529585158549,0.7736658467381642,0.3773164848729753,2.510253846672697,0.14189785545107064
HANCOCK,29,site_group,other,B7_full_equal_weight_90,122,0.9016393442622951,110.0,32.0,111.22735551040233,0.11932831126887827,0.628586332811685,0.6955424950164915,0.7119067984015395,0.18667851467446714,1.9237680037218206,0.12421769892802599
HANCOCK,29,stage_group,unknown,B2,122,1.0,122.0,38.0,121.33108167594078,0.14602695410991687,0.6327979081060889,0.6596807967156807,0.690132279155643,0.36438918326351993,2.6173690173520994,0.1375878183620987
HANCOCK,29,stage_group,unknown,B6,122,1.0,122.0,38.0,121.33108167594078,0.12901263708020372,0.6791184161374673,0.7455529585158549,0.7736658467381642,0.3773164848729753,2.510253846672697,0.14189785545107064
HANCOCK,29,stage_group,unknown,B7_full_equal_weight_90,122,0.9016393442622951,110.0,32.0,111.22735551040233,0.11932831126887827,0.628586332811685,0.6955424950164915,0.7119067984015395,0.18667851467446714,1.9237680037218206,0.12421769892802599
HANCOCK,29,hpv_group,unknown,B2,122,1.0,122.0,38.0,121.33108167594078,0.14602695410991687,0.6327979081060889,0.6596807967156807,0.690132279155643,0.36438918326351993,2.6173690173520994,0.1375878183620987
HANCOCK,29,hpv_group,unknown,B6,122,1.0,122.0,38.0,121.33108167594078,0.12901263708020372,0.6791184161374673,0.7455529585158549,0.7736658467381642,0.3773164848729753,2.510253846672697,0.14189785545107064
HANCOCK,29,hpv_group,unknown,B7_full_equal_weight_90,122,0.9016393442622951,110.0,32.0,111.22735551040233,0.11932831126887827,0.628586332811685,0.6955424950164915,0.7119067984015395,0.18667851467446714,1.9237680037218206,0.12421769892802599
HANCOCK,29,natural_modality_missingness,complete,B2,86,1.0,86.0,25.0,86.00897189225475,0.15549053200881235,0.5924242424242424,0.6076860893897195,0.6503398367452526,0.41519107938153643,2.4216798648840276,0.13990965124843796
HANCOCK,29,natural_modality_missingness,complete,B6,86,1.0,86.0,25.0,86.00897189225475,0.14081648869799682,0.7143939393939394,0.7875791210661477,0.8233470566517644,0.46506029975879953,3.1251980201219793,0.14352198415096024
HANCOCK,29,natural_modality_missingness,complete,B7_full_equal_weight_90,86,0.872093023255814,75.0,20.0,76.90524572671634,0.12247232632397373,0.6323024054982818,0.7156444498497355,0.7403231821400675,0.2015344877736686,2.272627064922875,0.12790126377004668
HANCOCK,29,natural_modality_missingness,missing,B2,36,1.0,36.0,13.0,35.322109783686,0.12341951801811102,0.7217391304347827,0.762092769950278,0.7538077668824325,0.22703304279002426,2.876313755884879,0.13204121757806597
HANCOCK,29,natural_modality_missingness,missing,B6,36,1.0,36.0,13.0,35.322109783686,0.10081454710436466,0.5695652173913044,0.5935577631593908,0.5939358848958253,0.13515198121550787,1.5583523946373565,0.1380179924457787
HANCOCK,29,natural_modality_missingness,missing,B7_full_equal_weight_90,36,0.9722222222222222,35.0,12.0,34.32210978368601,0.11259113615081658,0.6,0.6149225039184789,0.6073589982127222,0.15163743131782276,0.8397279661787489,0.11632434569512455
HANCOCK,43,sex,0,B2,91,1.0,91.0,28.0,88.9593227647629,0.14134533428831464,0.6201157742402316,0.6520199735218379,0.6795506110294908,0.3342308106389265,2.340405596222991,0.13782593418620745
HANCOCK,43,sex,0,B6,91,1.0,91.0,28.0,88.9593227647629,0.11784927406174578,0.7076700434153401,0.8142126007936736,0.8437645706404134,0.34433503015043493,3.5612304734243323,0.14491811622549397
HANCOCK,43,sex,0,B7_full_equal_weight_90,91,0.9010989010989011,82.0,23.0,79.40872872637165,0.11342330057759968,0.6337741607324516,0.7231826338297207,0.7166165205916978,0.21280836377443285,2.13103696770243,0.1225927049671249
HANCOCK,43,sex,1,B2,31,1.0,31.0,10.0,32.3717589111779,0.15976977358623312,0.6767676767676768,0.6863155878573036,0.7040014910368972,0.44426358267458677,3.2120847525439475,0.13688883320100534
HANCOCK,43,sex,1,B6,31,1.0,31.0,10.0,32.3717589111779,0.1616648588067935,0.6111111111111112,0.5444344909488124,0.530695165793159,0.4690988588587667,0.911039570903471,0.132050675532982
HANCOCK,43,sex,1,B7_full_equal_weight_90,31,0.9032258064516129,28.0,7.0,29.154827982127408,0.10390495584415867,0.6956521739130435,0.5780238141162497,0.5264166205975714,-0.1918173364411815,-0.08476439077250278,0.12432445096246358
HANCOCK,43,age_group,<65,B2,73,1.0,73.0,24.0,75.43917997029078,0.15034343144657633,0.6284860557768924,0.6651827272918014,0.6859327707708914,0.424743223276966,2.6965168401427424,0.1270256045074011
HANCOCK,43,age_group,<65,B6,73,1.0,73.0,24.0,75.43917997029078,0.12788294802971148,0.6733067729083665,0.741428910774619,0.7711070345319779,0.3857791551457021,2.8361713910202972,0.14043782693110052
HANCOCK,43,age_group,<65,B7_full_equal_weight_90,73,0.8904109589041096,65.0,19.0,67.31395761024693,0.11935234040972346,0.5855855855855856,0.6377122675565141,0.6443796170712862,0.2114455971119074,1.479178081455737,0.1134280769557976
HANCOCK,43,age_group,>=65,B2,49,1.0,49.0,14.0,45.89190170565001,0.13959628379203648,0.675,0.7128223588832905,0.7649103663585478,0.27420009141355417,3.82534893898628,0.15332336145175027
HANCOCK,43,age_group,>=65,B6,49,1.0,49.0,14.0,45.89190170565001,0.13062121135633728,0.655,0.7191596365309728,0.7412586921433307,0.3686479208407183,1.9947860029419224,0.14345220718514395
HANCOCK,43,age_group,>=65,B7_full_equal_weight_90,49,0.9183673469387755,45.0,11.0,41.24959909825215,0.09893660631927978,0.6776556776556777,0.733495729983176,0.7183962194214593,-0.04585064437182709,1.7938764596433177,0.13690803182503067
HANCOCK,43,site_group,other,B2,122,1.0,122.0,38.0,121.33108167594078,0.14602695410991687,0.6327979081060889,0.6596807967156807,0.690132279155643,0.36438918326351993,2.6173690173520994,0.1375878183620987
HANCOCK,43,site_group,other,B6,122,1.0,122.0,38.0,121.33108167594078,0.12898274231663495,0.6750093388121031,0.7412224937282743,0.7688067865264986,0.3790572111752244,2.467681274063803,0.14164852063969172
HANCOCK,43,site_group,other,B7_full_equal_weight_90,122,0.9016393442622951,110.0,30.0,108.56355670849904,0.1110004491909056,0.6288888888888889,0.6787212106215781,0.6758883898366532,0.11092098867760242,1.4407449705418485,0.12303351303866567
HANCOCK,43,stage_group,unknown,B2,122,1.0,122.0,38.0,121.33108167594078,0.14602695410991687,0.6327979081060889,0.6596807967156807,0.690132279155643,0.36438918326351993,2.6173690173520994,0.1375878183620987
HANCOCK,43,stage_group,unknown,B6,122,1.0,122.0,38.0,121.33108167594078,0.12898274231663495,0.6750093388121031,0.7412224937282743,0.7688067865264986,0.3790572111752244,2.467681274063803,0.14164852063969172
HANCOCK,43,stage_group,unknown,B7_full_equal_weight_90,122,0.9016393442622951,110.0,30.0,108.56355670849904,0.1110004491909056,0.6288888888888889,0.6787212106215781,0.6758883898366532,0.11092098867760242,1.4407449705418485,0.12303351303866567
HANCOCK,43,hpv_group,unknown,B2,122,1.0,122.0,38.0,121.33108167594078,0.14602695410991687,0.6327979081060889,0.6596807967156807,0.690132279155643,0.36438918326351993,2.6173690173520994,0.1375878183620987
HANCOCK,43,hpv_group,unknown,B6,122,1.0,122.0,38.0,121.33108167594078,0.12898274231663495,0.6750093388121031,0.7412224937282743,0.7688067865264986,0.3790572111752244,2.467681274063803,0.14164852063969172
HANCOCK,43,hpv_group,unknown,B7_full_equal_weight_90,122,0.9016393442622951,110.0,30.0,108.56355670849904,0.1110004491909056,0.6288888888888889,0.6787212106215781,0.6758883898366532,0.11092098867760242,1.4407449705418485,0.12303351303866567
HANCOCK,43,natural_modality_missingness,complete,B2,86,1.0,86.0,25.0,86.00897189225475,0.15549053200881235,0.5924242424242424,0.6076860893897195,0.6503398367452526,0.41519107938153643,2.4216798648840276,0.13990965124843796
HANCOCK,43,natural_modality_missingness,complete,B6,86,1.0,86.0,25.0,86.00897189225475,0.14075064162413176,0.7121212121212122,0.7865612997622708,0.8222112175074154,0.46758295075761236,3.068368058538053,0.14324937630699486
HANCOCK,43,natural_modality_missingness,complete,B7_full_equal_weight_90,86,0.8953488372093024,77.0,20.0,76.69497425237374,0.11848359162166636,0.6403118040089086,0.7168145461142481,0.7239156909595532,0.19397916812739766,1.9455797557451733,0.12595309266329155
HANCOCK,43,natural_modality_missingness,missing,B2,36,1.0,36.0,13.0,35.322109783686,0.12341951801811102,0.7217391304347827,0.762092769950278,0.7538077668824325,0.22703304279002426,2.876313755884879,0.13204121757806597
HANCOCK,43,natural_modality_missingness,missing,B6,36,1.0,36.0,13.0,35.322109783686,0.10087053841539269,0.5739130434782609,0.5879724480446609,0.5864689536038613,0.13510264069227787,1.5447720415232924,0.1378242543233565
HANCOCK,43,natural_modality_missingness,missing,B7_full_equal_weight_90,36,0.9166666666666666,33.0,10.0,31.868582456125303,0.09353978351913056,0.6066666666666667,0.559257581932557,0.5195618153845245,-0.11906778052916907,-0.28913202139478766,0.11622116058120525
HANCOCK,71,sex,0,B2,91,1.0,91.0,28.0,88.9593227647629,0.14134533428831464,0.6201157742402316,0.6520199735218379,0.6795506110294908,0.3342308106389265,2.340405596222991,0.13782593418620745
HANCOCK,71,sex,0,B6,91,1.0,91.0,28.0,88.9593227647629,0.11793225386504404,0.7098408104196816,0.8156814669626679,0.846392751063601,0.3480074165305687,3.4869990277076512,0.1446082544683267
HANCOCK,71,sex,0,B7_full_equal_weight_90,91,0.8901098901098901,81.0,24.0,81.86225605393236,0.12761027172729728,0.6177311725452812,0.6999286969070868,0.7137058675614983,0.3085400729555582,1.8543506024724834,0.12186699983770034
HANCOCK,71,sex,1,B2,31,1.0,31.0,10.0,32.3717589111779,0.15976977358623312,0.6767676767676768,0.6863155878573036,0.7040014910368972,0.44426358267458677,3.2120847525439475,0.13688883320100534
HANCOCK,71,sex,1,B6,31,1.0,31.0,10.0,32.3717589111779,0.16205783589920245,0.6161616161616161,0.5501173439775189,0.5381881091384187,0.4786377335764914,0.9614380471237198,0.13095806965619658
HANCOCK,71,sex,1,B7_full_equal_weight_90,31,0.9354838709677419,29.0,8.0,30.33325277738018,0.12887576497415268,0.7,0.6219510814445758,0.6019399350079736,0.11972481009494419,0.5484001784401903,0.12572586852756423
HANCOCK,71,age_group,<65,B2,73,1.0,73.0,24.0,75.43917997029078,0.15034343144657633,0.6284860557768924,0.6651827272918014,0.6859327707708914,0.424743223276966,2.6965168401427424,0.1270256045074011
HANCOCK,71,age_group,<65,B6,73,1.0,73.0,24.0,75.43917997029078,0.1281599572516045,0.6743027888446215,0.7442954861600082,0.7744884789627065,0.39800023588206607,2.8668521954208597,0.1392607150280113
HANCOCK,71,age_group,<65,B7_full_equal_weight_90,73,0.9041095890410958,66.0,20.0,68.52841446814924,0.13032344820232877,0.6074895977808599,0.6708922835657378,0.6900090970514391,0.3415455872981523,2.0200589577462664,0.11327140684285751
HANCOCK,71,age_group,>=65,B2,49,1.0,49.0,14.0,45.89190170565001,0.13959628379203648,0.675,0.7128223588832905,0.7649103663585478,0.27420009141355417,3.82534893898628,0.15332336145175027
HANCOCK,71,age_group,>=65,B6,49,1.0,49.0,14.0,45.89190170565001,0.130611247657697,0.655,0.718782514339194,0.7410039286830216,0.363423168474052,2.0399992717434623,0.14393916569214277
HANCOCK,71,age_group,>=65,B7_full_equal_weight_90,49,0.8979591836734694,44.0,12.0,43.667094363163294,0.12437458210926837,0.6091205211726385,0.6419377194107694,0.6499307305216532,0.1322611855605846,1.1142650179601374,0.13730373460282944
HANCOCK,71,site_group,other,B2,122,1.0,122.0,38.0,121.33108167594078,0.14602695410991687,0.6327979081060889,0.6596807967156807,0.690132279155643,0.36438918326351993,2.6173690173520994,0.1375878183620987
HANCOCK,71,site_group,other,B6,122,1.0,122.0,38.0,121.33108167594078,0.12914449192290395,0.6772506537168472,0.744574932813108,0.7742528734075641,0.3843828619596679,2.4919374079189973,0.14113976488491656
HANCOCK,71,site_group,other,B7_full_equal_weight_90,122,0.9016393442622951,110.0,32.0,112.19550883131251,0.12794390176510462,0.6210898082744702,0.6709574369457166,0.6829755227667207,0.2573417631388321,1.3938309858364633,0.12288433794684628
HANCOCK,71,stage_group,unknown,B2,122,1.0,122.0,38.0,121.33108167594078,0.14602695410991687,0.6327979081060889,0.6596807967156807,0.690132279155643,0.36438918326351993,2.6173690173520994,0.1375878183620987
HANCOCK,71,stage_group,unknown,B6,122,1.0,122.0,38.0,121.33108167594078,0.12914449192290395,0.6772506537168472,0.744574932813108,0.7742528734075641,0.3843828619596679,2.4919374079189973,0.14113976488491656
HANCOCK,71,stage_group,unknown,B7_full_equal_weight_90,122,0.9016393442622951,110.0,32.0,112.19550883131251,0.12794390176510462,0.6210898082744702,0.6709574369457166,0.6829755227667207,0.2573417631388321,1.3938309858364633,0.12288433794684628
HANCOCK,71,hpv_group,unknown,B2,122,1.0,122.0,38.0,121.33108167594078,0.14602695410991687,0.6327979081060889,0.6596807967156807,0.690132279155643,0.36438918326351993,2.6173690173520994,0.1375878183620987
HANCOCK,71,hpv_group,unknown,B6,122,1.0,122.0,38.0,121.33108167594078,0.12914449192290395,0.6772506537168472,0.744574932813108,0.7742528734075641,0.3843828619596679,2.4919374079189973,0.14113976488491656
HANCOCK,71,hpv_group,unknown,B7_full_equal_weight_90,122,0.9016393442622951,110.0,32.0,112.19550883131251,0.12794390176510462,0.6210898082744702,0.6709574369457166,0.6829755227667207,0.2573417631388321,1.3938309858364633,0.12288433794684628
HANCOCK,71,natural_modality_missingness,complete,B2,86,1.0,86.0,25.0,86.00897189225475,0.15549053200881235,0.5924242424242424,0.6076860893897195,0.6503398367452526,0.41519107938153643,2.4216798648840276,0.13990965124843796
HANCOCK,71,natural_modality_missingness,complete,B6,86,1.0,86.0,25.0,86.00897189225475,0.1409903772214058,0.7128787878787879,0.7858815600810553,0.8245739068498578,0.4708685757290577,3.0829941903327427,0.1428997409705836
HANCOCK,71,natural_modality_missingness,complete,B7_full_equal_weight_90,86,0.8837209302325582,76.0,21.0,79.1124695172849,0.13330187089619117,0.6199376947040498,0.6877431789195643,0.7061718578095438,0.2842493186298284,1.6634442582357416,0.12571307658039907
HANCOCK,71,natural_modality_missingness,missing,B2,36,1.0,36.0,13.0,35.322109783686,0.12341951801811102,0.7217391304347827,0.762092769950278,0.7538077668824325,0.22703304279002426,2.876313755884879,0.13204121757806597
HANCOCK,71,natural_modality_missingness,missing,B6,36,1.0,36.0,13.0,35.322109783686,0.10084598815426069,0.5695652173913044,0.5935577631593908,0.5939358848958253,0.14529974535547155,1.5584461543041712,0.13693537756915644
HANCOCK,71,natural_modality_missingness,missing,B7_full_equal_weight_90,36,0.9444444444444444,34.0,11.0,33.08303931402762,0.11596726488385238,0.6136363636363636,0.608938333028466,0.6006755533968647,0.18950774421927363,0.6368649860339948,0.11656127511890473
HANCOCK,101,sex,0,B2,91,1.0,91.0,28.0,88.9593227647629,0.14134533428831464,0.6201157742402316,0.6520199735218379,0.6795506110294908,0.3342308106389265,2.340405596222991,0.13782593418620745
HANCOCK,101,sex,0,B6,91,1.0,91.0,28.0,88.9593227647629,0.11721276388873685,0.7098408104196816,0.8145167596742668,0.84499435034804,0.33683134932469583,3.485501102604734,0.14567572412008178
HANCOCK,101,sex,0,B7_full_equal_weight_90,91,0.9120879120879121,83.0,25.0,81.86225605393234,0.12101534311657164,0.6496756255792401,0.7430635708217581,0.7520781378434745,0.2751450719119467,2.5859592307992774,0.1248973474010745
HANCOCK,101,sex,1,B2,31,1.0,31.0,10.0,32.3717589111779,0.15976977358623312,0.6767676767676768,0.6863155878573036,0.7040014910368972,0.44426358267458677,3.2120847525439475,0.13688883320100534
HANCOCK,101,sex,1,B6,31,1.0,31.0,10.0,32.3717589111779,0.1619088777458421,0.601010101010101,0.5310205294212523,0.5144148523248143,0.4735050973354992,0.9028647931687682,0.1315213566963884
HANCOCK,101,sex,1,B7_full_equal_weight_90,31,0.8709677419354839,27.0,6.0,28.140292113983293,0.07859341020032469,0.7191011235955056,0.5544346847481926,0.5016819262249766,-0.5857783365361956,-0.06761269826517471,0.1239703168286009
HANCOCK,101,age_group,<65,B2,73,1.0,73.0,24.0,75.43917997029078,0.15034343144657633,0.6284860557768924,0.6651827272918014,0.6859327707708914,0.424743223276966,2.6965168401427424,0.1270256045074011
HANCOCK,101,age_group,<65,B6,73,1.0,73.0,24.0,75.43917997029078,0.12724988361462822,0.6782868525896414,0.7444348323370912,0.7761047370665187,0.38009793004733133,2.7961958933340254,0.14111156588471271
HANCOCK,101,age_group,<65,B7_full_equal_weight_90,73,0.8904109589041096,65.0,20.0,67.51387860000513,0.11835373935399864,0.6175182481751825,0.686110160444017,0.6973783591279746,0.21114575711657754,2.532345014608248,0.11545541127086331
HANCOCK,101,age_group,>=65,B2,49,1.0,49.0,14.0,45.89190170565001,0.13959628379203648,0.675,0.7128223588832905,0.7649103663585478,0.27420009141355417,3.82534893898628,0.15332336145175027
HANCOCK,101,age_group,>=65,B6,49,1.0,49.0,14.0,45.89190170565001,0.13053663714547542,0.655,0.7194989363665157,0.7371800140204833,0.366773586147109,1.983441100853269,0.14352058454962147
HANCOCK,101,age_group,>=65,B7_full_equal_weight_90,49,0.9183673469387755,45.0,11.0,42.48866956791052,0.09940672213498443,0.6678832116788321,0.7223424792100605,0.7142403710629738,-0.08313121493794655,1.7761311131492128,0.13797948124567314
HANCOCK,101,site_group,other,B2,122,1.0,122.0,38.0,121.33108167594078,0.14602695410991687,0.6327979081060889,0.6596807967156807,0.690132279155643,0.36438918326351993,2.6173690173520994,0.1375878183620987
HANCOCK,101,site_group,other,B6,122,1.0,122.0,38.0,121.33108167594078,0.12856997314750948,0.6757564437803512,0.7409552516651307,0.7688790362672505,0.3748639726564616,2.439464592590494,0.1420791225616023
HANCOCK,101,site_group,other,B7_full_equal_weight_90,122,0.9016393442622951,110.0,31.0,110.00254816791562,0.11060268685531102,0.6459016393442623,0.7089851707240443,0.7137229454365958,0.09613690960209335,1.8955099775632973,0.12466980353328554
HANCOCK,101,stage_group,unknown,B2,122,1.0,122.0,38.0,121.33108167594078,0.14602695410991687,0.6327979081060889,0.6596807967156807,0.690132279155643,0.36438918326351993,2.6173690173520994,0.1375878183620987
HANCOCK,101,stage_group,unknown,B6,122,1.0,122.0,38.0,121.33108167594078,0.12856997314750948,0.6757564437803512,0.7409552516651307,0.7688790362672505,0.3748639726564616,2.439464592590494,0.1420791225616023
HANCOCK,101,stage_group,unknown,B7_full_equal_weight_90,122,0.9016393442622951,110.0,31.0,110.00254816791562,0.11060268685531102,0.6459016393442623,0.7089851707240443,0.7137229454365958,0.09613690960209335,1.8955099775632973,0.12466980353328554
HANCOCK,101,hpv_group,unknown,B2,122,1.0,122.0,38.0,121.33108167594078,0.14602695410991687,0.6327979081060889,0.6596807967156807,0.690132279155643,0.36438918326351993,2.6173690173520994,0.1375878183620987
HANCOCK,101,hpv_group,unknown,B6,122,1.0,122.0,38.0,121.33108167594078,0.12856997314750948,0.6757564437803512,0.7409552516651307,0.7688790362672505,0.3748639726564616,2.439464592590494,0.1420791225616023
HANCOCK,101,hpv_group,unknown,B7_full_equal_weight_90,122,0.9016393442622951,110.0,31.0,110.00254816791562,0.11060268685531102,0.6459016393442623,0.7089851707240443,0.7137229454365958,0.09613690960209335,1.8955099775632973,0.12466980353328554
HANCOCK,101,natural_modality_missingness,complete,B2,86,1.0,86.0,25.0,86.00897189225475,0.15549053200881235,0.5924242424242424,0.6076860893897195,0.6503398367452526,0.41519107938153643,2.4216798648840276,0.13990965124843796
HANCOCK,101,natural_modality_missingness,complete,B6,86,1.0,86.0,25.0,86.00897189225475,0.14046574116500263,0.7121212121212122,0.7859536693695116,0.8222863942686659,0.4650736586983814,3.04158837175383,0.14347124941234768
HANCOCK,101,natural_modality_missingness,complete,B7_full_equal_weight_90,86,0.872093023255814,75.0,19.0,75.68043838422965,0.10933784602853235,0.6543665436654367,0.7463182997918073,0.7587544218653028,0.08005877760243975,2.4181988343333853,0.12790498473228748
HANCOCK,101,natural_modality_missingness,missing,B2,36,1.0,36.0,13.0,35.322109783686,0.12341951801811102,0.7217391304347827,0.762092769950278,0.7538077668824325,0.22703304279002426,2.876313755884879,0.13204121757806597
HANCOCK,101,natural_modality_missingness,missing,B6,36,1.0,36.0,13.0,35.322109783686,0.10015230510572033,0.5782608695652174,0.5879724480446609,0.5864689536038613,0.12534134553453394,1.511569464267504,0.1387534861959329
HANCOCK,101,natural_modality_missingness,missing,B7_full_equal_weight_90,36,0.9722222222222222,35.0,12.0,34.32210978368601,0.11331306005555106,0.6256410256410256,0.6047241072399374,0.5963330214484392,0.13179094049606985,0.5873143863516158,0.11773727239256705
TCGA-HNSC,17,sex,female,B2,28,1.0,28.0,15.0,31.10053154352763,0.28019741782291446,0.5636704119850188,0.5386693203403566,0.5121921211552287,0.3189332715265128,0.14923933069859477,0.35138290540553446
TCGA-HNSC,17,sex,female,B6,28,1.0,28.0,15.0,31.10053154352763,0.2666987323083979,0.6179775280898876,0.6386583850181533,0.6624778488103108,0.4089609585081928,0.9330390208655245,0.35643481187951503
TCGA-HNSC,17,sex,female,B7_full_equal_weight_90,28,0.8928571428571429,25.0,13.0,27.54957277513164,0.2608054138283414,0.6078431372549019,0.6356752738479817,0.6393437405169343,0.27451140961641646,0.810531232006647,0.36538795361671866
TCGA-HNSC,17,sex,male,B2,76,1.0,76.0,29.0,76.27294437773467,0.22824786283162588,0.4258832565284178,0.4033324513685552,0.3876259432409915,-0.04139661186275312,-1.6132434894437913,0.32625159398625286
TCGA-HNSC,17,sex,male,B6,76,1.0,76.0,29.0,76.27294437773467,0.23338536410272634,0.630568356374808,0.6144447707130458,0.5939273509430545,-0.27018294076864763,0.3529501772832123,0.3614896133950253
TCGA-HNSC,17,sex,male,B7_full_equal_weight_90,76,0.9078947368421053,69.0,28.0,69.09906185839151,0.21991371891976894,0.6280918727915195,0.6250594405717484,0.6105256048317108,-0.10162592082511984,0.646588974743679,0.342651927314288
TCGA-HNSC,17,age_group,<65,B2,70,1.0,70.0,29.0,71.13135777295565,0.24576875842580295,0.4463434022257552,0.43960117265066634,0.44850180604019135,0.31703192150429377,-0.6936206706618858,0.3034249127018954
TCGA-HNSC,17,age_group,<65,B6,70,1.0,70.0,29.0,71.13135777295565,0.23285806244080623,0.615262321144674,0.6175400657110459,0.6445501585290965,0.13748730098269027,0.6284222133115626,0.34521355415541205
TCGA-HNSC,17,age_group,<65,B7_full_equal_weight_90,70,0.9714285714285714,68.0,28.0,68.41601256682684,0.220047228565535,0.6157130657557643,0.6247454749142172,0.6671362692182599,0.1860159357198426,1.10675347908972,0.33123483785835495
TCGA-HNSC,17,age_group,>=65,B2,34,1.0,34.0,15.0,36.242118148306645,0.23495741718938146,0.5128617363344051,0.4943384223409019,0.45464478773151773,-0.4137965939646505,0.18968413392840605,0.39394407662286773
TCGA-HNSC,17,age_group,>=65,B6,34,1.0,34.0,15.0,36.242118148306645,0.26190552369370296,0.6334405144694534,0.6200048528757567,0.5736711714488777,-0.46307427607373025,0.19753404897418048,0.39083636940498534
TCGA-HNSC,17,age_group,>=65,B7_full_equal_weight_90,34,0.7647058823529411,26.0,13.0,28.23262206669631,0.2588834772583159,0.6111111111111112,0.6236237745560187,0.5397453195260024,-0.4307041178199144,0.24933473130197623,0.39437357118214245
TCGA-HNSC,17,site_group,other,B2,100,1.0,100.0,43.0,103.31076306579664,0.24342066440002907,0.48938992042440316,0.45925158333665544,0.43923232141726865,0.08560060328663208,-0.6025670357101363,0.3327363208847661
TCGA-HNSC,17,site_group,other,B6,100,1.0,100.0,43.0,103.31076306579664,0.24987624617923895,0.6066691928760894,0.6010244285331666,0.5887884321600072,-0.03603471581801203,0.3183545696841146,0.35740080923495204
TCGA-HNSC,17,site_group,other,B7_full_equal_weight_90,100,0.91,91.0,40.0,94.07210088246227,0.23200554399861859,0.6191556967771221,0.6255865507368273,0.6118257831489066,-0.007144466462691611,0.6668287993243819,0.34892557648833783
TCGA-HNSC,17,stage_group,advanced,B2,83,1.0,83.0,40.0,84.79419983547395,0.2583763561517533,0.49924357034795763,0.4685052582803587,0.4355847801854633,0.30097300933406834,-0.7394469418279296,0.33209386464622886
TCGA-HNSC,17,stage_group,advanced,B6,83,1.0,83.0,40.0,84.79419983547395,0.26102596684651347,0.6086737266767523,0.6050486064891051,0.5951864209183195,0.16185372897910988,0.3130600478854854,0.3696237630705007
TCGA-HNSC,17,stage_group,advanced,B7_full_equal_weight_90,83,0.9397590361445783,78.0,37.0,80.01407496535391,0.24132057695633904,0.6214160327677004,0.6279360623984312,0.6246560745805794,0.1673989624349082,0.6391562977720594,0.3480443884379384
TCGA-HNSC,17,hpv_group,unknown,B2,104,1.0,104.0,44.0,107.37347592126233,0.24223428148312662,0.48977433004231313,0.4610972889812611,0.43680216979269626,0.06823441320275524,-0.6438354328494704,0.3330177162914441
TCGA-HNSC,17,hpv_group,unknown,B6,104,1.0,104.0,44.0,107.37347592126233,0.24235434785040713,0.6198871650211566,0.6149418991711367,0.6130950861038087,-0.05912935508512435,0.4285164262482551,0.3601287052946956
TCGA-HNSC,17,hpv_group,unknown,B7_full_equal_weight_90,104,0.9038461538461539,94.0,41.0,96.64863463352317,0.2307891696933254,0.6165957446808511,0.6222350757238393,0.6176442249145342,0.00847056046806432,0.6830602261679343,0.34869874282025365
TCGA-HNSC,17,natural_modality_missingness,complete,B2,104,1.0,104.0,44.0,107.37347592126233,0.24223428148312662,0.48977433004231313,0.4610972889812611,0.43680216979269626,0.06823441320275524,-0.6438354328494704,0.3330177162914441
TCGA-HNSC,17,natural_modality_missingness,complete,B6,104,1.0,104.0,44.0,107.37347592126233,0.24235434785040713,0.6198871650211566,0.6149418991711367,0.6130950861038087,-0.05912935508512435,0.4285164262482551,0.3601287052946956
TCGA-HNSC,17,natural_modality_missingness,complete,B7_full_equal_weight_90,104,0.9038461538461539,94.0,41.0,96.64863463352317,0.2307891696933254,0.6165957446808511,0.6222350757238393,0.6176442249145342,0.00847056046806432,0.6830602261679343,0.34869874282025365
TCGA-HNSC,29,sex,female,B2,28,1.0,28.0,15.0,31.10053154352763,0.28019741782291446,0.5636704119850188,0.5386693203403566,0.5121921211552287,0.3189332715265128,0.14923933069859477,0.35138290540553446
TCGA-HNSC,29,sex,female,B6,28,1.0,28.0,15.0,31.10053154352763,0.2656106631647471,0.6104868913857678,0.6301493654981943,0.6628491209581567,0.4249613501465285,0.9987946612679872,0.35370284896830856
TCGA-HNSC,29,sex,female,B7_full_equal_weight_90,28,0.8928571428571429,25.0,12.0,27.44820127554747,0.2548737509873015,0.6410256410256411,0.6414739727205772,0.6659136691680889,0.38575391167698275,1.124353046127779,0.3409696316187742
TCGA-HNSC,29,sex,male,B2,76,1.0,76.0,29.0,76.27294437773467,0.22824786283162588,0.4258832565284178,0.4033324513685552,0.3876259432409915,-0.04139661186275312,-1.6132434894437913,0.32625159398625286
TCGA-HNSC,29,sex,male,B6,76,1.0,76.0,29.0,76.27294437773467,0.2353153534545205,0.6351766513056836,0.6189478393672866,0.5938125795346176,-0.2708595186534216,0.32983681871315496,0.3608032071391292
TCGA-HNSC,29,sex,male,B7_full_equal_weight_90,76,0.9078947368421053,69.0,28.0,67.61288275398674,0.23379381055042148,0.6042972247090421,0.5973730617832199,0.5593817026081375,-0.14645022317329467,0.29348128112910477,0.3543491853308726
TCGA-HNSC,29,age_group,<65,B2,70,1.0,70.0,29.0,71.13135777295565,0.24576875842580295,0.4463434022257552,0.43960117265066634,0.44850180604019135,0.31703192150429377,-0.6936206706618858,0.3034249127018954
TCGA-HNSC,29,age_group,<65,B6,70,1.0,70.0,29.0,71.13135777295565,0.23321010711477816,0.6112877583465819,0.6136837689185348,0.6375038714326714,0.15149164111669972,0.6197874202081263,0.34362720968949717
TCGA-HNSC,29,age_group,<65,B7_full_equal_weight_90,70,0.9428571428571428,66.0,27.0,65.79468264250852,0.22057576261064016,0.6053357865685373,0.6158993941587814,0.6409668279970971,0.18322324655288774,1.0023239618692206,0.3287382602957974
TCGA-HNSC,29,age_group,>=65,B2,34,1.0,34.0,15.0,36.242118148306645,0.23495741718938146,0.5128617363344051,0.4943384223409019,0.45464478773151773,-0.4137965939646505,0.18968413392840605,0.39394407662286773
TCGA-HNSC,29,age_group,>=65,B6,34,1.0,34.0,15.0,36.242118148306645,0.26459876273888266,0.639871382636656,0.629012603676849,0.5778691084163906,-0.4756095937198353,0.17755136024362436,0.39031820104181375
TCGA-HNSC,29,age_group,>=65,B7_full_equal_weight_90,34,0.8235294117647058,28.0,13.0,29.26640138702569,0.2837720132271205,0.6036866359447005,0.5767399517938075,0.48972110257580437,-0.38659553108044403,-0.10913779322543936,0.40277176424203376
TCGA-HNSC,29,site_group,other,B2,100,1.0,100.0,43.0,103.31076306579664,0.24342066440002907,0.48938992042440316,0.45925158333665544,0.43923232141726865,0.08560060328663208,-0.6025670357101363,0.3327363208847661
TCGA-HNSC,29,site_group,other,B6,100,1.0,100.0,43.0,103.31076306579664,0.25099030355796953,0.6097006441834028,0.604195662270403,0.5880332242481565,-0.029317261139929687,0.302472398689958,0.3558255557265011
TCGA-HNSC,29,site_group,other,B7_full_equal_weight_90,100,0.9,90.0,39.0,90.99837117406852,0.24272514088090297,0.6050895381715363,0.5992103680298391,0.5672702779176587,0.012728130863860435,0.37533141343526844,0.35233270525520416
TCGA-HNSC,29,stage_group,advanced,B2,83,1.0,83.0,40.0,84.79419983547395,0.2583763561517533,0.49924357034795763,0.4685052582803587,0.4355847801854633,0.30097300933406834,-0.7394469418279296,0.33209386464622886
TCGA-HNSC,29,stage_group,advanced,B6,83,1.0,83.0,40.0,84.79419983547395,0.26274795683644153,0.6086737266767523,0.6056523181040725,0.5912783363102331,0.16760362276265697,0.2939254381124919,0.3681335291054191
TCGA-HNSC,29,stage_group,advanced,B7_full_equal_weight_90,83,0.927710843373494,77.0,36.0,76.94034525696019,0.24970677598900465,0.6039119804400978,0.5990160823122999,0.5774869729312392,0.21205551623288885,0.39946067635997645,0.3497626708180616
TCGA-HNSC,29,hpv_group,unknown,B2,104,1.0,104.0,44.0,107.37347592126233,0.24223428148312662,0.48977433004231313,0.4610972889812611,0.43680216979269626,0.06823441320275524,-0.6438354328494704,0.3330177162914441
TCGA-HNSC,29,hpv_group,unknown,B6,104,1.0,104.0,44.0,107.37347592126233,0.2434717829918892,0.6216502115655853,0.6167296371029404,0.611700582811197,-0.053579288100897085,0.41031667412558565,0.35889157224698526
TCGA-HNSC,29,hpv_group,unknown,B7_full_equal_weight_90,104,0.9038461538461539,94.0,40.0,95.0610840295342,0.23940017768788954,0.6065217391304348,0.6008898641382016,0.5839990840475106,0.011163095364417472,0.42186759909889265,0.3507907933861657
TCGA-HNSC,29,natural_modality_missingness,complete,B2,104,1.0,104.0,44.0,107.37347592126233,0.24223428148312662,0.48977433004231313,0.4610972889812611,0.43680216979269626,0.06823441320275524,-0.6438354328494704,0.3330177162914441
TCGA-HNSC,29,natural_modality_missingness,complete,B6,104,1.0,104.0,44.0,107.37347592126233,0.2434717829918892,0.6216502115655853,0.6167296371029404,0.611700582811197,-0.053579288100897085,0.41031667412558565,0.35889157224698526
TCGA-HNSC,29,natural_modality_missingness,complete,B7_full_equal_weight_90,104,0.9038461538461539,94.0,40.0,95.0610840295342,0.23940017768788954,0.6065217391304348,0.6008898641382016,0.5839990840475106,0.011163095364417472,0.42186759909889265,0.3507907933861657
TCGA-HNSC,43,sex,female,B2,28,1.0,28.0,15.0,31.10053154352763,0.28019741782291446,0.5636704119850188,0.5386693203403566,0.5121921211552287,0.3189332715265128,0.14923933069859477,0.35138290540553446
TCGA-HNSC,43,sex,female,B6,28,1.0,28.0,15.0,31.10053154352763,0.2630538086316822,0.6367041198501873,0.6614881466289197,0.6910230238541522,0.416665901260632,1.0568702811948336,0.35495890741728303
TCGA-HNSC,43,sex,female,B7_full_equal_weight_90,28,0.8571428571428571,24.0,11.0,26.41442195521809,0.2549534170677796,0.6395348837209303,0.6429232977001105,0.6306229596250714,0.18787858010797157,0.7447602933124818,0.3565469790174169
TCGA-HNSC,43,sex,male,B2,76,1.0,76.0,29.0,76.27294437773467,0.22824786283162588,0.4258832565284178,0.4033324513685552,0.3876259432409915,-0.04139661186275312,-1.6132434894437913,0.32625159398625286
TCGA-HNSC,43,sex,male,B6,76,1.0,76.0,29.0,76.27294437773467,0.23811475096142964,0.6221198156682027,0.604421931980943,0.5849279598332766,-0.2709936185226561,0.3009946738719887,0.360821434214886
TCGA-HNSC,43,sex,male,B7_full_equal_weight_90,76,0.9210526315789473,70.0,27.0,70.5852409627963,0.21980190940340352,0.6379769299023957,0.6249597375682464,0.6283728951638037,-0.0897817295695461,0.6284558462524347,0.3383948231718958
TCGA-HNSC,43,age_group,<65,B2,70,1.0,70.0,29.0,71.13135777295565,0.24576875842580295,0.4463434022257552,0.43960117265066634,0.44850180604019135,0.31703192150429377,-0.6936206706618858,0.3034249127018954
TCGA-HNSC,43,age_group,<65,B6,70,1.0,70.0,29.0,71.13135777295565,0.23395699173050072,0.6144674085850557,0.6170717907611122,0.6451185056543436,0.17402308671685926,0.6213387819742319,0.33853998843659944
TCGA-HNSC,43,age_group,<65,B7_full_equal_weight_90,70,0.9428571428571428,66.0,26.0,65.79468264250852,0.213537573553226,0.6240601503759399,0.6328259702668946,0.696042121979028,0.26353874530763904,1.2660821251943977,0.3193507698400757
TCGA-HNSC,43,age_group,>=65,B2,34,1.0,34.0,15.0,36.242118148306645,0.23495741718938146,0.5128617363344051,0.4943384223409019,0.45464478773151773,-0.4137965939646505,0.18968413392840605,0.39394407662286773
TCGA-HNSC,43,age_group,>=65,B6,34,1.0,34.0,15.0,36.242118148306645,0.26721289098884443,0.6237942122186495,0.6066958209286052,0.5603375140131653,-0.522964355830096,0.1699662607052778,0.40186703580745015
TCGA-HNSC,43,age_group,>=65,B7_full_equal_weight_90,34,0.8235294117647058,28.0,12.0,31.204980275505875,0.2646977076197156,0.6650485436893204,0.6177313246462953,0.5415785916829676,-0.6152810664063829,0.27027771372274517,0.3988433681787757
TCGA-HNSC,43,site_group,other,B2,100,1.0,100.0,43.0,103.31076306579664,0.24342066440002907,0.48938992042440316,0.45925158333665544,0.43923232141726865,0.08560060328663208,-0.6025670357101363,0.3327363208847661
TCGA-HNSC,43,site_group,other,B6,100,1.0,100.0,43.0,103.31076306579664,0.25226985054651807,0.6085638499431603,0.6016471616635508,0.592597882256695,-0.03014795277565054,0.29539431224937623,0.3562149931543404
TCGA-HNSC,43,site_group,other,B7_full_equal_weight_90,100,0.91,91.0,37.0,94.42312916695349,0.22981367563787441,0.6379807692307692,0.6285543958803129,0.6265489707726162,-0.02691396748168802,0.6395251991912436,0.3430146111651248
TCGA-HNSC,43,stage_group,advanced,B2,83,1.0,83.0,40.0,84.79419983547395,0.2583763561517533,0.49924357034795763,0.4685052582803587,0.4355847801854633,0.30097300933406834,-0.7394469418279296,0.33209386464622886
TCGA-HNSC,43,stage_group,advanced,B6,83,1.0,83.0,40.0,84.79419983547395,0.2647989344605583,0.6061522945032779,0.6005687272089205,0.592377627155296,0.1646137167612607,0.2792657587715867,0.36856934403217617
TCGA-HNSC,43,stage_group,advanced,B7_full_equal_weight_90,83,0.891566265060241,74.0,34.0,74.42038683222603,0.25081048315795734,0.6104417670682731,0.6001749754159561,0.5902627383418039,0.21014780205181827,0.42321280948660783,0.35149112133552407
TCGA-HNSC,43,hpv_group,unknown,B2,104,1.0,104.0,44.0,107.37347592126233,0.24223428148312662,0.48977433004231313,0.4610972889812611,0.43680216979269626,0.06823441320275524,-0.6438354328494704,0.3330177162914441
TCGA-HNSC,43,hpv_group,unknown,B6,104,1.0,104.0,44.0,107.37347592126233,0.24482911264188226,0.6198871650211566,0.6136896134689341,0.6138409362630457,-0.05580096596773607,0.3980767082318032,0.35924306161553143
TCGA-HNSC,43,hpv_group,unknown,B7_full_equal_weight_90,104,0.9038461538461539,94.0,38.0,96.99966291801438,0.22877676242409525,0.6323595505617977,0.6230288600643165,0.6291415791172001,-0.011203524993646075,0.6512764373022242,0.343029416153731
TCGA-HNSC,43,natural_modality_missingness,complete,B2,104,1.0,104.0,44.0,107.37347592126233,0.24223428148312662,0.48977433004231313,0.4610972889812611,0.43680216979269626,0.06823441320275524,-0.6438354328494704,0.3330177162914441
TCGA-HNSC,43,natural_modality_missingness,complete,B6,104,1.0,104.0,44.0,107.37347592126233,0.24482911264188226,0.6198871650211566,0.6136896134689341,0.6138409362630457,-0.05580096596773607,0.3980767082318032,0.35924306161553143
TCGA-HNSC,43,natural_modality_missingness,complete,B7_full_equal_weight_90,104,0.9038461538461539,94.0,38.0,96.99966291801438,0.22877676242409525,0.6323595505617977,0.6230288600643165,0.6291415791172001,-0.011203524993646075,0.6512764373022242,0.343029416153731
TCGA-HNSC,71,sex,female,B2,28,1.0,28.0,15.0,31.10053154352763,0.28019741782291446,0.5636704119850188,0.5386693203403566,0.5121921211552287,0.3189332715265128,0.14923933069859477,0.35138290540553446
TCGA-HNSC,71,sex,female,B6,28,1.0,28.0,15.0,31.10053154352763,0.2621882588940238,0.6254681647940075,0.6422371107719282,0.678050007034276,0.4242181553477381,1.089182280885909,0.35325644224278163
TCGA-HNSC,71,sex,female,B7_full_equal_weight_90,28,0.8214285714285714,23.0,11.0,25.37783345195303,0.23922848740884922,0.610062893081761,0.6407466134110443,0.6650156797939409,0.12900236830575612,0.9722138808623778,0.34704605427980717
TCGA-HNSC,71,sex,male,B2,76,1.0,76.0,29.0,76.27294437773467,0.22824786283162588,0.4258832565284178,0.4033324513685552,0.3876259432409915,-0.04139661186275312,-1.6132434894437913,0.32625159398625286
TCGA-HNSC,71,sex,male,B6,76,1.0,76.0,29.0,76.27294437773467,0.23767707934786328,0.6259600614439325,0.6091367866925934,0.5864550011957277,-0.2770683595959633,0.3111557133508273,0.36167028988819616
TCGA-HNSC,71,sex,male,B7_full_equal_weight_90,76,0.9342105263157895,71.0,28.0,72.07142006720106,0.22754263199534228,0.629156010230179,0.616420361004089,0.5903823041854096,-0.23294371294705962,0.4907527576771508,0.35252958583064525
TCGA-HNSC,71,age_group,<65,B2,70,1.0,70.0,29.0,71.13135777295565,0.24576875842580295,0.4463434022257552,0.43960117265066634,0.44850180604019135,0.31703192150429377,-0.6936206706618858,0.3034249127018954
TCGA-HNSC,71,age_group,<65,B6,70,1.0,70.0,29.0,71.13135777295565,0.23307927823861552,0.6168521462639109,0.6206265550221496,0.6456337559943729,0.17251521095915812,0.6413738758368855,0.3379709281815088
TCGA-HNSC,71,age_group,<65,B7_full_equal_weight_90,70,0.9714285714285714,68.0,27.0,68.76704085131807,0.21417297352103523,0.6257722859664607,0.6323209099495113,0.6499201093996687,0.117375995963826,0.9987844124813058,0.32582746444414484
TCGA-HNSC,71,age_group,>=65,B2,34,1.0,34.0,15.0,36.242118148306645,0.23495741718938146,0.5128617363344051,0.4943384223409019,0.45464478773151773,-0.4137965939646505,0.18968413392840605,0.39394407662286773
TCGA-HNSC,71,age_group,>=65,B6,34,1.0,34.0,15.0,36.242118148306645,0.2673288177284468,0.6270096463022508,0.6118225484281736,0.5670757812860716,-0.5268208423359689,0.17122180252902874,0.4035340423998579
TCGA-HNSC,71,age_group,>=65,B7_full_equal_weight_90,34,0.7647058823529411,26.0,12.0,28.682212667836037,0.27284691856317056,0.6111111111111112,0.6033084642073069,0.5417751709154166,-0.7596738932265034,0.1425797159646758,0.41751508693113554
TCGA-HNSC,71,site_group,other,B2,100,1.0,100.0,43.0,103.31076306579664,0.24342066440002907,0.48938992042440316,0.45925158333665544,0.43923232141726865,0.08560060328663208,-0.6025670357101363,0.3327363208847661
TCGA-HNSC,71,site_group,other,B6,100,1.0,100.0,43.0,103.31076306579664,0.25169401654373963,0.6078059871163319,0.6000836842220189,0.5873896166851867,-0.03225422297283572,0.306763103028474,0.35620931672013734
TCGA-HNSC,71,site_group,other,B7_full_equal_weight_90,100,0.9,90.0,38.0,93.38654066368844,0.23802727174418353,0.6071774975751697,0.6031549938707829,0.5814815788234798,-0.11031263429195909,0.4333495452159339,0.3472718788902703
TCGA-HNSC,71,stage_group,advanced,B2,83,1.0,83.0,40.0,84.79419983547395,0.2583763561517533,0.49924357034795763,0.4685052582803587,0.4355847801854633,0.30097300933406834,-0.7394469418279296,0.33209386464622886
TCGA-HNSC,71,stage_group,advanced,B6,83,1.0,83.0,40.0,84.79419983547395,0.2637556961134546,0.6096822995461422,0.6036194546761676,0.5896232340306052,0.15836418049645168,0.2923648133882278,0.36938158280299116
TCGA-HNSC,71,stage_group,advanced,B7_full_equal_weight_90,83,0.9397590361445783,78.0,35.0,79.32851474658008,0.23426407337036273,0.628428927680798,0.6274557875121617,0.6144886474655783,0.0373219617591617,0.5743161386431815,0.34947219054779893
TCGA-HNSC,71,hpv_group,unknown,B2,104,1.0,104.0,44.0,107.37347592126233,0.24223428148312662,0.48977433004231313,0.4610972889812611,0.43680216979269626,0.06823441320275524,-0.6438354328494704,0.3330177162914441
TCGA-HNSC,71,hpv_group,unknown,B6,104,1.0,104.0,44.0,107.37347592126233,0.24427624307182963,0.6198871650211566,0.6130554432625903,0.6096180742253295,-0.05815265456439849,0.40920515775458993,0.3594050232144307
TCGA-HNSC,71,hpv_group,unknown,B7_full_equal_weight_90,104,0.9038461538461539,94.0,39.0,97.44925351915411,0.23040193704332798,0.621307072515667,0.6180764565951274,0.6073251832749175,-0.13618664600160788,0.5600377164260675,0.3511878706639508
TCGA-HNSC,71,natural_modality_missingness,complete,B2,104,1.0,104.0,44.0,107.37347592126233,0.24223428148312662,0.48977433004231313,0.4610972889812611,0.43680216979269626,0.06823441320275524,-0.6438354328494704,0.3330177162914441
TCGA-HNSC,71,natural_modality_missingness,complete,B6,104,1.0,104.0,44.0,107.37347592126233,0.24427624307182963,0.6198871650211566,0.6130554432625903,0.6096180742253295,-0.05815265456439849,0.40920515775458993,0.3594050232144307
TCGA-HNSC,71,natural_modality_missingness,complete,B7_full_equal_weight_90,104,0.9038461538461539,94.0,39.0,97.44925351915411,0.23040193704332798,0.621307072515667,0.6180764565951274,0.6073251832749175,-0.13618664600160788,0.5600377164260675,0.3511878706639508
TCGA-HNSC,101,sex,female,B2,28,1.0,28.0,15.0,31.10053154352763,0.28019741782291446,0.5636704119850188,0.5386693203403566,0.5121921211552287,0.3189332715265128,0.14923933069859477,0.35138290540553446
TCGA-HNSC,101,sex,female,B6,28,1.0,28.0,15.0,31.10053154352763,0.26253103106530495,0.6179775280898876,0.6335419093843926,0.6694239409900925,0.42481139147936553,1.0997727185235628,0.35220686747575186
TCGA-HNSC,101,sex,female,B7_full_equal_weight_90,28,0.8571428571428571,24.0,12.0,26.192854382061576,0.23651285866228253,0.6373626373626373,0.6594165468355697,0.6912618051277853,0.28630174596568114,1.2789564966230014,0.3255746878974816
TCGA-HNSC,101,sex,male,B2,76,1.0,76.0,29.0,76.27294437773467,0.22824786283162588,0.4258832565284178,0.4033324513685552,0.3876259432409915,-0.04139661186275312,-1.6132434894437913,0.32625159398625286
TCGA-HNSC,101,sex,male,B6,76,1.0,76.0,29.0,76.27294437773467,0.23970932929225908,0.6298003072196621,0.611809671012213,0.5887230289445758,-0.2664905171929184,0.2826463852685775,0.35905657106538785
TCGA-HNSC,101,sex,male,B7_full_equal_weight_90,76,0.9210526315789473,70.0,27.0,68.84204885571076,0.23099845097516974,0.6269982238010657,0.6175888271184146,0.5996300780073079,0.02376771387685862,0.44022863038091703,0.3430927339865955
TCGA-HNSC,101,age_group,<65,B2,70,1.0,70.0,29.0,71.13135777295565,0.24576875842580295,0.4463434022257552,0.43960117265066634,0.44850180604019135,0.31703192150429377,-0.6936206706618858,0.3034249127018954
TCGA-HNSC,101,age_group,<65,B6,70,1.0,70.0,29.0,71.13135777295565,0.23535353833696152,0.6057233704292527,0.6069890741658617,0.6306108550234022,0.19443213140543478,0.6086359731049887,0.33348821293839165
TCGA-HNSC,101,age_group,<65,B7_full_equal_weight_90,70,0.9571428571428572,67.0,27.0,67.02384874423255,0.2193654542493331,0.6352313167259787,0.6378689880243761,0.6653295153280493,0.3191014059052328,1.0851840664370345,0.31245254720063825
TCGA-HNSC,101,age_group,>=65,B2,34,1.0,34.0,15.0,36.242118148306645,0.23495741718938146,0.5128617363344051,0.4943384223409019,0.45464478773151773,-0.4137965939646505,0.18968413392840605,0.39394407662286773
TCGA-HNSC,101,age_group,>=65,B6,34,1.0,34.0,15.0,36.242118148306645,0.2674714768368507,0.6430868167202572,0.6291655746792129,0.5778691084163906,-0.5445586600561695,0.18252144926713387,0.40605637601773825
TCGA-HNSC,101,age_group,>=65,B7_full_equal_weight_90,34,0.7941176470588235,27.0,12.0,28.011054493539795,0.26476721264634606,0.5751295336787565,0.5699407754209525,0.5297217423823539,-0.4483864854617123,0.040606384058117305,0.40355419356142513
TCGA-HNSC,101,site_group,other,B2,100,1.0,100.0,43.0,103.31076306579664,0.24342066440002907,0.48938992042440316,0.45925158333665544,0.43923232141726865,0.08560060328663208,-0.6025670357101363,0.3327363208847661
TCGA-HNSC,101,site_group,other,B6,100,1.0,100.0,43.0,103.31076306579664,0.25332509914894685,0.6066691928760894,0.5972644025268455,0.5829803213444106,-0.024521469901944187,0.28030761527004905,0.35429004152178023
TCGA-HNSC,101,site_group,other,B7_full_equal_weight_90,100,0.91,91.0,38.0,92.45836948671145,0.238310328815919,0.6138613861386139,0.6125272922036664,0.6064270502503292,0.1117689484947869,0.4808611970829222,0.33336033511538865
TCGA-HNSC,101,stage_group,advanced,B2,83,1.0,83.0,40.0,84.79419983547395,0.2583763561517533,0.49924357034795763,0.4685052582803587,0.4355847801854633,0.30097300933406834,-0.7394469418279296,0.33209386464622886
TCGA-HNSC,101,stage_group,advanced,B6,83,1.0,83.0,40.0,84.79419983547395,0.26617600122592017,0.6046394351991932,0.5965186125425985,0.5822094151630812,0.16762375616923877,0.2640762161678007,0.36703112050698417
TCGA-HNSC,101,stage_group,advanced,B7_full_equal_weight_90,83,0.9036144578313253,75.0,35.0,73.94180625638876,0.2523831682485669,0.6117192530585963,0.6107700137246168,0.6010615920660118,0.3318216576714753,0.41559860952216754,0.3444752044121678
TCGA-HNSC,101,hpv_group,unknown,B2,104,1.0,104.0,44.0,107.37347592126233,0.24223428148312662,0.48977433004231313,0.4610972889812611,0.43680216979269626,0.06823441320275524,-0.6438354328494704,0.3330177162914441
TCGA-HNSC,101,hpv_group,unknown,B6,104,1.0,104.0,44.0,107.37347592126233,0.2458536336157714,0.6181241184767278,0.6096197061838031,0.6055399026079339,-0.049503921435333456,0.3833386892449594,0.3572124200989473
TCGA-HNSC,101,hpv_group,unknown,B7_full_equal_weight_90,104,0.9038461538461539,94.0,39.0,95.03490323777235,0.23240638485273044,0.6210851345390384,0.6195630322371142,0.6213862132282931,0.09803049564662829,0.5732111084396572,0.3386200413680983
TCGA-HNSC,101,natural_modality_missingness,complete,B2,104,1.0,104.0,44.0,107.37347592126233,0.24223428148312662,0.48977433004231313,0.4610972889812611,0.43680216979269626,0.06823441320275524,-0.6438354328494704,0.3330177162914441
TCGA-HNSC,101,natural_modality_missingness,complete,B6,104,1.0,104.0,44.0,107.37347592126233,0.2458536336157714,0.6181241184767278,0.6096197061838031,0.6055399026079339,-0.049503921435333456,0.3833386892449594,0.3572124200989473
TCGA-HNSC,101,natural_modality_missingness,complete,B7_full_equal_weight_90,104,0.9038461538461539,94.0,39.0,95.03490323777235,0.23240638485273044,0.6210851345390384,0.6195630322371142,0.6213862132282931,0.09803049564662829,0.5732111084396572,0.3386200413680983
